code,total_area,surface_area,bom_total_cost,bom_source
BS-SI-16103,3.89,4.55,3749.00,"Paint Epoxy Primer 418.38 Gram, Epoxy Thinner 88.39 Gram, Epoxy Hardner 82.5 Gram, Paint Mixing 134.47 Gram, Paint Matt agent(Matt) 67.24 Gram, Paint Harnder 67.24 Gram, Paint Thinner 54.43 Gram, Paint Mixing 0 Gram, Paint Binder(Gloss) 0 Gram, Paint Harnder 0 Gram, Paint Thinner 0 Gram, Paint Miscellaneous cost 1 | Total: 3,749.00"
BS-ET-16188,7.13,5.8,8423.00,"Paint Epoxy Primer 940.06 Gram, Epoxy Thinner 198.6 Gram, Epoxy Hardner 185.36 Gram, Paint Mixing 302.15 Gram, Paint Matt agent(Matt) 151.07 Gram, Paint Harnder 151.07 Gram, Paint Thinner 122.3 Gram, Paint Mixing 0 Gram, Paint Binder(Gloss) 0 Gram, Paint Harnder 0 Gram, Paint Thinner 0 Gram, Paint Miscellaneous cost 1 | Total: 8,423.00"
BS-US-2501 B,92.66,10.05,23197.94,"Paint Epoxy Primer 2444.91 Gram, Epoxy Thinner 516.53 Gram, Epoxy Hardner 482.1 Gram, Paint Mixing 0 Gram, Paint Matt agent(Matt) 0 Gram, Paint Harnder 0 Gram, Paint Thinner 0 Gram, Paint Mixing 841.96 Gram, Paint Matt agent(Matt) 261.94 Gram, Paint Binder(Gloss) 168.39 Gram, Paint Harnder 430.34 Gram, Paint Thinner 168.39 Gram, Paint Mixing 0 Gram, Paint Binder(Gloss) 0 Gram, Paint Harnder 0 Gram, Paint Thinner 0 Gram, Paint Miscellaneous cost 1 | Total: 23,197.94"
BS-US-2501 A,62.13,10.05,18489.98,"Paint Epoxy Primer 1948.72 Gram, Epoxy Thinner 411.7 Gram, Epoxy Hardner 384.26 Gram, Paint Mixing 0 Gram, Paint Matt agent(Matt) 0 Gram, Paint Harnder 0 Gram, Paint Thinner 0 Gram, Paint Mixing 671.09 Gram, Paint Matt agent(Matt) 208.78 Gram, Paint Binder(Gloss) 134.22 Gram, Paint Harnder 343 Gram, Paint Thinner 134.22 Gram, Paint Mixing 0 Gram, Paint Binder(Gloss) 0 Gram, Paint Harnder 0 Gram, Paint Thinner 0 Gram, Paint Miscellaneous cost 1 | Total: 18,489.98"
BS-ET-15735,22.68,26.36,21730.00,"Epoxy Primer 2425.36 Gram, Epoxy Thinner 512.40 Gram, Epoxy Hardner 478.24 Gram, Paint Mixing 779.55 Gram, Paint Matt agent(Matt) 389.77 Gram, Paint Harnder 389.77 Gram, Paint Thinner 315.53 Gram, Paint Mixing, Paint Binder(Gloss), Paint Harnder, Paint Thinner, Paint Miscellaneous cost 1.00 | Total: 21,730.00"
BS-S.inc-16226,14.58,4.82,6307.00,"Paint Epoxy Primer 703.82 Gram, Epoxy Thinner 148.69 Gram, Epoxy Hardner 138.78 Gram, Paint Mixing 226.22 Gram, Paint Matt agent(Matt) 113.11 Gram, Paint Harnder 113.11 Gram, Paint Thinner 91.56 Gram, Paint Mixing 0 Gram, Paint Binder(Gloss) 0 Gram, Paint Harnder 0 Gram, Paint Thinner 0 Gram, Paint Miscellaneous cost 1 | Total: 6,307.00"
BS-US-2505 A,12.25,,28221.00,"Epoxy Primer 3149.76 Gram, Epoxy Thinner 665.44 Gram, Epoxy Hardner 621.08 Gram, Paint Mixing 1012.38 Gram, Paint Matt agent(Matt) 506.19 Gram, Paint Harnder 506.19 Gram, Paint Thinner 409.77 Gram, Paint Mixing, Paint Binder(Gloss), Paint Harnder, Paint Thinner, Paint Miscellaneous cost 1.00 | Total: 28,221.00"
BS-US-2493,20.59,2.84,1435.00,"Paint Epoxy Primer 151.41 Gram, Epoxy Thinner 31.99 Gram, Epoxy Hardner 29.85 Gram, Paint Mixing 0 Gram, Paint Matt agent(Matt) 0 Gram, Paint Harnder 0 Gram, Paint Thinner 0 Gram, Paint Mixing 52.14 Gram, Paint Matt agent(Matt) 16.22 Gram, Paint Binder(Gloss) 10.43 Gram, Paint Harnder 26.65 Gram, Paint Thinner 10.43 Gram, Paint Mixing 0 Gram, Paint Binder(Gloss) 0 Gram, Paint Harnder 0 Gram, Paint Thinner 0 Gram, Paint Miscellaneous cost 1 | Total: 1,435.00"
BS-ET-16171,18,15.81,8144.00,"Paint Epoxy Primer 909.01 Gram, Epoxy Thinner 192.04 Gram, Epoxy Hardner 179.24 Gram, Paint Mixing 292.17 Gram, Paint Matt agent(Matt) 146.08 Gram, Paint Harnder 146.08 Gram, Paint Thinner 118.26 Gram, Paint Mixing 0 Gram, Paint Binder(Gloss) 0 Gram, Paint Harnder 0 Gram, Paint Thinner 0 Gram, Paint Miscellaneous cost 1 | Total: 8,144.00"
BS-GL-0017,9.17,12.39,11942.00,"Paint Epoxy Primer 1332.94 Gram, Epoxy Thinner 281.61 Gram, Epoxy Hardner 262.83 Gram, Paint Mixing 428.43 Gram, Paint Matt agent(Matt) 214.21 Gram, Paint Harnder 214.21 Gram, Paint Thinner 173.41 Gram, Paint Mixing 0 Gram, Paint Binder(Gloss) 0 Gram, Paint Harnder 0 Gram, Paint Thinner 0 Gram, Paint Miscellaneous cost 1 | Total: 11,942.00"
BS-ET-16211,4.28,4.28,3389.00,"Paint Epoxy Primer 378.39 Gram, Epoxy Thinner 79.94 Gram, Epoxy Hardner 74.61 Gram, Paint Mixing 121.62 Gram, Paint Matt agent(Matt) 60.81 Gram, Paint Harnder 60.81 Gram, Paint Thinner 49.23 Gram, Paint Mixing 0 Gram, Paint Binder(Gloss) 0 Gram, Paint Harnder 0 Gram, Paint Thinner 0 Gram, Paint Miscellaneous cost 1 | Total: 3,389.00"
BS-ET-16169,4.25,0.89,1134.00,"Paint Epoxy Primer 126.49 Gram, Epoxy Thinner 26.72 Gram, Epoxy Hardner 24.94 Gram, Paint Mixing 40.66 Gram, Paint Matt agent(Matt) 20.33 Gram, Paint Harnder 20.33 Gram, Paint Thinner 16.46 Gram, Paint Mixing 0 Gram, Paint Binder(Gloss) 0 Gram, Paint Harnder 0 Gram, Paint Thinner 0 Gram, Paint Miscellaneous cost 1 | Total: 1,134.00"
BS-US-2489 A,3.21,0.95,1295.00,"Paint Epoxy Primer 136.46 Gram, Epoxy Thinner 28.83 Gram, Epoxy Hardner 26.91 Gram, Paint Mixing 0 Gram, Paint Matt agent(Matt) 0 Gram, Paint Harnder 0 Gram, Paint Thinner 0 Gram, Paint Mixing 46.99 Gram, Paint Matt agent(Matt) 14.62 Gram, Paint Binder(Gloss) 9.4 Gram, Paint Harnder 24.02 Gram, Paint Thinner 9.4 Gram, Paint Mixing 0 Gram, Paint Binder(Gloss) 0 Gram, Paint Harnder 0 Gram, Paint Thinner 0 Gram, Paint Miscellaneous cost 1 | Total: 1,295.00"
BS-US-2489 B,7.72,0.95,2230.00,"Paint Epoxy Primer 234.97 Gram, Epoxy Thinner 49.64 Gram, Epoxy Hardner 46.33 Gram, Paint Mixing 0 Gram, Paint Matt agent(Matt) 0 Gram, Paint Harnder 0 Gram, Paint Thinner 0 Gram, Paint Mixing 80.92 Gram, Paint Matt agent(Matt) 25.17 Gram, Paint Binder(Gloss) 16.18 Gram, Paint Harnder 41.36 Gram, Paint Thinner 16.18 Gram, Paint Mixing 0 Gram, Paint Binder(Gloss) 0 Gram, Paint Harnder 0 Gram, Paint Thinner 0 Gram, Paint Miscellaneous cost 1 | Total: 2,230.00"
BS-SI-16217-D,11.67,4.94,2550.00,"Paint Epoxy Primer 284.6 Gram, Epoxy Thinner 60.13 Gram, Epoxy Hardner 56.12 Gram, Paint Mixing 91.48 Gram, Paint Matt agent(Matt) 45.74 Gram, Paint Harnder 45.74 Gram, Paint Thinner 37.03 Gram, Paint Mixing 0 Gram, Paint Binder(Gloss) 0 Gram, Paint Harnder 0 Gram, Paint Thinner 0 Gram, Paint Miscellaneous cost 1 | Total: 2,550.00"
BS-SI-16217-B (Bulk),1.5,1.49,11518.59,"Paint Epoxy Primer 1285.61 Gram, Epoxy Thinner 271.61 Gram, Epoxy Hardner 253.5 Gram, Paint Mixing 413.21 Gram, Paint Matt agent(Matt) 206.61 Gram, Paint Harnder 206.61 Gram, Paint Thinner 167.25 Gram, Paint Mixing 0 Gram, Paint Binder(Gloss) 0 Gram, Paint Harnder 0 Gram, Paint Thinner 0 Gram, Paint Miscellaneous cost 1 | Total: 11,518.59"
BS-SI-16217-A,6,2.19,4739.00,"Paint Epoxy Primer 528.96 Gram, Epoxy Thinner 111.75 Gram, Epoxy Hardner 104.3 Gram, Paint Mixing 170.02 Gram, Paint Matt agent(Matt) 85.01 Gram, Paint Harnder 85.01 Gram, Paint Thinner 68.82 Gram, Paint Mixing 0 Gram, Paint Binder(Gloss) 0 Gram, Paint Harnder 0 Gram, Paint Thinner 0 Gram, Paint Miscellaneous cost 1 | Total: 4,739.00"
BS-S.C-16224,20.83,8.99,7049.00,"Paint Epoxy Primer 786.64 Gram, Epoxy Thinner 166.19 Gram, Epoxy Hardner 155.11 Gram, Paint Mixing 252.84 Gram, Paint Matt agent(Matt) 126.42 Gram, Paint Harnder 126.42 Gram, Paint Thinner 102.34 Gram, Paint Mixing 0 Gram, Paint Binder(Gloss) 0 Gram, Paint Harnder 0 Gram, Paint Thinner 0 Gram, Paint Miscellaneous cost 1 | Total: 7,049.00"
BS-US-2488,6.3,2.87,1907.00,"Paint Epoxy Primer 200.95 Gram, Epoxy Thinner 42.45 Gram, Epoxy Hardner 39.62 Gram, Paint Mixing 0 Gram, Paint Matt agent(Matt) 0 Gram, Paint Harnder 0 Gram, Paint Thinner 0 Gram, Paint Mixing 69.2 Gram, Paint Matt agent(Matt) 21.53 Gram, Paint Binder(Gloss) 13.84 Gram, Paint Harnder 35.37 Gram, Paint Thinner 13.84 Gram, Paint Mixing 0 Gram, Paint Binder(Gloss) 0 Gram, Paint Harnder 0 Gram, Paint Thinner 0 Gram, Paint Miscellaneous cost 1 | Total: 1,907.00"
BS-ET-16219,1.13,0.4,857.00,"Paint Epoxy Primer 95.73 Gram, Epoxy Thinner 20.22 Gram, Epoxy Hardner 18.88 Gram, Paint Mixing 30.77 Gram, Paint Matt agent(Matt) 15.38 Gram, Paint Harnder 15.38 Gram, Paint Thinner 12.45 Gram, Paint Mixing 0 Gram, Paint Binder(Gloss) 0 Gram, Paint Harnder 0 Gram, Paint Thinner 0 Gram, Paint Miscellaneous cost 1 | Total: 857.00"
BS-ET-16154,0.81,0.22,586.00,"Paint Epoxy Primer 58.79 Gram, Epoxy Thinner 11.58 Gram, Epoxy Hardner 17.82 Gram, Paint Mixing 20.62 Gram, Paint Matt agent(Matt) 11.33 Gram, Paint Harnder 10.16 Gram, Paint Thinner 5.81 Gram, Paint Mixing 0 Gram, Paint Binder(Gloss) 0 Gram, Paint Harnder 0 Gram, Paint Thinner 0 Gram, Paint Miscellaneous cost 1 | Total: 586.00"
BS-QS-14719,10,1.56,2228.00,"Paint Epoxy Primer 248.77 Gram, Epoxy Thinner 52.56 Gram, Epoxy Hardner 49.05 Gram, Paint Mixing 79.96 Gram, Paint Matt agent(Matt) 39.98 Gram, Paint Harnder 39.98 Gram, Paint Thinner 32.36 Gram, Paint Mixing 0 Gram, Paint Binder(Gloss) 0 Gram, Paint Harnder 0 Gram, Paint Thinner 0 Gram, Paint Miscellaneous cost 1 | Total: 2,228.00"
BS-US-500068,7.71,7.71,10530.00,"Paint Epoxy Primer 1109.96 Gram, Epoxy Thinner 234.5 Gram, Epoxy Hardner 218.86 Gram, Paint Mixing 0 Gram, Paint Matt agent(Matt) 0 Gram, Paint Harnder 0 Gram, Paint Thinner 0 Gram, Paint Mixing 382.24 Gram, Paint Matt agent(Matt) 118.92 Gram, Paint Binder(Gloss) 76.45 Gram, Paint Harnder 195.37 Gram, Paint Thinner 76.45 Gram, Paint Mixing 0 Gram, Paint Binder(Gloss) 0 Gram, Paint Harnder 0 Gram, Paint Thinner 0 Gram, Paint Miscellaneous cost 1 | Total: 10,530.00"
BS-ET-16234,1.17,1.33,,0
BS-ET-16241,1.22,0.27,850.00,"Paint Epoxy Primer 94.87 Gram, Epoxy Thinner 20.04 Gram, Epoxy Hardner 18.71 Gram, Paint Mixing 30.49 Gram, Paint Matt agent(Matt) 15.25 Gram, Paint Harnder 15.25 Gram, Paint Thinner 12.34 Gram, Paint Mixing 0 Gram, Paint Binder(Gloss) 0 Gram, Paint Harnder 0 Gram, Paint Thinner 0 Gram, Paint Miscellaneous cost 1 | Total: 850.00"
BS-ET-16249,1.04,1.04,878.00,"Paint Epoxy Primer 88.19 Gram, Epoxy Thinner 17.37 Gram, Epoxy Hardner 26.72 Gram, Paint Mixing 30.93 Gram, Paint Matt agent(Matt) 16.99 Gram, Paint Harnder 15.25 Gram, Paint Thinner 8.71 Gram, Paint Mixing 0 Gram, Paint Binder(Gloss) 0 Gram, Paint Harnder 0 Gram, Paint Thinner 0 Gram, Paint Miscellaneous cost 1 Gram | Total: 878.00"
BS-LHET-286,1,0.99,1576.00,"Paint Epoxy Primer 175.94 Gram, Epoxy Thinner 37.17 Gram, Epoxy Hardner 34.69 Gram, Paint Mixing 56.55 Gram, Paint Matt agent(Matt) 28.27 Gram, Paint Harnder 28.27 Gram, Paint Thinner 22.89 Gram, Paint Mixing 0 Gram, Paint Binder(Gloss) 0 Gram, Paint Harnder 0 Gram, Paint Thinner 0 Gram, Paint Miscellaneous cost 1 Gram | Total: 1,576.00"
BS-LHET-305,4.43,4.43,3847.00,"Paint Epoxy Primer 429.49 Gram, Epoxy Thinner 90.74 Gram, Epoxy Hardner 84.69 Gram, Paint Mixing 138.05 Gram, Paint Matt agent(Matt) 69.02 Gram, Paint Harnder 69.02 Gram, Paint Thinner 55.88 Gram, Paint Mixing 0 Gram, Paint Binder(Gloss) 0 Gram, Paint Harnder 0 Gram, Paint Thinner 0 Gram, Paint Miscellaneous cost 1 Gram | Total: 3,847.00"
BS-SM-16231,19,19,11375.00,"Paint Epoxy Primer 1269.7 Gram, Epoxy Thinner 268.25 Gram, Epoxy Hardner 250.36 Gram, Paint Mixing 408.1 Gram, Paint Matt agent(Matt) 204.05 Gram, Paint Harnder 204.05 Gram, Paint Thinner 165.18 Gram, Paint Mixing 0 Gram, Paint Binder(Gloss) 0 Gram, Paint Harnder 0 Gram, Paint Thinner 0 Gram, Paint Miscellaneous cost 1 | Total: 11,375.00"
BS-S.inc-16225,4.28,0.91,16150.00,"Epoxy Primer 1702.07 Gram, Epoxy Thinner 359.59 Gram, Epoxy Hardner 335.62 Gram, Paint Mixing, Paint Matt agent(Matt), Paint Harnder, Paint Thinner, Paint Mixing 586.15 Gram, Paint Matt agent(Matt) 182.36 Gram, Paint Binder(Gloss) 117.23 Gram, Paint Harnder 299.59 Gram, Paint Thinner 117.23 Gram, Paint Mixing, Paint Binder(Gloss), Paint Harnder, Paint Thinner, Paint Miscellaneous cost 1.00 | Total: 16,150.00"
BS-US-2482 B,14.17,3.19,7379.00,"Paint Epoxy Primer 777.53 Gram, Epoxy Thinner 164.27 Gram, Epoxy Hardner 153.32 Gram, Paint Mixing 0 Gram, Paint Matt agent(Matt) 0 Gram, Paint Harnder 0 Gram, Paint Thinner 0 Gram, Paint Mixing 267.76 Gram, Paint Matt agent(Matt) 83.3 Gram, Paint Binder(Gloss) 53.55 Gram, Paint Harnder 136.86 Gram, Paint Thinner 53.55 Gram, Paint Mixing 0 Gram, Paint Binder(Gloss) 0 Gram, Paint Harnder 0 Gram, Paint Thinner 0 Gram, Paint Miscellaneous cost 1 | Total: 7,379.00"
BS-US-2482 A,10.1,2.1,5274.00,"Paint Epoxy Primer 555.89 Gram, Epoxy Thinner 117.44 Gram, Epoxy Hardner 109.61 Gram, Paint Mixing 0 Gram, Paint Matt agent(Matt) 0 Gram, Paint Harnder 0 Gram, Paint Thinner 0 Gram, Paint Mixing 191.43 Gram, Paint Matt agent(Matt) 59.56 Gram, Paint Binder(Gloss) 38.29 Gram, Paint Harnder 97.84 Gram, Paint Thinner 38.29 Gram, Paint Mixing 0 Gram, Paint Binder(Gloss) 0 Gram, Paint Harnder 0 Gram, Paint Thinner 0 Gram, Paint Miscellaneous cost 1 | Total: 5,274.00"
BS-ET-16107,3.17,3,,0
BS-ET-16240,1.95,0.38,0.00,"Paint Epoxy Primer 0 Gram, Epoxy Thinner 0 Gram, Epoxy Hardner 0 Gram, Paint Mixing 0 Gram, Paint Matt agent(Matt) 0 Gram, Paint Harnder 0 Gram, Paint Thinner 0 Gram, Paint Mixing 0 Gram, Paint Binder(Gloss) 0 Gram, Paint Harnder 0 Gram, Paint Thinner 0 Gram, Paint Miscellaneous cost 1 | Total: 0.00"
BS-ET-16204,1.22,0.3,836.42,"Paint Epoxy Primer 93.35 Gram, Epoxy Thinner 19.72 Gram, Epoxy Hardner 18.41 Gram, Paint Mixing 30.01 Gram, Paint Matt agent(Matt) 15 Gram, Paint Harnder 15 Gram, Paint Thinner 12.15 Gram, Paint Mixing 0 Gram, Paint Binder(Gloss) 0 Gram, Paint Harnder 0 Gram, Paint Thinner 0 Gram, Paint Miscellaneous cost 1 | Total: 836.42"
BS-ET-16207-B,18.22,2.23,4599.10,"Paint Epoxy Primer 466.58 Gram, Epoxy Thinner 98.57 Gram, Epoxy Hardner 92 Gram, Paint Mixing 149.97 Gram, Paint Matt agent(Matt) 74.98 Gram, Paint Harnder 74.98 Gram, Paint Thinner 60.7 Gram, Paint Mixing 0 Gram, Paint Binder(Gloss) 0 Gram, Paint Harnder 0 Gram, Paint Thinner 0 Gram, Paint Miscellaneous cost 1 | Total: 4,599.10"
BS-S.C-16201,7.88,7.88,5021.00,"Paint Epoxy Primer 560.39 Gram, Epoxy Thinner 118.39 Gram, Epoxy Hardner 110.5 Gram, Paint Mixing 180.12 Gram, Paint Matt agent(Matt) 90.06 Gram, Paint Harnder 90.06 Gram, Paint Thinner 72.91 Gram, Paint Mixing 0 Gram, Paint Binder(Gloss) 0 Gram, Paint Harnder 0 Gram, Paint Thinner 0 Gram, Paint Miscellaneous cost 1 | Total: 5,021.00"
BS-ET-16207-A,15.63,2.24,4603.50,"Paint Epoxy Primer 467.06 Gram, Epoxy Thinner 98.67 Gram, Epoxy Hardner 92.1 Gram, Paint Mixing 150.12 Gram, Paint Matt agent(Matt) 75.06 Gram, Paint Harnder 75.06 Gram, Paint Thinner 60.76 Gram, Paint Mixing 0 Gram, Paint Binder(Gloss) 0 Gram, Paint Harnder 0 Gram, Paint Thinner 0 Gram, Paint Miscellaneous cost 1 | Total: 4,603.50"
BS-SI-16182,8,10.28,5300.00,"Paint Epoxy Primer 591.63 Gram, Epoxy Thinner 124.99 Gram, Epoxy Hardner 116.66 Gram, Paint Mixing 190.16 Gram, Paint Matt agent(Matt) 95.08 Gram, Paint Harnder 95.08 Gram, Paint Thinner 76.97 Gram, Paint Mixing 0 Gram, Paint Binder(Gloss) 0 Gram, Paint Harnder 0 Gram, Paint Thinner 0 Gram, Paint Miscellaneous cost 1 | Total: 5,300.00"
BS-SI-16181,3.75,1.08,850.00,"Paint Epoxy Primer 94.87 Gram, Epoxy Thinner 20.04 Gram, Epoxy Hardner 18.71 Gram, Paint Mixing 30.49 Gram, Paint Matt agent(Matt) 15.25 Gram, Paint Harnder 15.25 Gram, Paint Thinner 12.34 Gram, Paint Mixing 0 Gram, Paint Binder(Gloss) 0 Gram, Paint Harnder 0 Gram, Paint Thinner 0 Gram, Paint Miscellaneous cost 1 | Total: 850.00"
BS-ET-16207-C,18.22,2.23,4599.10,"Paint Epoxy Primer 466.58 Gram, Epoxy Thinner 98.57 Gram, Epoxy Hardner 92 Gram, Paint Mixing 149.97 Gram, Paint Matt agent(Matt) 74.98 Gram, Paint Harnder 74.98 Gram, Paint Thinner 60.7 Gram, Paint Mixing 0 Gram, Paint Binder(Gloss) 0 Gram, Paint Harnder 0 Gram, Paint Thinner 0 Gram, Paint Miscellaneous cost 1 | Total: 4,599.10"
BS-ET-16227,1.94,0.48,850.00,"Paint Epoxy Primer 94.87 Gram, Epoxy Thinner 20.04 Gram, Epoxy Hardner 18.71 Gram, Paint Mixing 30.49 Gram, Paint Matt agent(Matt) 15.25 Gram, Paint Harnder 15.25 Gram, Paint Thinner 12.34 Gram, Paint Mixing 0 Gram, Paint Binder(Gloss) 0 Gram, Paint Harnder 0 Gram, Paint Thinner 0 Gram, Paint Miscellaneous cost 1 | Total: 850.00"
BS-ET-16220,1.48,1.27,850.00,"Paint Epoxy Primer 94.87 Gram, Epoxy Thinner 20.04 Gram, Epoxy Hardner 18.71 Gram, Paint Mixing 30.49 Gram, Paint Matt agent(Matt) 15.25 Gram, Paint Harnder 15.25 Gram, Paint Thinner 12.34 Gram, Paint Mixing 0 Gram, Paint Binder(Gloss) 0 Gram, Paint Harnder 0 Gram, Paint Thinner 0 Gram, Paint Miscellaneous cost 1 | Total: 850.00"
BS-QS-16199,16,9.21,5772.00,"Paint Epoxy Primer 644.1 Gram, Epoxy Thinner 136.08 Gram, Epoxy Hardner 127 Gram, Paint Mixing 207.02 Gram, Paint Matt agent(Matt) 103.51 Gram, Paint Harnder 103.51 Gram, Paint Thinner 83.79 Gram, Paint Mixing 0 Gram, Paint Binder(Gloss) 0 Gram, Paint Harnder 0 Gram, Paint Thinner 0 Gram, Paint Miscellaneous cost 1 | Total: 5,772.00"
BS-LHET-302,0.97,0.76,1396.00,"Paint Epoxy Primer 155.81 Gram, Epoxy Thinner 32.92 Gram, Epoxy Hardner 30.72 Gram, Paint Mixing 50.08 Gram, Paint Matt agent(Matt) 25.04 Gram, Paint Harnder 25.04 Gram, Paint Thinner 20.27 Gram, Paint Mixing 0 Gram, Paint Binder(Gloss) 0 Gram, Paint Harnder 0 Gram, Paint Thinner 0 Gram, Paint Miscellaneous cost 1 Gram | Total: 1,396.00"
BS-SM-16213 (Bulk),4,2.59,3991.00,"Paint Epoxy Primer 445.5 Gram, Epoxy Thinner 94.12 Gram, Epoxy Hardner 87.84 Gram, Paint Mixing 143.19 Gram, Paint Matt agent(Matt) 71.59 Gram, Paint Harnder 71.59 Gram, Paint Thinner 57.96 Gram, Paint Mixing 0 Gram, Paint Binder(Gloss) 0 Gram, Paint Harnder 0 Gram, Paint Thinner 0 Gram, Paint Miscellaneous cost 1 | Total: 3,991.00"
BS-S.inc-16210,4,2.33,1396.00,"Paint Epoxy Primer 155.81 Gram, Epoxy Thinner 32.92 Gram, Epoxy Hardner 30.72 Gram, Paint Mixing 50.08 Gram, Paint Matt agent(Matt) 25.04 Gram, Paint Harnder 25.04 Gram, Paint Thinner 20.27 Gram, Paint Mixing 0 Gram, Paint Binder(Gloss) 0 Gram, Paint Harnder 0 Gram, Paint Thinner 0 Gram, Paint Miscellaneous cost 1 | Total: 1,396.00"
BS-ET-16207-D,0.77,0.24,857.00,"Paint Epoxy Primer 95.83 Gram, Epoxy Thinner 20.25 Gram, Epoxy Hardner 18.9 Gram, Paint Mixing 30.8 Gram, Paint Matt agent(Matt) 15.4 Gram, Paint Harnder 15.4 Gram, Paint Thinner 12.47 Gram, Paint Mixing 0 Gram, Paint Binder(Gloss) 0 Gram, Paint Harnder 0 Gram, Paint Thinner 0 Gram, Paint Miscellaneous cost 1 | Total: 857.00"
BS-ET-16207-E,0.77,0.24,857.00,"Paint Epoxy Primer 95.83 Gram, Epoxy Thinner 20.25 Gram, Epoxy Hardner 18.9 Gram, Paint Mixing 30.8 Gram, Paint Matt agent(Matt) 15.4 Gram, Paint Harnder 15.4 Gram, Paint Thinner 12.47 Gram, Paint Mixing 0 Gram, Paint Binder(Gloss) 0 Gram, Paint Harnder 0 Gram, Paint Thinner 0 Gram, Paint Miscellaneous cost 1 | Total: 857.00"
BS-SI-16168,6.25,5.57,,0
BS-ET-16244,5.01,5.03,,0
BS-LHET-296,1.78,1.4,1134.00,"Paint Epoxy Primer 126.49 Gram, Epoxy Thinner 26.72 Gram, Epoxy Hardner 24.94 Gram, Paint Mixing 40.66 Gram, Paint Matt agent(Matt) 20.33 Gram, Paint Harnder 20.33 Gram, Paint Thinner 16.46 Gram, Paint Mixing 0 Gram, Paint Binder(Gloss) 0 Gram, Paint Harnder 0 Gram, Paint Thinner 0 Gram, Paint Miscellaneous cost 1 Gram | Total: 1,134.00"
BS-ET-16202,17.5,3.03,3499.11,"Paint Epoxy Primer 390.54 Gram, Epoxy Thinner 82.51 Gram, Epoxy Hardner 77.01 Gram, Paint Mixing 125.53 Gram, Paint Matt agent(Matt) 62.76 Gram, Paint Harnder 62.76 Gram, Paint Thinner 50.81 Gram, Paint Mixing 0 Gram, Paint Binder(Gloss) 0 Gram, Paint Harnder 0 Gram, Paint Thinner 0 Gram, Paint Miscellaneous cost 1 | Total: 3,499.11"
BS-ET-16222,7.92,3.15,3491.00,"Paint Epoxy Primer 389.73 Gram, Epoxy Thinner 82.34 Gram, Epoxy Hardner 76.85 Gram, Paint Mixing 125.26 Gram, Paint Matt agent(Matt) 62.63 Gram, Paint Harnder 62.63 Gram, Paint Thinner 50.7 Gram, Paint Mixing 0 Gram, Paint Binder(Gloss) 0 Gram, Paint Harnder 0 Gram, Paint Thinner 0 Gram, Paint Miscellaneous cost 1 | Total: 3,491.00"
BS-ET-16208,1,0.79,1248.00,"Paint Epoxy Primer 125.07 Gram, Epoxy Thinner 24.63 Gram, Epoxy Hardner 37.9 Gram, Paint Mixing 43.86 Gram, Paint Matt agent(Matt) 24.09 Gram, Paint Harnder 21.62 Gram, Paint Thinner 12.36 Gram, Paint Mixing 0 Gram, Paint Binder(Gloss) 0 Gram, Paint Harnder 0 Gram, Paint Thinner 0 Gram, Paint Miscellaneous cost 1 | Total: 1,248.00"
BS-SM-16198-B,1.67,0.66,850.00,"Paint Epoxy Primer 94.87 Gram, Epoxy Thinner 20.04 Gram, Epoxy Hardner 18.71 Gram, Paint Mixing 30.49 Gram, Paint Matt agent(Matt) 15.25 Gram, Paint Harnder 15.25 Gram, Paint Thinner 12.34 Gram, Paint Mixing 0 Gram, Paint Binder(Gloss) 0 Gram, Paint Harnder 0 Gram, Paint Thinner 0 Gram, Paint Miscellaneous cost 1 | Total: 850.00"
BS-SM-16214,4.88,2.93,2601.00,"Paint Epoxy Primer 290.21 Gram, Epoxy Thinner 61.31 Gram, Epoxy Hardner 57.22 Gram, Paint Mixing 93.28 Gram, Paint Matt agent(Matt) 46.64 Gram, Paint Harnder 46.64 Gram, Paint Thinner 37.76 Gram, Paint Mixing 0 Gram, Paint Binder(Gloss) 0 Gram, Paint Harnder 0 Gram, Paint Thinner 0 Gram, Paint Miscellaneous cost 1 | Total: 2,601.00"
BS-SM-16198-A,3.17,0.85,850.00,"Paint Epoxy Primer 94.87 Gram, Epoxy Thinner 20.04 Gram, Epoxy Hardner 18.71 Gram, Paint Mixing 30.49 Gram, Paint Matt agent(Matt) 15.25 Gram, Paint Harnder 15.25 Gram, Paint Thinner 12.34 Gram, Paint Mixing 0 Gram, Paint Binder(Gloss) 0 Gram, Paint Harnder 0 Gram, Paint Thinner 0 Gram, Paint Miscellaneous cost 1 | Total: 850.00"
BS-ET-16229,1,1,1548.00,"Paint Epoxy Primer 155.13 Gram, Epoxy Thinner 30.56 Gram, Epoxy Hardner 47.01 Gram, Paint Mixing 54.4 Gram, Paint Matt agent(Matt) 29.88 Gram, Paint Harnder 26.82 Gram, Paint Thinner 15.33 Gram, Paint Mixing 0 Gram, Paint Binder(Gloss) 0 Gram, Paint Harnder 0 Gram, Paint Thinner 0 Gram, Paint Miscellaneous cost 1 | Total: 1,548.00"
BS-SM-16133,7,2.28,2815.00,"Paint Epoxy Primer 314.12 Gram, Epoxy Thinner 66.36 Gram, Epoxy Hardner 61.94 Gram, Paint Mixing 100.96 Gram, Paint Matt agent(Matt) 50.48 Gram, Paint Harnder 50.48 Gram, Paint Thinner 40.87 Gram, Paint Mixing 0 Gram, Paint Binder(Gloss) 0 Gram, Paint Harnder 0 Gram, Paint Thinner 0 Gram, Paint Miscellaneous cost 1 | Total: 2,815.00"
BS-SM-16212,30,15.03,13205.25,"Paint Epoxy Primer 1473.86 Gram, Epoxy Thinner 311.38 Gram, Epoxy Hardner 290.62 Gram, Paint Mixing 473.72 Gram, Paint Matt agent(Matt) 236.86 Gram, Paint Harnder 236.86 Gram, Paint Thinner 191.74 Gram, Paint Mixing 0 Gram, Paint Binder(Gloss) 0 Gram, Paint Harnder 0 Gram, Paint Thinner 0 Gram, Paint Miscellaneous cost 1 | Total: 13,205.25"
BS-QS-16042-A-RE,18.47,4.34,,0
BS-SM-16179,22.5,22.49,12487.00,"Paint Epoxy Primer 1393.79 Gram, Epoxy Thinner 294.46 Gram, Epoxy Hardner 274.83 Gram, Paint Mixing 447.99 Gram, Paint Matt agent(Matt) 223.99 Gram, Paint Harnder 223.99 Gram, Paint Thinner 181.33 Gram, Paint Mixing 0 Gram, Paint Binder(Gloss) 0 Gram, Paint Harnder 0 Gram, Paint Thinner 0 Gram, Paint Miscellaneous cost 1 | Total: 12,487.00"
BS-LHET-301,3.11,3.11,1396.00,"Paint Epoxy Primer 155.81 Gram, Epoxy Thinner 32.92 Gram, Epoxy Hardner 30.72 Gram, Paint Mixing 50.08 Gram, Paint Matt agent(Matt) 25.04 Gram, Paint Harnder 25.04 Gram, Paint Thinner 20.27 Gram, Paint Mixing 0 Gram, Paint Binder(Gloss) 0 Gram, Paint Harnder 0 Gram, Paint Thinner 0 Gram, Paint Miscellaneous cost 1 | Total: 1,396.00"
BS-ET-UV-16192,4.43,4.43,4091.00,"Paint Epoxy Primer 456.52 Gram, Epoxy Thinner 96.45 Gram, Epoxy Hardner 90.02 Gram, Paint Mixing 146.73 Gram, Paint Matt agent(Matt) 73.37 Gram, Paint Harnder 73.37 Gram, Paint Thinner 59.39 Gram, Paint Mixing 0 Gram, Paint Binder(Gloss) 0 Gram, Paint Harnder 0 Gram, Paint Thinner 0 Gram, Paint Miscellaneous cost 1 Gram | Total: 4,091.00"
BS-SM-16180-A,1.28,0.5,1018.00,"Paint Epoxy Primer 113.55 Gram, Epoxy Thinner 23.99 Gram, Epoxy Hardner 22.39 Gram, Paint Mixing 36.5 Gram, Paint Matt agent(Matt) 18.25 Gram, Paint Harnder 18.25 Gram, Paint Thinner 14.77 Gram, Paint Mixing 0 Gram, Paint Binder(Gloss) 0 Gram, Paint Harnder 0 Gram, Paint Thinner 0 Gram, Paint Miscellaneous cost 1 | Total: 1,018.00"
BS-SM-16180-B,1.02,0.48,846.00,"Paint Epoxy Primer 94.39 Gram, Epoxy Thinner 19.94 Gram, Epoxy Hardner 18.61 Gram, Paint Mixing 30.34 Gram, Paint Matt agent(Matt) 15.17 Gram, Paint Harnder 15.17 Gram, Paint Thinner 12.28 Gram, Paint Mixing 0 Gram, Paint Binder(Gloss) 0 Gram, Paint Harnder 0 Gram, Paint Thinner 0 Gram, Paint Miscellaneous cost 1 | Total: 846.00"
BS-ET-16218,1,0.79,1248.00,"Paint Epoxy Primer 125.07 Gram, Epoxy Thinner 24.63 Gram, Epoxy Hardner 37.9 Gram, Paint Mixing 43.86 Gram, Paint Matt agent(Matt) 24.09 Gram, Paint Harnder 21.62 Gram, Paint Thinner 12.36 Gram, Paint Mixing 0 Gram, Paint Binder(Gloss) 0 Gram, Paint Harnder 0 Gram, Paint Thinner 0 Gram, Paint Miscellaneous cost 1 | Total: 1,248.00"
BS-US-2491,13.74,10.53,1379.00,"Paint Epoxy Primer 153.9 Gram, Epoxy Thinner 32.51 Gram, Epoxy Hardner 30.35 Gram, Paint Mixing 49.46 Gram, Paint Matt agent(Matt) 24.73 Gram, Paint Harnder 24.73 Gram, Paint Thinner 20.02 Gram, Paint Mixing 0 Gram, Paint Binder(Gloss) 0 Gram, Paint Harnder 0 Gram, Paint Thinner 0 Gram, Paint Miscellaneous cost 1 | Total: 1,379.00"
BS-ET-16161,0.73,0.2,669.69,"Paint Epoxy Primer 74.74 Gram, Epoxy Thinner 15.79 Gram, Epoxy Hardner 14.74 Gram, Paint Mixing 24.02 Gram, Paint Matt agent(Matt) 12.01 Gram, Paint Harnder 12.01 Gram, Paint Thinner 9.72 Gram, Paint Mixing 0 Gram, Paint Binder(Gloss) 0 Gram, Paint Harnder 0 Gram, Paint Thinner 0 Gram, Paint Miscellaneous cost 1 | Total: 669.69"
BS-ET-16206,0.75,0.75,693.25,"Paint Epoxy Primer 69.48 Gram, Epoxy Thinner 13.69 Gram, Epoxy Hardner 21.05 Gram, Paint Mixing 24.37 Gram, Paint Matt agent(Matt) 13.38 Gram, Paint Harnder 12.01 Gram, Paint Thinner 6.86 Gram, Paint Mixing 0 Gram, Paint Binder(Gloss) 0 Gram, Paint Harnder 0 Gram, Paint Thinner 0 Gram, Paint Miscellaneous cost 1 Gram | Total: 693.25"
BS-ET-16203,0.38,0.38,849.99,"Paint Epoxy Primer 94.87 Gram, Epoxy Thinner 20.04 Gram, Epoxy Hardner 18.71 Gram, Paint Mixing 30.49 Gram, Paint Matt agent(Matt) 15.25 Gram, Paint Harnder 15.25 Gram, Paint Thinner 12.34 Gram, Paint Mixing 0 Gram, Paint Binder(Gloss) 0 Gram, Paint Harnder 0 Gram, Paint Thinner 0 Gram, Paint Miscellaneous cost 1 Gram | Total: 849.99"
BS-SN-16162,12.83,3.07,1586.00,"Paint Epoxy Primer 177.09 Gram, Epoxy Thinner 37.41 Gram, Epoxy Hardner 34.92 Gram, Paint Mixing 56.92 Gram, Paint Matt agent(Matt) 28.46 Gram, Paint Harnder 28.46 Gram, Paint Thinner 23.04 Gram, Paint Mixing 0 Gram, Paint Binder(Gloss) 0 Gram, Paint Harnder 0 Gram, Paint Thinner 0 Gram, Paint Miscellaneous cost 1 | Total: 1,586.00"
BS-LHET-289,0.72,0.72,1146.53,"Paint Epoxy Primer 114.91 Gram, Epoxy Thinner 22.63 Gram, Epoxy Hardner 34.82 Gram, Paint Mixing 40.3 Gram, Paint Matt agent(Matt) 22.14 Gram, Paint Harnder 19.87 Gram, Paint Thinner 11.35 Gram, Paint Mixing 0 Gram, Paint Binder(Gloss) 0 Gram, Paint Harnder 0 Gram, Paint Thinner 0 Gram, Paint Miscellaneous cost 1 | Total: 1,146.53"
BS-SI-16237,9.72,3.32,4334.00,"Paint Epoxy Primer 483.64 Gram, Epoxy Thinner 102.18 Gram, Epoxy Hardner 95.36 Gram, Paint Mixing 155.45 Gram, Paint Matt agent(Matt) 77.72 Gram, Paint Harnder 77.72 Gram, Paint Thinner 62.92 Gram, Paint Mixing 0 Gram, Paint Binder(Gloss) 0 Gram, Paint Harnder 0 Gram, Paint Thinner 0 Gram, Paint Miscellaneous cost 1 | Total: 4,334.00"
BS-QS-16248,3.7,2.79,5292.02,"Paint Epoxy Primer 590.65 Gram, Epoxy Thinner 124.79 Gram, Epoxy Hardner 116.47 Gram, Paint Mixing 189.84 Gram, Paint Matt agent(Matt) 94.92 Gram, Paint Harnder 94.92 Gram, Paint Thinner 76.84 Gram, Paint Mixing 0 Gram, Paint Binder(Gloss) 0 Gram, Paint Harnder 0 Gram, Paint Thinner 0 Gram, Paint Miscellaneous cost 1 | Total: 5,292.02"
BS-ET-16118-A,3.65,3.65,5016.20,"Paint Epoxy Primer 559.87 Gram, Epoxy Thinner 118.28 Gram, Epoxy Hardner 110.4 Gram, Paint Mixing 179.95 Gram, Paint Matt agent(Matt) 89.97 Gram, Paint Harnder 89.97 Gram, Paint Thinner 72.84 Gram, Paint Mixing 0 Gram, Paint Binder(Gloss) 0 Gram, Paint Harnder 0 Gram, Paint Thinner 0 Gram, Paint Miscellaneous cost 1 | Total: 5,016.20"
BS-ET-16118-C,5.22,4.61,6065.80,"Paint Epoxy Primer 677.01 Gram, Epoxy Thinner 143.03 Gram, Epoxy Hardner 133.5 Gram, Paint Mixing 217.6 Gram, Paint Matt agent(Matt) 108.8 Gram, Paint Harnder 108.8 Gram, Paint Thinner 88.08 Gram, Paint Mixing 0 Gram, Paint Binder(Gloss) 0 Gram, Paint Harnder 0 Gram, Paint Thinner 0 Gram, Paint Miscellaneous cost 1 | Total: 6,065.80"
BS-ET-16118-B,5.22,9.22,13908.85,"Paint Epoxy Primer 1552.39 Gram, Epoxy Thinner 327.97 Gram, Epoxy Hardner 306.1 Gram, Paint Mixing 498.96 Gram, Paint Matt agent(Matt) 249.48 Gram, Paint Harnder 249.48 Gram, Paint Thinner 201.96 Gram, Paint Mixing 0 Gram, Paint Binder(Gloss) 0 Gram, Paint Harnder 0 Gram, Paint Thinner 0 Gram, Paint Miscellaneous cost 1 | Total: 13,908.85"
BS-ET-16233,2.88,2.88,3008.43,"Paint Epoxy Primer 335.78 Gram, Epoxy Thinner 70.94 Gram, Epoxy Hardner 66.21 Gram, Paint Mixing 107.92 Gram, Paint Matt agent(Matt) 53.96 Gram, Paint Harnder 53.96 Gram, Paint Thinner 43.68 Gram, Paint Mixing 0 Gram, Paint Binder(Gloss) 0 Gram, Paint Harnder 0 Gram, Paint Thinner 0 Gram, Paint Miscellaneous cost 1 Gram | Total: 3,008.43"
BS-ET-16250 A,0.42,0.38,847.84,"Paint Epoxy Primer 94.63 Gram, Epoxy Thinner 19.99 Gram, Epoxy Hardner 18.66 Gram, Paint Mixing 30.42 Gram, Paint Matt agent(Matt) 15.21 Gram, Paint Harnder 15.21 Gram, Paint Thinner 12.31 Gram, Paint Mixing 0 Gram, Paint Binder(Gloss) 0 Gram, Paint Harnder 0 Gram, Paint Thinner 0 Gram, Paint Miscellaneous cost 1 | Total: 847.84"
BS-ET-16250 C,1,0.38,1414.50,"Paint Epoxy Primer 157.87 Gram, Epoxy Thinner 33.35 Gram, Epoxy Hardner 31.13 Gram, Paint Mixing 50.74 Gram, Paint Matt agent(Matt) 25.37 Gram, Paint Harnder 25.37 Gram, Paint Thinner 20.54 Gram, Paint Mixing 0 Gram, Paint Binder(Gloss) 0 Gram, Paint Harnder 0 Gram, Paint Thinner 0 Gram, Paint Miscellaneous cost 1 | Total: 1,414.50"
BS-ET-16250 B,0.75,0.38,1397.32,"Paint Epoxy Primer 155.96 Gram, Epoxy Thinner 32.95 Gram, Epoxy Hardner 30.75 Gram, Paint Mixing 50.13 Gram, Paint Matt agent(Matt) 25.06 Gram, Paint Harnder 25.06 Gram, Paint Thinner 20.29 Gram, Paint Mixing 0 Gram, Paint Binder(Gloss) 0 Gram, Paint Harnder 0 Gram, Paint Thinner 0 Gram, Paint Miscellaneous cost 1 | Total: 1,397.32"
BS-LHET-304,2.25,1.77,1133.31,"Paint Epoxy Primer 126.49 Gram, Epoxy Thinner 26.72 Gram, Epoxy Hardner 24.94 Gram, Paint Mixing 40.66 Gram, Paint Matt agent(Matt) 20.33 Gram, Paint Harnder 20.33 Gram, Paint Thinner 16.46 Gram, Paint Mixing 0 Gram, Paint Binder(Gloss) 0 Gram, Paint Harnder 0 Gram, Paint Thinner 0 Gram, Paint Miscellaneous cost 1 Gram | Total: 1,133.31"
BS-SM-16254,10.5,4.06,4115.13,"Paint Epoxy Primer 459.3 Gram, Epoxy Thinner 97.03 Gram, Epoxy Hardner 90.57 Gram, Paint Mixing 147.62 Gram, Paint Matt agent(Matt) 73.81 Gram, Paint Harnder 73.81 Gram, Paint Thinner 59.75 Gram, Paint Mixing 0 Gram, Paint Binder(Gloss) 0 Gram, Paint Harnder 0 Gram, Paint Thinner 0 Gram, Paint Miscellaneous cost 1 | Total: 4,115.13"
BS-SM-16255,2.78,1.95,1396.04,"Paint Epoxy Primer 155.81 Gram, Epoxy Thinner 32.92 Gram, Epoxy Hardner 30.72 Gram, Paint Mixing 50.08 Gram, Paint Matt agent(Matt) 25.04 Gram, Paint Harnder 25.04 Gram, Paint Thinner 20.27 Gram, Paint Mixing 0 Gram, Paint Binder(Gloss) 0 Gram, Paint Harnder 0 Gram, Paint Thinner 0 Gram, Paint Miscellaneous cost 1 Gram | Total: 1,396.04"
BS-ET-16205,3.33,0.94,855.90,"Paint Epoxy Primer 85.78 Gram, Epoxy Thinner 16.9 Gram, Epoxy Hardner 25.99 Gram, Paint Mixing 30.08 Gram, Paint Matt agent(Matt) 16.53 Gram, Paint Harnder 14.83 Gram, Paint Thinner 8.47 Gram, Paint Mixing 0 Gram, Paint Binder(Gloss) 0 Gram, Paint Harnder 0 Gram, Paint Thinner 0 Gram, Paint Miscellaneous cost 1 | Total: 855.90"
Gift-53,0.31,0.17,,
BS-QS-15873,10,19.9,21977.70,"Paint Epoxy Primer 2452.96 Gram, Epoxy Thinner 518.23 Gram, Epoxy Hardner 483.68 Gram, Paint Mixing 788.42 Gram, Paint Matt agent(Matt) 394.21 Gram, Paint Harnder 394.21 Gram, Paint Thinner 319.12 Gram, Paint Mixing 0 Gram, Paint Binder(Gloss) 0 Gram, Paint Harnder 0 Gram, Paint Thinner 0 Gram, Paint Miscellaneous cost 1 | Total: 21,977.70"
BS-SI-16251,0,0.07,566.66,"Paint Epoxy Primer 63.25 Gram, Epoxy Thinner 13.36 Gram, Epoxy Hardner 12.47 Gram, Paint Mixing 20.33 Gram, Paint Matt agent(Matt) 10.16 Gram, Paint Harnder 10.16 Gram, Paint Thinner 8.23 Gram, Paint Mixing 0 Gram, Paint Binder(Gloss) 0 Gram, Paint Harnder 0 Gram, Paint Thinner 0 Gram, Paint Miscellaneous cost 1 | Total: 566.66"
BS-US-2504 A,14.56,2.91,1593.00,"Paint Epoxy Primer 167.89 Gram, Epoxy Thinner 35.47 Gram, Epoxy Hardner 33.1 Gram, Paint Mixing 0 Gram, Paint Matt agent(Matt) 0 Gram, Paint Harnder 0 Gram, Paint Thinner 0 Gram, Paint Mixing 57.82 Gram, Paint Matt agent(Matt) 17.99 Gram, Paint Binder(Gloss) 11.56 Gram, Paint Harnder 29.55 Gram, Paint Thinner 11.56 Gram, Paint Mixing 0 Gram, Paint Binder(Gloss) 0 Gram, Paint Harnder 0 Gram, Paint Thinner 0 Gram, Paint Miscellaneous cost 1 | Total: 1,593.00"
BS-US-2504 B,14.56,2.91,1593.00,"Paint Epoxy Primer 167.89 Gram, Epoxy Thinner 35.47 Gram, Epoxy Hardner 33.1 Gram, Paint Mixing 0 Gram, Paint Matt agent(Matt) 0 Gram, Paint Harnder 0 Gram, Paint Thinner 0 Gram, Paint Mixing 57.82 Gram, Paint Matt agent(Matt) 17.99 Gram, Paint Binder(Gloss) 11.56 Gram, Paint Harnder 29.55 Gram, Paint Thinner 11.56 Gram, Paint Mixing 0 Gram, Paint Binder(Gloss) 0 Gram, Paint Harnder 0 Gram, Paint Thinner 0 Gram, Paint Miscellaneous cost 1 | Total: 1,593.00"
BS-SI-16236,6,6,3090.86,"Paint Epoxy Primer 344.97 Gram, Epoxy Thinner 72.88 Gram, Epoxy Hardner 68.02 Gram, Paint Mixing 110.88 Gram, Paint Matt agent(Matt) 55.44 Gram, Paint Harnder 55.44 Gram, Paint Thinner 44.88 Gram, Paint Mixing 0 Gram, Paint Binder(Gloss) 0 Gram, Paint Harnder 0 Gram, Paint Thinner 0 Gram, Paint Miscellaneous cost 1 | Total: 3,090.86"
BS-SM-16247,,,5466.42,"Paint Epoxy Primer 522.02 Gram, Epoxy Thinner 110.29 Gram, Epoxy Hardner 102.93 Gram, Paint Mixing 250 Gram, Paint Matt agent(Matt) 83.89 Gram, Paint Harnder 83.89 Gram, Paint Thinner 67.91 Gram, Paint Mixing 0 Gram, Paint Binder(Gloss) 0 Gram, Paint Harnder 0 Gram, Paint Thinner 0 Gram, Paint Miscellaneous cost 1 | Total: 5,466.42"
BS-US-2503 A,184.08,12.33,43845.05,"Paint Epoxy Primer 4620.99 Gram, Epoxy Thinner 976.26 Gram, Epoxy Hardner 911.18 Gram, Paint Mixing 0 Gram, Paint Matt agent(Matt) 0 Gram, Paint Harnder 0 Gram, Paint Thinner 0 Gram, Paint Mixing 1591.34 Gram, Paint Matt agent(Matt) 495.08 Gram, Paint Binder(Gloss) 318.27 Gram, Paint Harnder 813.35 Gram, Paint Thinner 318.27 Gram, Paint Mixing 0 Gram, Paint Binder(Gloss) 0 Gram, Paint Harnder 0 Gram, Paint Thinner 0 Gram, Paint Miscellaneous cost 1 | Total: 43,845.05"
BS-US-2503 B,184.08,12.33,43845.05,"Paint Epoxy Primer 4620.99 Gram, Epoxy Thinner 976.26 Gram, Epoxy Hardner 911.18 Gram, Paint Mixing 0 Gram, Paint Matt agent(Matt) 0 Gram, Paint Harnder 0 Gram, Paint Thinner 0 Gram, Paint Mixing 1591.34 Gram, Paint Matt agent(Matt) 495.08 Gram, Paint Binder(Gloss) 318.27 Gram, Paint Harnder 813.35 Gram, Paint Thinner 318.27 Gram, Paint Mixing 0 Gram, Paint Binder(Gloss) 0 Gram, Paint Harnder 0 Gram, Paint Thinner 0 Gram, Paint Miscellaneous cost 1 | Total: 43,845.05"
BS-SM-16150,19.17,8.64,11089.50,"Paint Epoxy Primer 905.56 Gram, Epoxy Thinner 191.32 Gram, Epoxy Hardner 178.56 Gram, Paint Mixing 601.06 Gram, Paint Matt agent(Matt) 145.53 Gram, Paint Harnder 145.53 Gram, Paint Thinner 117.81 Gram, Paint Mixing 0 Gram, Paint Binder(Gloss) 0 Gram, Paint Harnder 0 Gram, Paint Thinner 0 Gram, Paint Miscellaneous cost 1 | Total: 11,089.50"
BS-SM-16246,31.65,18.49,20459.75,"Paint Epoxy Primer 2283.54 Gram, Epoxy Thinner 482.44 Gram, Epoxy Hardner 450.28 Gram, Paint Mixing 733.96 Gram, Paint Matt agent(Matt) 366.98 Gram, Paint Harnder 366.98 Gram, Paint Thinner 297.08 Gram, Paint Mixing 0 Gram, Paint Binder(Gloss) 0 Gram, Paint Harnder 0 Gram, Paint Thinner 0 Gram, Paint Miscellaneous cost 1 | Total: 20,459.75"
BS-ET-16258,13.37,3.89,4069.63,"Paint Epoxy Primer 454.22 Gram, Epoxy Thinner 95.96 Gram, Epoxy Hardner 89.56 Gram, Paint Mixing 145.99 Gram, Paint Matt agent(Matt) 73 Gram, Paint Harnder 73 Gram, Paint Thinner 59.09 Gram, Paint Mixing 0 Gram, Paint Binder(Gloss) 0 Gram, Paint Harnder 0 Gram, Paint Thinner 0 Gram, Paint Miscellaneous cost 1 | Total: 4,069.63"
BS-ET-UV-16266,0.56,0.51,,
BS-ET-16269,10.56,1.3,1973.20,"Paint Epoxy Primer 172.49 Gram, Epoxy Thinner 36.44 Gram, Epoxy Hardner 34.01 Gram, Paint Mixing 100 Gram, Paint Matt agent(Matt) 27.72 Gram, Paint Harnder 27.72 Gram, Paint Thinner 22.44 Gram, Paint Mixing 0 Gram, Paint Binder(Gloss) 0 Gram, Paint Harnder 0 Gram, Paint Thinner 0 Gram, Paint Miscellaneous cost 1 | Total: 1,973.20"
BS-LHET-298,2.88,2.88,3008.43,"Paint Epoxy Primer 335.78 Gram, Epoxy Thinner 70.94 Gram, Epoxy Hardner 66.21 Gram, Paint Mixing 107.92 Gram, Paint Matt agent(Matt) 53.96 Gram, Paint Harnder 53.96 Gram, Paint Thinner 43.68 Gram, Paint Mixing 0 Gram, Paint Binder(Gloss) 0 Gram, Paint Harnder 0 Gram, Paint Thinner 0 Gram, Paint Miscellaneous cost 1 Gram | Total: 3,008.43"
BS-LHET-303,4,4,2833.28,"Paint Epoxy Primer 316.23 Gram, Epoxy Thinner 66.81 Gram, Epoxy Hardner 62.35 Gram, Paint Mixing 101.64 Gram, Paint Matt agent(Matt) 50.82 Gram, Paint Harnder 50.82 Gram, Paint Thinner 41.14 Gram, Paint Mixing 0 Gram, Paint Binder(Gloss) 0 Gram, Paint Harnder 0 Gram, Paint Thinner 0 Gram, Paint Miscellaneous cost 1 Gram | Total: 2,833.28"
BS-SI-9681-B,4.58,1.2,,
BS-SI-15936,8.63,4.71,4192.40,"Paint Epoxy Primer 467.92 Gram, Epoxy Thinner 98.86 Gram, Epoxy Hardner 92.27 Gram, Paint Mixing 150.4 Gram, Paint Matt agent(Matt) 75.2 Gram, Paint Harnder 75.2 Gram, Paint Thinner 60.87 Gram, Paint Mixing 0 Gram, Paint Binder(Gloss) 0 Gram, Paint Harnder 0 Gram, Paint Thinner 0 Gram, Paint Miscellaneous cost 1 | Total: 4,192.40"
BS-QS-16262,8.5,2.05,,
BS-SI-15869,18.13,0.85,1973.20,"Paint Epoxy Primer 172.49 Gram, Epoxy Thinner 36.44 Gram, Epoxy Hardner 34.01 Gram, Paint Mixing 100 Gram, Paint Matt agent(Matt) 27.72 Gram, Paint Harnder 27.72 Gram, Paint Thinner 22.44 Gram, Paint Mixing 0 Gram, Paint Binder(Gloss) 0 Gram, Paint Harnder 0 Gram, Paint Thinner 0 Gram, Paint Miscellaneous cost 1 | Total: 1,973.20"
BS-QS-16264,3.9,5.04,1760.07,"Paint Epoxy Primer 196.44 Gram, Epoxy Thinner 41.5 Gram, Epoxy Hardner 38.74 Gram, Paint Mixing 63.14 Gram, Paint Matt agent(Matt) 31.57 Gram, Paint Harnder 31.57 Gram, Paint Thinner 25.56 Gram, Paint Mixing 0 Gram, Paint Binder(Gloss) 0 Gram, Paint Harnder 0 Gram, Paint Thinner 0 Gram, Paint Miscellaneous cost 1 | Total: 1,760.07"
BS-QS-16281,7.33,1.2,1396.04,"Paint Epoxy Primer 155.81 Gram, Epoxy Thinner 32.92 Gram, Epoxy Hardner 30.72 Gram, Paint Mixing 50.08 Gram, Paint Matt agent(Matt) 25.04 Gram, Paint Harnder 25.04 Gram, Paint Thinner 20.27 Gram, Paint Mixing 0 Gram, Paint Binder(Gloss) 0 Gram, Paint Harnder 0 Gram, Paint Thinner 0 Gram, Paint Miscellaneous cost 1 | Total: 1,396.04"
BS-QS-16261,4,3.14,2463.88,"Paint Epoxy Primer 275 Gram, Epoxy Thinner 58.1 Gram, Epoxy Hardner 54.22 Gram, Paint Mixing 88.39 Gram, Paint Matt agent(Matt) 44.19 Gram, Paint Harnder 44.19 Gram, Paint Thinner 35.78 Gram, Paint Mixing 0 Gram, Paint Binder(Gloss) 0 Gram, Paint Harnder 0 Gram, Paint Thinner 0 Gram, Paint Miscellaneous cost 1 | Total: 2,463.88"
BS-ET-16285,14.17,5.27,4625.12,"Paint Epoxy Primer 516.22 Gram, Epoxy Thinner 109.06 Gram, Epoxy Hardner 101.79 Gram, Paint Mixing 165.92 Gram, Paint Matt agent(Matt) 82.96 Gram, Paint Harnder 82.96 Gram, Paint Thinner 67.16 Gram, Paint Mixing 0 Gram, Paint Binder(Gloss) 0 Gram, Paint Harnder 0 Gram, Paint Thinner 0 Gram, Paint Miscellaneous cost 1 | Total: 4,625.12"
BS-US-500069 A,21,25.25,25740.36,"Paint Epoxy Primer 2712.87 Gram, Epoxy Thinner 573.14 Gram, Epoxy Hardner 534.93 Gram, Paint Mixing 0 Gram, Paint Matt agent(Matt) 0 Gram, Paint Harnder 0 Gram, Paint Thinner 0 Gram, Paint Mixing 934.24 Gram, Paint Matt agent(Matt) 290.65 Gram, Paint Binder(Gloss) 186.85 Gram, Paint Harnder 477.5 Gram, Paint Thinner 186.85 Gram, Paint Mixing 0 Gram, Paint Binder(Gloss) 0 Gram, Paint Harnder 0 Gram, Paint Thinner 0 Gram, Paint Miscellaneous cost 1 | Total: 25,740.36"
BS-US-500069 B,30,25.25,37304.77,"Paint Epoxy Primer 3931.68 Gram, Epoxy Thinner 830.64 Gram, Epoxy Hardner 775.26 Gram, Paint Mixing 0 Gram, Paint Matt agent(Matt) 0 Gram, Paint Harnder 0 Gram, Paint Thinner 0 Gram, Paint Mixing 1353.97 Gram, Paint Matt agent(Matt) 421.23 Gram, Paint Binder(Gloss) 270.79 Gram, Paint Harnder 692.03 Gram, Paint Thinner 270.79 Gram, Paint Mixing 0 Gram, Paint Binder(Gloss) 0 Gram, Paint Harnder 0 Gram, Paint Thinner 0 Gram, Paint Miscellaneous cost 1 | Total: 37,304.77"
BS-ET-16152,13.25,6.89,5047.54,"Paint Epoxy Primer 563.36 Gram, Epoxy Thinner 119.02 Gram, Epoxy Hardner 111.09 Gram, Paint Mixing 181.07 Gram, Paint Matt agent(Matt) 90.54 Gram, Paint Harnder 90.54 Gram, Paint Thinner 73.29 Gram, Paint Mixing 0 Gram, Paint Binder(Gloss) 0 Gram, Paint Harnder 0 Gram, Paint Thinner 0 Gram, Paint Miscellaneous cost 1 | Total: 5,047.54"
BS-LHET-306,0.97,0.76,3343.00,"Epoxy Primer 373.15 Gram, Epoxy Thinner 78.83 Gram, Epoxy Hardner 73.58 Gram, Paint Mixing 119.94 Gram, Paint Matt agent(Matt) 59.97 Gram, Paint Harnder 59.97 Gram, Paint Thinner 48.55 Gram, Paint Mixing, Paint Binder(Gloss), Paint Harnder, Paint Thinner, Paint Miscellaneous cost 1.00 | Total: 3,343.00"
BS-SM-16228,6.31,0.88,1439.83,"Paint Epoxy Primer 144.31 Gram, Epoxy Thinner 28.42 Gram, Epoxy Hardner 43.73 Gram, Paint Mixing 50.61 Gram, Paint Matt agent(Matt) 27.8 Gram, Paint Harnder 24.95 Gram, Paint Thinner 14.26 Gram, Paint Mixing 0 Gram, Paint Binder(Gloss) 0 Gram, Paint Harnder 0 Gram, Paint Thinner 0 Gram, Paint Miscellaneous cost 1 | Total: 1,439.83"
BS-SM-16273-A,10.67,4.51,2323.29,"Paint Epoxy Primer 259.31 Gram, Epoxy Thinner 54.78 Gram, Epoxy Hardner 51.13 Gram, Paint Mixing 83.34 Gram, Paint Matt agent(Matt) 41.67 Gram, Paint Harnder 41.67 Gram, Paint Thinner 33.73 Gram, Paint Mixing 0 Gram, Paint Binder(Gloss) 0 Gram, Paint Harnder 0 Gram, Paint Thinner 0 Gram, Paint Miscellaneous cost 1 | Total: 2,323.29"
BS-SM-16273-B,24.33,4.51,12121.31,"Paint Epoxy Primer 1352.88 Gram, Epoxy Thinner 285.82 Gram, Epoxy Hardner 266.76 Gram, Paint Mixing 434.83 Gram, Paint Matt agent(Matt) 217.42 Gram, Paint Harnder 217.42 Gram, Paint Thinner 176 Gram, Paint Mixing 0 Gram, Paint Binder(Gloss) 0 Gram, Paint Harnder 0 Gram, Paint Thinner 0 Gram, Paint Miscellaneous cost 1 | Total: 12,121.31"
BS-ET-16253,0.78,0.31,849.99,"Paint Epoxy Primer 94.87 Gram, Epoxy Thinner 20.04 Gram, Epoxy Hardner 18.71 Gram, Paint Mixing 30.49 Gram, Paint Matt agent(Matt) 15.25 Gram, Paint Harnder 15.25 Gram, Paint Thinner 12.34 Gram, Paint Mixing 0 Gram, Paint Binder(Gloss) 0 Gram, Paint Harnder 0 Gram, Paint Thinner 0 Gram, Paint Miscellaneous cost 1 | Total: 849.99"
BS-ET-16271-A,13.76,5.11,4950.52,"Paint Epoxy Primer 552.53 Gram, Epoxy Thinner 116.73 Gram, Epoxy Hardner 108.95 Gram, Paint Mixing 177.59 Gram, Paint Matt agent(Matt) 88.8 Gram, Paint Harnder 88.8 Gram, Paint Thinner 71.88 Gram, Paint Mixing 0 Gram, Paint Binder(Gloss) 0 Gram, Paint Harnder 0 Gram, Paint Thinner 0 Gram, Paint Miscellaneous cost 1 | Total: 4,950.52"
BS-ET-16278,0.78,0.25,846.12,"Paint Epoxy Primer 94.44 Gram, Epoxy Thinner 19.95 Gram, Epoxy Hardner 18.62 Gram, Paint Mixing 30.35 Gram, Paint Matt agent(Matt) 15.18 Gram, Paint Harnder 15.18 Gram, Paint Thinner 12.29 Gram, Paint Mixing 0 Gram, Paint Binder(Gloss) 0 Gram, Paint Harnder 0 Gram, Paint Thinner 0 Gram, Paint Miscellaneous cost 1 | Total: 846.12"
BS-ET-16284,5.17,1.68,1396.04,"Paint Epoxy Primer 155.81 Gram, Epoxy Thinner 32.92 Gram, Epoxy Hardner 30.72 Gram, Paint Mixing 50.08 Gram, Paint Matt agent(Matt) 25.04 Gram, Paint Harnder 25.04 Gram, Paint Thinner 20.27 Gram, Paint Mixing 0 Gram, Paint Binder(Gloss) 0 Gram, Paint Harnder 0 Gram, Paint Thinner 0 Gram, Paint Miscellaneous cost 1 | Total: 1,396.04"
BS-ET-16287,1.19,0.46,,
BS-ET-16290,2.57,0.9,4069.00,"Epoxy Primer 407.80 Gram, Epoxy Thinner 80.32 Gram, Epoxy Hardner 123.58 Gram, Paint Mixing 143.02 Gram, Paint Matt agent(Matt) 78.56 Gram, Paint Harnder 70.50 Gram, Paint Thinner 40.29 Gram, Paint Mixing, Paint Binder(Gloss), Paint Harnder, Paint Thinner, Paint Miscellaneous cost 1.00 | Total: 4,069.00"
BS-ET-16294,2.8,0.52,1396.04,"Paint Epoxy Primer 155.81 Gram, Epoxy Thinner 32.92 Gram, Epoxy Hardner 30.72 Gram, Paint Mixing 50.08 Gram, Paint Matt agent(Matt) 25.04 Gram, Paint Harnder 25.04 Gram, Paint Thinner 20.27 Gram, Paint Mixing 0 Gram, Paint Binder(Gloss) 0 Gram, Paint Harnder 0 Gram, Paint Thinner 0 Gram, Paint Miscellaneous cost 1 | Total: 1,396.04"
BS-ET-16271-B,13.76,5.11,4950.52,"Paint Epoxy Primer 552.53 Gram, Epoxy Thinner 116.73 Gram, Epoxy Hardner 108.95 Gram, Paint Mixing 177.59 Gram, Paint Matt agent(Matt) 88.8 Gram, Paint Harnder 88.8 Gram, Paint Thinner 71.88 Gram, Paint Mixing 0 Gram, Paint Binder(Gloss) 0 Gram, Paint Harnder 0 Gram, Paint Thinner 0 Gram, Paint Miscellaneous cost 1 | Total: 4,950.52"
BS-US-500071,6.25,2.12,3242.29,"Paint Epoxy Primer 341.72 Gram, Epoxy Thinner 72.19 Gram, Epoxy Hardner 67.38 Gram, Paint Mixing 0 Gram, Paint Matt agent(Matt) 0 Gram, Paint Harnder 0 Gram, Paint Thinner 0 Gram, Paint Mixing 117.68 Gram, Paint Matt agent(Matt) 36.61 Gram, Paint Binder(Gloss) 23.54 Gram, Paint Harnder 60.15 Gram, Paint Thinner 23.54 Gram, Paint Mixing 0 Gram, Paint Binder(Gloss) 0 Gram, Paint Harnder 0 Gram, Paint Thinner 0 Gram, Paint Miscellaneous cost 1 | Total: 3,242.29"
BS-ET-16194,2.56,0.46,1133.31,"Paint Epoxy Primer 126.49 Gram, Epoxy Thinner 26.72 Gram, Epoxy Hardner 24.94 Gram, Paint Mixing 40.66 Gram, Paint Matt agent(Matt) 20.33 Gram, Paint Harnder 20.33 Gram, Paint Thinner 16.46 Gram, Paint Mixing 0 Gram, Paint Binder(Gloss) 0 Gram, Paint Harnder 0 Gram, Paint Thinner 0 Gram, Paint Miscellaneous cost 1 | Total: 1,133.31"
BS-ET-16256,1.15,1.49,881.75,"Paint Epoxy Primer 98.41 Gram, Epoxy Thinner 20.79 Gram, Epoxy Hardner 19.41 Gram, Paint Mixing 31.63 Gram, Paint Matt agent(Matt) 15.82 Gram, Paint Harnder 15.82 Gram, Paint Thinner 12.8 Gram, Paint Mixing 0 Gram, Paint Binder(Gloss) 0 Gram, Paint Harnder 0 Gram, Paint Thinner 0 Gram, Paint Miscellaneous cost 1 | Total: 881.75"
BS-US-500072,8.26,3.41,3221.36,"Paint Epoxy Primer 359.54 Gram, Epoxy Thinner 75.96 Gram, Epoxy Hardner 70.9 Gram, Paint Mixing 115.56 Gram, Paint Matt agent(Matt) 57.78 Gram, Paint Harnder 57.78 Gram, Paint Thinner 46.77 Gram, Paint Mixing 0 Gram, Paint Binder(Gloss) 0 Gram, Paint Harnder 0 Gram, Paint Thinner 0 Gram, Paint Miscellaneous cost 1 | Total: 3,221.36"
BS-SM-16081-B,16.67,,,
BS-SI-12905-B,7.83,2.81,,
BS-US-2506 A,5.75,5.54,,
BS-US-2506 B,,,17334.08,"Paint Epoxy Primer 1826.9 Gram, Epoxy Thinner 385.96 Gram, Epoxy Hardner 360.23 Gram, Paint Mixing 0 Gram, Paint Matt agent(Matt) 0 Gram, Paint Harnder 0 Gram, Paint Thinner 0 Gram, Paint Mixing 629.14 Gram, Paint Matt agent(Matt) 195.73 Gram, Paint Binder(Gloss) 125.83 Gram, Paint Harnder 321.56 Gram, Paint Thinner 125.83 Gram, Paint Mixing 0 Gram, Paint Binder(Gloss) 0 Gram, Paint Harnder 0 Gram, Paint Thinner 0 Gram, Paint Miscellaneous cost 1 | Total: 17,334.08"
BS-US-2506 C,37.32,15.38,,
BS-SM-16106 A RE,16.36,0.47,0.00,"Paint Epoxy Primer 0 Gram, Epoxy Thinner 0 Gram, Epoxy Hardner 0 Gram, Paint Mixing 0 Gram, Paint Matt agent(Matt) 0 Gram, Paint Harnder 0 Gram, Paint Thinner 0 Gram, Paint Mixing 0 Gram, Paint Binder(Gloss) 0 Gram, Paint Harnder 0 Gram, Paint Thinner 0 Gram, Paint Miscellaneous cost 1 | Total: 0.00"
BS-SM-16215,2.78,1.77,,
BS-SM-16275,7.78,9.46,2430.61,"Paint Epoxy Primer 271.28 Gram, Epoxy Thinner 57.31 Gram, Epoxy Hardner 53.49 Gram, Paint Mixing 87.19 Gram, Paint Matt agent(Matt) 43.6 Gram, Paint Harnder 43.6 Gram, Paint Thinner 35.29 Gram, Paint Mixing 0 Gram, Paint Binder(Gloss) 0 Gram, Paint Harnder 0 Gram, Paint Thinner 0 Gram, Paint Miscellaneous cost 1 | Total: 2,430.61"
BS-SM-16277-A,24.96,10.91,8560.81,"Paint Epoxy Primer 955.48 Gram, Epoxy Thinner 201.86 Gram, Epoxy Hardner 188.41 Gram, Paint Mixing 307.11 Gram, Paint Matt agent(Matt) 153.55 Gram, Paint Harnder 153.55 Gram, Paint Thinner 124.31 Gram, Paint Mixing 0 Gram, Paint Binder(Gloss) 0 Gram, Paint Harnder 0 Gram, Paint Thinner 0 Gram, Paint Miscellaneous cost 1 | Total: 8,560.81"
BS-SM-16277-B,7.72,10.91,3170.92,"Paint Epoxy Primer 353.91 Gram, Epoxy Thinner 74.77 Gram, Epoxy Hardner 69.79 Gram, Paint Mixing 113.75 Gram, Paint Matt agent(Matt) 56.88 Gram, Paint Harnder 56.88 Gram, Paint Thinner 46.04 Gram, Paint Mixing 0 Gram, Paint Binder(Gloss) 0 Gram, Paint Harnder 0 Gram, Paint Thinner 0 Gram, Paint Miscellaneous cost 1 | Total: 3,170.92"
BS-ET-16272-A,6,6,6820.49,"Paint Epoxy Primer 761.24 Gram, Epoxy Thinner 160.83 Gram, Epoxy Hardner 150.1 Gram, Paint Mixing 244.68 Gram, Paint Matt agent(Matt) 122.34 Gram, Paint Harnder 122.34 Gram, Paint Thinner 99.04 Gram, Paint Mixing 0 Gram, Paint Binder(Gloss) 0 Gram, Paint Harnder 0 Gram, Paint Thinner 0 Gram, Paint Miscellaneous cost 1 Gram | Total: 6,820.49"
BS-ET-16286-A,0.89,0.79,2570.37,"Paint Epoxy Primer 257.61 Gram, Epoxy Thinner 50.74 Gram, Epoxy Hardner 78.06 Gram, Paint Mixing 90.35 Gram, Paint Matt agent(Matt) 49.63 Gram, Paint Harnder 44.54 Gram, Paint Thinner 25.45 Gram, Paint Mixing 0 Gram, Paint Binder(Gloss) 0 Gram, Paint Harnder 0 Gram, Paint Thinner 0 Gram, Paint Miscellaneous cost 1 | Total: 2,570.37"
BS-ET-16288,2.33,0.3,1133.31,"Paint Epoxy Primer 126.49 Gram, Epoxy Thinner 26.72 Gram, Epoxy Hardner 24.94 Gram, Paint Mixing 40.66 Gram, Paint Matt agent(Matt) 20.33 Gram, Paint Harnder 20.33 Gram, Paint Thinner 16.46 Gram, Paint Mixing 0 Gram, Paint Binder(Gloss) 0 Gram, Paint Harnder 0 Gram, Paint Thinner 0 Gram, Paint Miscellaneous cost 1 | Total: 1,133.31"
BS-ET-16289,0.75,0.7,1397.32,"Paint Epoxy Primer 155.96 Gram, Epoxy Thinner 32.95 Gram, Epoxy Hardner 30.75 Gram, Paint Mixing 50.13 Gram, Paint Matt agent(Matt) 25.06 Gram, Paint Harnder 25.06 Gram, Paint Thinner 20.29 Gram, Paint Mixing 0 Gram, Paint Binder(Gloss) 0 Gram, Paint Harnder 0 Gram, Paint Thinner 0 Gram, Paint Miscellaneous cost 1 | Total: 1,397.32"
BS-ET-16291,0.25,0.25,1133.31,"Paint Epoxy Primer 126.49 Gram, Epoxy Thinner 26.72 Gram, Epoxy Hardner 24.94 Gram, Paint Mixing 40.66 Gram, Paint Matt agent(Matt) 20.33 Gram, Paint Harnder 20.33 Gram, Paint Thinner 16.46 Gram, Paint Mixing 0 Gram, Paint Binder(Gloss) 0 Gram, Paint Harnder 0 Gram, Paint Thinner 0 Gram, Paint Miscellaneous cost 1 Gram | Total: 1,133.31"
BS-ET-16295,0.56,0.53,,
BS-ET-16272-B,6,6,6820.49,"Paint Epoxy Primer 761.24 Gram, Epoxy Thinner 160.83 Gram, Epoxy Hardner 150.1 Gram, Paint Mixing 244.68 Gram, Paint Matt agent(Matt) 122.34 Gram, Paint Harnder 122.34 Gram, Paint Thinner 99.04 Gram, Paint Mixing 0 Gram, Paint Binder(Gloss) 0 Gram, Paint Harnder 0 Gram, Paint Thinner 0 Gram, Paint Miscellaneous cost 1 Gram | Total: 6,820.49"
BS-ET-16286-B,0.89,0.79,2570.37,"Paint Epoxy Primer 257.61 Gram, Epoxy Thinner 50.74 Gram, Epoxy Hardner 78.06 Gram, Paint Mixing 90.35 Gram, Paint Matt agent(Matt) 49.63 Gram, Paint Harnder 44.54 Gram, Paint Thinner 25.45 Gram, Paint Mixing 0 Gram, Paint Binder(Gloss) 0 Gram, Paint Harnder 0 Gram, Paint Thinner 0 Gram, Paint Miscellaneous cost 1 | Total: 2,570.37"
BS-ET-16304,3,2.67,1605.44,"Paint Epoxy Primer 179.19 Gram, Epoxy Thinner 37.86 Gram, Epoxy Hardner 35.33 Gram, Paint Mixing 57.59 Gram, Paint Matt agent(Matt) 28.8 Gram, Paint Harnder 28.8 Gram, Paint Thinner 23.31 Gram, Paint Mixing 0 Gram, Paint Binder(Gloss) 0 Gram, Paint Harnder 0 Gram, Paint Thinner 0 Gram, Paint Miscellaneous cost 1 Gram | Total: 1,605.44"
BS-QS-16263,7.99,2.15,3284.03,"Paint Epoxy Primer 366.54 Gram, Epoxy Thinner 77.44 Gram, Epoxy Hardner 72.27 Gram, Paint Mixing 117.81 Gram, Paint Matt agent(Matt) 58.91 Gram, Paint Harnder 58.91 Gram, Paint Thinner 47.69 Gram, Paint Mixing 0 Gram, Paint Binder(Gloss) 0 Gram, Paint Harnder 0 Gram, Paint Thinner 0 Gram, Paint Miscellaneous cost 1 | Total: 3,284.03"
BS-SI-16160-B,8.5,1.97,,
BS-US-500070 A,11.88,3.7,5337.14,"Paint Epoxy Primer 562.5 Gram, Epoxy Thinner 118.84 Gram, Epoxy Hardner 110.92 Gram, Paint Mixing 0 Gram, Paint Matt agent(Matt) 0 Gram, Paint Harnder 0 Gram, Paint Thinner 0 Gram, Paint Mixing 193.71 Gram, Paint Matt agent(Matt) 60.27 Gram, Paint Binder(Gloss) 38.74 Gram, Paint Harnder 99.01 Gram, Paint Thinner 38.74 Gram, Paint Mixing 0 Gram, Paint Binder(Gloss) 0 Gram, Paint Harnder 0 Gram, Paint Thinner 0 Gram, Paint Miscellaneous cost 1 | Total: 5,337.14"
BS-QS-16314,7.5,2.05,1439.83,"Paint Epoxy Primer 144.31 Gram, Epoxy Thinner 28.42 Gram, Epoxy Hardner 43.73 Gram, Paint Mixing 50.61 Gram, Paint Matt agent(Matt) 27.8 Gram, Paint Harnder 24.95 Gram, Paint Thinner 14.26 Gram, Paint Mixing 0 Gram, Paint Binder(Gloss) 0 Gram, Paint Harnder 0 Gram, Paint Thinner 0 Gram, Paint Miscellaneous cost 1 | Total: 1,439.83"
BS-ET-16257,0.93,0.34,0.00,"Paint Epoxy Primer 0 Gram, Epoxy Thinner 0 Gram, Epoxy Hardner 0 Gram, Paint Mixing 0 Gram, Paint Matt agent(Matt) 0 Gram, Paint Harnder 0 Gram, Paint Thinner 0 Gram, Paint Mixing 0 Gram, Paint Binder(Gloss) 0 Gram, Paint Harnder 0 Gram, Paint Thinner 0 Gram, Paint Miscellaneous cost 1 | Total: 0.00"
BS-ET-16297,1.49,0.32,1395.18,"Paint Epoxy Primer 155.72 Gram, Epoxy Thinner 32.9 Gram, Epoxy Hardner 30.7 Gram, Paint Mixing 50.05 Gram, Paint Matt agent(Matt) 25.03 Gram, Paint Harnder 25.03 Gram, Paint Thinner 20.26 Gram, Paint Mixing 0 Gram, Paint Binder(Gloss) 0 Gram, Paint Harnder 0 Gram, Paint Thinner 0 Gram, Paint Miscellaneous cost 1 | Total: 1,395.18"
BS-ET-16301,1.31,0.4,1439.83,"Paint Epoxy Primer 144.31 Gram, Epoxy Thinner 28.42 Gram, Epoxy Hardner 43.73 Gram, Paint Mixing 50.61 Gram, Paint Matt agent(Matt) 27.8 Gram, Paint Harnder 24.95 Gram, Paint Thinner 14.26 Gram, Paint Mixing 0 Gram, Paint Binder(Gloss) 0 Gram, Paint Harnder 0 Gram, Paint Thinner 0 Gram, Paint Miscellaneous cost 1 | Total: 1,439.83"
BS-ET-16318,3.83,3.83,3672.97,"Paint Epoxy Primer 409.95 Gram, Epoxy Thinner 86.61 Gram, Epoxy Hardner 80.83 Gram, Paint Mixing 131.76 Gram, Paint Matt agent(Matt) 65.88 Gram, Paint Harnder 65.88 Gram, Paint Thinner 53.33 Gram, Paint Mixing 0 Gram, Paint Binder(Gloss) 0 Gram, Paint Harnder 0 Gram, Paint Thinner 0 Gram, Paint Miscellaneous cost 1 Gram | Total: 3,672.97"
BS-ET-16061-RE,0.25,0.25,1162.53,"Paint Epoxy Primer 116.51 Gram, Epoxy Thinner 22.95 Gram, Epoxy Hardner 35.31 Gram, Paint Mixing 40.86 Gram, Paint Matt agent(Matt) 22.45 Gram, Paint Harnder 20.14 Gram, Paint Thinner 11.51 Gram, Paint Mixing 0 Gram, Paint Binder(Gloss) 0 Gram, Paint Harnder 0 Gram, Paint Thinner 0 Gram, Paint Miscellaneous cost 1 Gram | Total: 1,162.53"
BS-ET-16329,0.33,0.33,1162.53,"Paint Epoxy Primer 116.51 Gram, Epoxy Thinner 22.95 Gram, Epoxy Hardner 35.31 Gram, Paint Mixing 40.86 Gram, Paint Matt agent(Matt) 22.45 Gram, Paint Harnder 20.14 Gram, Paint Thinner 11.51 Gram, Paint Mixing 0 Gram, Paint Binder(Gloss) 0 Gram, Paint Harnder 0 Gram, Paint Thinner 0 Gram, Paint Miscellaneous cost 1 Gram | Total: 1,162.53"
BS-LHET-307,1.42,1.42,1906.03,"Paint Epoxy Primer 212.73 Gram, Epoxy Thinner 44.94 Gram, Epoxy Hardner 41.95 Gram, Paint Mixing 68.38 Gram, Paint Matt agent(Matt) 34.19 Gram, Paint Harnder 34.19 Gram, Paint Thinner 27.68 Gram, Paint Mixing 0 Gram, Paint Binder(Gloss) 0 Gram, Paint Harnder 0 Gram, Paint Thinner 0 Gram, Paint Miscellaneous cost 1 Gram | Total: 1,906.03"
BS-ET-15954-RE,4.25,0.75,1133.31,"Paint Epoxy Primer 126.49 Gram, Epoxy Thinner 26.72 Gram, Epoxy Hardner 24.94 Gram, Paint Mixing 40.66 Gram, Paint Matt agent(Matt) 20.33 Gram, Paint Harnder 20.33 Gram, Paint Thinner 16.46 Gram, Paint Mixing 0 Gram, Paint Binder(Gloss) 0 Gram, Paint Harnder 0 Gram, Paint Thinner 0 Gram, Paint Miscellaneous cost 1 | Total: 1,133.31"
BS-SI-16309,9,7.07,7063.89,"Paint Epoxy Primer 788.41 Gram, Epoxy Thinner 166.57 Gram, Epoxy Hardner 155.46 Gram, Paint Mixing 253.41 Gram, Paint Matt agent(Matt) 126.7 Gram, Paint Harnder 126.7 Gram, Paint Thinner 102.57 Gram, Paint Mixing 0 Gram, Paint Binder(Gloss) 0 Gram, Paint Harnder 0 Gram, Paint Thinner 0 Gram, Paint Miscellaneous cost 1 | Total: 7,063.89"
BS-QS-16302 A,11.75,7.06,6560.34,"Paint Epoxy Primer 732.21 Gram, Epoxy Thinner 154.69 Gram, Epoxy Hardner 144.38 Gram, Paint Mixing 235.34 Gram, Paint Matt agent(Matt) 117.67 Gram, Paint Harnder 117.67 Gram, Paint Thinner 95.26 Gram, Paint Mixing 0 Gram, Paint Binder(Gloss) 0 Gram, Paint Harnder 0 Gram, Paint Thinner 0 Gram, Paint Miscellaneous cost 1 | Total: 6,560.34"
BS-QS-16302 B,19.17,7.06,9652.49,"Paint Epoxy Primer 1077.33 Gram, Epoxy Thinner 227.6 Gram, Epoxy Hardner 212.43 Gram, Paint Mixing 346.27 Gram, Paint Matt agent(Matt) 173.13 Gram, Paint Harnder 173.13 Gram, Paint Thinner 140.16 Gram, Paint Mixing 0 Gram, Paint Binder(Gloss) 0 Gram, Paint Harnder 0 Gram, Paint Thinner 0 Gram, Paint Miscellaneous cost 1 | Total: 9,652.49"
BS-SM-15903 C RE,0,0.01,0.00,"Paint Epoxy Primer 0 Gram, Epoxy Thinner 0 Gram, Epoxy Hardner 0 Gram, Paint Mixing 0 Gram, Paint Matt agent(Matt) 0 Gram, Paint Harnder 0 Gram, Paint Thinner 0 Gram, Paint Mixing 0 Gram, Paint Binder(Gloss) 0 Gram, Paint Harnder 0 Gram, Paint Thinner 0 Gram, Paint Miscellaneous cost 1 | Total: 0.00"
BS-SM-16332,3.1,0.91,1396.04,"Paint Epoxy Primer 155.81 Gram, Epoxy Thinner 32.92 Gram, Epoxy Hardner 30.72 Gram, Paint Mixing 50.08 Gram, Paint Matt agent(Matt) 25.04 Gram, Paint Harnder 25.04 Gram, Paint Thinner 20.27 Gram, Paint Mixing 0 Gram, Paint Binder(Gloss) 0 Gram, Paint Harnder 0 Gram, Paint Thinner 0 Gram, Paint Miscellaneous cost 1 | Total: 1,396.04"
BS-SM-16333,2,2,1396.04,"Paint Epoxy Primer 155.81 Gram, Epoxy Thinner 32.92 Gram, Epoxy Hardner 30.72 Gram, Paint Mixing 50.08 Gram, Paint Matt agent(Matt) 25.04 Gram, Paint Harnder 25.04 Gram, Paint Thinner 20.27 Gram, Paint Mixing 0 Gram, Paint Binder(Gloss) 0 Gram, Paint Harnder 0 Gram, Paint Thinner 0 Gram, Paint Miscellaneous cost 1 | Total: 1,396.04"
BS-ET-UV-16296,4.08,4.08,7108.97,"Paint Epoxy Primer 793.44 Gram, Epoxy Thinner 167.63 Gram, Epoxy Hardner 156.45 Gram, Paint Mixing 255.02 Gram, Paint Matt agent(Matt) 127.51 Gram, Paint Harnder 127.51 Gram, Paint Thinner 103.22 Gram, Paint Mixing 0 Gram, Paint Binder(Gloss) 0 Gram, Paint Harnder 0 Gram, Paint Thinner 0 Gram, Paint Miscellaneous cost 1 Gram | Total: 7,108.97"
BS-ET-16303,4,3.14,,
BS-ET-16306-A,0.25,0.25,1661.94,"Paint Epoxy Primer 166.57 Gram, Epoxy Thinner 32.81 Gram, Epoxy Hardner 50.47 Gram, Paint Mixing 58.42 Gram, Paint Matt agent(Matt) 32.09 Gram, Paint Harnder 28.8 Gram, Paint Thinner 16.46 Gram, Paint Mixing 0 Gram, Paint Binder(Gloss) 0 Gram, Paint Harnder 0 Gram, Paint Thinner 0 Gram, Paint Miscellaneous cost 1 Gram | Total: 1,661.94"
BS-ET-16319,3.65,3.65,2514.37,"Paint Epoxy Primer 252 Gram, Epoxy Thinner 49.64 Gram, Epoxy Hardner 76.36 Gram, Paint Mixing 88.38 Gram, Paint Matt agent(Matt) 48.55 Gram, Paint Harnder 43.57 Gram, Paint Thinner 24.9 Gram, Paint Mixing 0 Gram, Paint Binder(Gloss) 0 Gram, Paint Harnder 0 Gram, Paint Thinner 0 Gram, Paint Miscellaneous cost 1 Gram | Total: 2,514.37"
BS-ET-16320-(Bulk),6.56,6.56,12665.81,"Paint Epoxy Primer 1413.65 Gram, Epoxy Thinner 298.66 Gram, Epoxy Hardner 278.75 Gram, Paint Mixing 454.37 Gram, Paint Matt agent(Matt) 227.18 Gram, Paint Harnder 227.18 Gram, Paint Thinner 183.91 Gram, Paint Mixing 0 Gram, Paint Binder(Gloss) 0 Gram, Paint Harnder 0 Gram, Paint Thinner 0 Gram, Paint Miscellaneous cost 1 Gram | Total: 12,665.81"
BS-ET-16323,2.43,0.55,1629.14,"Paint Epoxy Primer 181.83 Gram, Epoxy Thinner 38.41 Gram, Epoxy Hardner 35.85 Gram, Paint Mixing 58.44 Gram, Paint Matt agent(Matt) 29.22 Gram, Paint Harnder 29.22 Gram, Paint Thinner 23.66 Gram, Paint Mixing 0 Gram, Paint Binder(Gloss) 0 Gram, Paint Harnder 0 Gram, Paint Thinner 0 Gram, Paint Miscellaneous cost 1 | Total: 1,629.14"
BS-ET-16306-B,0.25,0.25,1661.94,"Paint Epoxy Primer 166.57 Gram, Epoxy Thinner 32.81 Gram, Epoxy Hardner 50.47 Gram, Paint Mixing 58.42 Gram, Paint Matt agent(Matt) 32.09 Gram, Paint Harnder 28.8 Gram, Paint Thinner 16.46 Gram, Paint Mixing 0 Gram, Paint Binder(Gloss) 0 Gram, Paint Harnder 0 Gram, Paint Thinner 0 Gram, Paint Miscellaneous cost 1 Gram | Total: 1,661.94"
BS-ET-16330,1,0.79,1655.81,"Paint Epoxy Primer 165.95 Gram, Epoxy Thinner 32.69 Gram, Epoxy Hardner 50.29 Gram, Paint Mixing 58.2 Gram, Paint Matt agent(Matt) 31.97 Gram, Paint Harnder 28.69 Gram, Paint Thinner 16.39 Gram, Paint Mixing 0 Gram, Paint Binder(Gloss) 0 Gram, Paint Harnder 0 Gram, Paint Thinner 0 Gram, Paint Miscellaneous cost 1 | Total: 1,655.81"
BS-ET-16337,2.29,2.29,1688.38,"Paint Epoxy Primer 188.44 Gram, Epoxy Thinner 39.81 Gram, Epoxy Hardner 37.16 Gram, Paint Mixing 60.57 Gram, Paint Matt agent(Matt) 30.28 Gram, Paint Harnder 30.28 Gram, Paint Thinner 24.52 Gram, Paint Mixing 0 Gram, Paint Binder(Gloss) 0 Gram, Paint Harnder 0 Gram, Paint Thinner 0 Gram, Paint Miscellaneous cost 1 Gram | Total: 1,688.38"
BS-ET-16338,1.04,0.84,1617.29,"Paint Epoxy Primer 180.51 Gram, Epoxy Thinner 38.14 Gram, Epoxy Hardner 35.59 Gram, Paint Mixing 58.02 Gram, Paint Matt agent(Matt) 29.01 Gram, Paint Harnder 29.01 Gram, Paint Thinner 23.48 Gram, Paint Mixing 0 Gram, Paint Binder(Gloss) 0 Gram, Paint Harnder 0 Gram, Paint Thinner 0 Gram, Paint Miscellaneous cost 1 Gram | Total: 1,617.29"
BS-SM-16299 (Bulk),1,0.79,,
BS-SM-16313-A,13.88,1.69,1796.67,"Paint Epoxy Primer 181.83 Gram, Epoxy Thinner 38.41 Gram, Epoxy Hardner 35.85 Gram, Paint Mixing 0 Gram, Paint Matt agent(Matt) 0 Gram, Paint Harnder 0 Gram, Paint Thinner 0 Gram, Paint Mixing 57.05 Gram, Paint Binder(Gloss) 29.22 Gram, Paint Harnder 41.74 Gram, Paint Thinner 11.13 Gram, Paint Miscellaneous cost 1 | Total: 1,796.67"
BS-SM-16334,8.26,3.56,5914.48,"Paint Epoxy Primer 159.81 Gram, Epoxy Thinner 31.48 Gram, Epoxy Hardner 48.43 Gram, Paint Mixing 506.04 Gram, Paint Matt agent(Matt) 30.79 Gram, Paint Harnder 27.63 Gram, Paint Thinner 15.79 Gram, Paint Mixing 0 Gram, Paint Binder(Gloss) 0 Gram, Paint Harnder 0 Gram, Paint Thinner 0 Gram, Paint Miscellaneous cost 1 | Total: 5,914.48"
BS-SM-16335,4.8,1.7,2547.38,"Paint Epoxy Primer 284.32 Gram, Epoxy Thinner 60.07 Gram, Epoxy Hardner 56.06 Gram, Paint Mixing 91.38 Gram, Paint Matt agent(Matt) 45.69 Gram, Paint Harnder 45.69 Gram, Paint Thinner 36.99 Gram, Paint Mixing 0 Gram, Paint Binder(Gloss) 0 Gram, Paint Harnder 0 Gram, Paint Thinner 0 Gram, Paint Miscellaneous cost 1 | Total: 2,547.38"
BS-SM-16336,12.02,3.63,5539.98,"Paint Epoxy Primer 575.47 Gram, Epoxy Thinner 121.58 Gram, Epoxy Hardner 113.47 Gram, Paint Mixing 224.96 Gram, Paint Matt agent(Matt) 92.48 Gram, Paint Harnder 92.48 Gram, Paint Thinner 74.87 Gram, Paint Mixing 0 Gram, Paint Binder(Gloss) 0 Gram, Paint Harnder 0 Gram, Paint Thinner 0 Gram, Paint Miscellaneous cost 1 | Total: 5,539.98"
BS-SM-16313-B,23.33,1.69,1835.87,"Paint Epoxy Primer 185.8 Gram, Epoxy Thinner 39.25 Gram, Epoxy Hardner 36.64 Gram, Paint Mixing 0 Gram, Paint Matt agent(Matt) 0 Gram, Paint Harnder 0 Gram, Paint Thinner 0 Gram, Paint Mixing 58.3 Gram, Paint Binder(Gloss) 29.86 Gram, Paint Harnder 42.66 Gram, Paint Thinner 11.37 Gram, Paint Miscellaneous cost 1 | Total: 1,835.87"
BS-QS-16223,12.46,14.71,13823.98,"Paint Epoxy Primer 1542.91 Gram, Epoxy Thinner 325.97 Gram, Epoxy Hardner 304.24 Gram, Paint Mixing 495.92 Gram, Paint Matt agent(Matt) 247.96 Gram, Paint Harnder 247.96 Gram, Paint Thinner 200.73 Gram, Paint Mixing 0 Gram, Paint Binder(Gloss) 0 Gram, Paint Harnder 0 Gram, Paint Thinner 0 Gram, Paint Miscellaneous cost 1 | Total: 13,823.98"
BS-SI-16292,20.78,4.44,2624.39,"Paint Epoxy Primer 292.91 Gram, Epoxy Thinner 61.88 Gram, Epoxy Hardner 57.76 Gram, Paint Mixing 94.15 Gram, Paint Matt agent(Matt) 47.07 Gram, Paint Harnder 47.07 Gram, Paint Thinner 38.11 Gram, Paint Mixing 0 Gram, Paint Binder(Gloss) 0 Gram, Paint Harnder 0 Gram, Paint Thinner 0 Gram, Paint Miscellaneous cost 1 | Total: 2,624.39"
BS-SI-16325,7.17,4.06,8667.51,"Paint Epoxy Primer 967.39 Gram, Epoxy Thinner 204.38 Gram, Epoxy Hardner 190.75 Gram, Paint Mixing 310.93 Gram, Paint Matt agent(Matt) 155.47 Gram, Paint Harnder 155.47 Gram, Paint Thinner 125.85 Gram, Paint Mixing 0 Gram, Paint Binder(Gloss) 0 Gram, Paint Harnder 0 Gram, Paint Thinner 0 Gram, Paint Miscellaneous cost 1 | Total: 8,667.51"
BS-SI-16327,5.07,2.68,3664.08,"Paint Epoxy Primer 408.95 Gram, Epoxy Thinner 86.4 Gram, Epoxy Hardner 80.64 Gram, Paint Mixing 131.44 Gram, Paint Matt agent(Matt) 65.72 Gram, Paint Harnder 65.72 Gram, Paint Thinner 53.2 Gram, Paint Mixing 0 Gram, Paint Binder(Gloss) 0 Gram, Paint Harnder 0 Gram, Paint Thinner 0 Gram, Paint Miscellaneous cost 1 | Total: 3,664.08"
BS-SI-16347,9,5.31,3797.37,"Paint Epoxy Primer 423.83 Gram, Epoxy Thinner 89.54 Gram, Epoxy Hardner 83.57 Gram, Paint Mixing 136.23 Gram, Paint Matt agent(Matt) 68.11 Gram, Paint Harnder 68.11 Gram, Paint Thinner 55.14 Gram, Paint Mixing 0 Gram, Paint Binder(Gloss) 0 Gram, Paint Harnder 0 Gram, Paint Thinner 0 Gram, Paint Miscellaneous cost 1 | Total: 3,797.37"
BS-US-2513,27.53,8.7,10341.06,"Paint Epoxy Primer 1089.88 Gram, Epoxy Thinner 230.26 Gram, Epoxy Hardner 214.91 Gram, Paint Mixing 0 Gram, Paint Matt agent(Matt) 0 Gram, Paint Harnder 0 Gram, Paint Thinner 0 Gram, Paint Mixing 375.33 Gram, Paint Matt agent(Matt) 116.77 Gram, Paint Binder(Gloss) 75.07 Gram, Paint Harnder 191.83 Gram, Paint Thinner 75.07 Gram, Paint Mixing 0 Gram, Paint Binder(Gloss) 0 Gram, Paint Harnder 0 Gram, Paint Thinner 0 Gram, Paint Miscellaneous cost 1 | Total: 10,341.06"
BS-US-2517,11.57,1.51,3251.84,"Paint Epoxy Primer 342.72 Gram, Epoxy Thinner 72.41 Gram, Epoxy Hardner 67.58 Gram, Paint Mixing 0 Gram, Paint Matt agent(Matt) 0 Gram, Paint Harnder 0 Gram, Paint Thinner 0 Gram, Paint Mixing 118.02 Gram, Paint Matt agent(Matt) 36.72 Gram, Paint Binder(Gloss) 23.6 Gram, Paint Harnder 60.32 Gram, Paint Thinner 23.6 Gram, Paint Mixing 0 Gram, Paint Binder(Gloss) 0 Gram, Paint Harnder 0 Gram, Paint Thinner 0 Gram, Paint Miscellaneous cost 1 | Total: 3,251.84"
BS-SN-15485,47.8,54.57,43199.27,"Paint Epoxy Primer 4552.92 Gram, Epoxy Thinner 961.89 Gram, Epoxy Hardner 897.76 Gram, Paint Mixing 0 Gram, Paint Matt agent(Matt) 0 Gram, Paint Harnder 0 Gram, Paint Thinner 0 Gram, Paint Mixing 1567.9 Gram, Paint Matt agent(Matt) 487.79 Gram, Paint Binder(Gloss) 313.58 Gram, Paint Harnder 801.37 Gram, Paint Thinner 313.58 Gram, Paint Mixing 0 Gram, Paint Binder(Gloss) 0 Gram, Paint Harnder 0 Gram, Paint Thinner 0 Gram, Paint Miscellaneous cost 1 | Total: 43,199.27"
BS-QS-16315,16.67,2.29,1655.81,"Paint Epoxy Primer 165.95 Gram, Epoxy Thinner 32.69 Gram, Epoxy Hardner 50.29 Gram, Paint Mixing 58.2 Gram, Paint Matt agent(Matt) 31.97 Gram, Paint Harnder 28.69 Gram, Paint Thinner 16.39 Gram, Paint Mixing 0 Gram, Paint Binder(Gloss) 0 Gram, Paint Harnder 0 Gram, Paint Thinner 0 Gram, Paint Miscellaneous cost 1 | Total: 1,655.81"
BS-QS-16360,15,4.53,4808.43,"Paint Epoxy Primer 536.68 Gram, Epoxy Thinner 113.38 Gram, Epoxy Hardner 105.82 Gram, Paint Mixing 172.5 Gram, Paint Matt agent(Matt) 86.25 Gram, Paint Harnder 86.25 Gram, Paint Thinner 69.82 Gram, Paint Mixing 0 Gram, Paint Binder(Gloss) 0 Gram, Paint Harnder 0 Gram, Paint Thinner 0 Gram, Paint Miscellaneous cost 1 | Total: 4,808.43"
BS-QS-15937-B,1.71,0.37,,
BS-GL-0018,2.5,0.61,1655.81,"Paint Epoxy Primer 165.95 Gram, Epoxy Thinner 32.69 Gram, Epoxy Hardner 50.29 Gram, Paint Mixing 58.2 Gram, Paint Matt agent(Matt) 31.97 Gram, Paint Harnder 28.69 Gram, Paint Thinner 16.39 Gram, Paint Mixing 0 Gram, Paint Binder(Gloss) 0 Gram, Paint Harnder 0 Gram, Paint Thinner 0 Gram, Paint Miscellaneous cost 1 | Total: 1,655.81"
BS-GL-0019,8.98,4.2,,
BS-SI-16357,13,2.18,3128.93,"Paint Epoxy Primer 349.22 Gram, Epoxy Thinner 73.78 Gram, Epoxy Hardner 68.86 Gram, Paint Mixing 112.25 Gram, Paint Matt agent(Matt) 56.12 Gram, Paint Harnder 56.12 Gram, Paint Thinner 45.43 Gram, Paint Mixing 0 Gram, Paint Binder(Gloss) 0 Gram, Paint Harnder 0 Gram, Paint Thinner 0 Gram, Paint Miscellaneous cost 1 | Total: 3,128.93"
BS-QS-16344,4.97,1.3,1605.44,"Paint Epoxy Primer 179.19 Gram, Epoxy Thinner 37.86 Gram, Epoxy Hardner 35.33 Gram, Paint Mixing 57.59 Gram, Paint Matt agent(Matt) 28.8 Gram, Paint Harnder 28.8 Gram, Paint Thinner 23.31 Gram, Paint Mixing 0 Gram, Paint Binder(Gloss) 0 Gram, Paint Harnder 0 Gram, Paint Thinner 0 Gram, Paint Miscellaneous cost 1 | Total: 1,605.44"
BS-S.C-15317,,,25333.85,"Paint Epoxy Primer 2827.55 Gram, Epoxy Thinner 597.37 Gram, Epoxy Hardner 557.54 Gram, Paint Mixing 908.82 Gram, Paint Matt agent(Matt) 454.41 Gram, Paint Harnder 454.41 Gram, Paint Thinner 367.85 Gram, Paint Mixing 0 Gram, Paint Binder(Gloss) 0 Gram, Paint Harnder 0 Gram, Paint Thinner 0 Gram, Paint Miscellaneous cost 1 | Total: 25,333.85"
BS-QS-16358-B,9,0.79,5738.27,"Paint Epoxy Primer 640.46 Gram, Epoxy Thinner 135.31 Gram, Epoxy Hardner 126.29 Gram, Paint Mixing 205.85 Gram, Paint Matt agent(Matt) 102.93 Gram, Paint Harnder 102.93 Gram, Paint Thinner 83.32 Gram, Paint Mixing 0 Gram, Paint Binder(Gloss) 0 Gram, Paint Harnder 0 Gram, Paint Thinner 0 Gram, Paint Miscellaneous cost 1 | Total: 5,738.27"
BS-SI-15986 RE,2.22,2.59,,
BS-SM-16353-A,28.33,6.45,2806.56,"Paint Epoxy Primer 313.24 Gram, Epoxy Thinner 66.18 Gram, Epoxy Hardner 61.77 Gram, Paint Mixing 100.68 Gram, Paint Matt agent(Matt) 50.34 Gram, Paint Harnder 50.34 Gram, Paint Thinner 40.75 Gram, Paint Mixing 0 Gram, Paint Binder(Gloss) 0 Gram, Paint Harnder 0 Gram, Paint Thinner 0 Gram, Paint Miscellaneous cost 1 | Total: 2,806.56"
BS-SM-16354-A,1.13,0.14,1605.44,"Paint Epoxy Primer 179.19 Gram, Epoxy Thinner 37.86 Gram, Epoxy Hardner 35.33 Gram, Paint Mixing 57.59 Gram, Paint Matt agent(Matt) 28.8 Gram, Paint Harnder 28.8 Gram, Paint Thinner 23.31 Gram, Paint Mixing 0 Gram, Paint Binder(Gloss) 0 Gram, Paint Harnder 0 Gram, Paint Thinner 0 Gram, Paint Miscellaneous cost 1 | Total: 1,605.44"
BS-SM-16353-B,12.78,6.45,1606.92,"Paint Epoxy Primer 179.35 Gram, Epoxy Thinner 37.89 Gram, Epoxy Hardner 35.36 Gram, Paint Mixing 57.65 Gram, Paint Matt agent(Matt) 28.82 Gram, Paint Harnder 28.82 Gram, Paint Thinner 23.33 Gram, Paint Mixing 0 Gram, Paint Binder(Gloss) 0 Gram, Paint Harnder 0 Gram, Paint Thinner 0 Gram, Paint Miscellaneous cost 1 | Total: 1,606.92"
BS-SM-16354-B,0.56,0.12,1605.44,"Paint Epoxy Primer 179.19 Gram, Epoxy Thinner 37.86 Gram, Epoxy Hardner 35.33 Gram, Paint Mixing 57.59 Gram, Paint Matt agent(Matt) 28.8 Gram, Paint Harnder 28.8 Gram, Paint Thinner 23.31 Gram, Paint Mixing 0 Gram, Paint Binder(Gloss) 0 Gram, Paint Harnder 0 Gram, Paint Thinner 0 Gram, Paint Miscellaneous cost 1 | Total: 1,605.44"
BS-ET-16172-A,4,4,6220.00,"Paint Epoxy Primer 623.4 Gram, Epoxy Thinner 122.79 Gram, Epoxy Hardner 188.91 Gram, Paint Mixing 218.63 Gram, Paint Matt agent(Matt) 120.09 Gram, Paint Harnder 107.77 Gram, Paint Thinner 61.59 Gram, Paint Mixing 0 Gram, Paint Binder(Gloss) 0 Gram, Paint Harnder 0 Gram, Paint Thinner 0 Gram, Paint Miscellaneous cost 1 | Total: 6,220.00"
BS-ET-16260-A,,,,
BS-ET-16260-B,,,,
BS-ET-16305,0.58,0.14,0.00,"Paint Epoxy Primer 0 Gram, Epoxy Thinner 0 Gram, Epoxy Hardner 0 Gram, Paint Mixing 0 Gram, Paint Matt agent(Matt) 0 Gram, Paint Harnder 0 Gram, Paint Thinner 0 Gram, Paint Mixing 0 Gram, Paint Binder(Gloss) 0 Gram, Paint Harnder 0 Gram, Paint Thinner 0 Gram, Paint Miscellaneous cost 1 | Total: 0.00"
BS-ET-16321,11.11,12.65,2267.96,"Paint Epoxy Primer 253.13 Gram, Epoxy Thinner 53.48 Gram, Epoxy Hardner 49.91 Gram, Paint Mixing 81.36 Gram, Paint Matt agent(Matt) 40.68 Gram, Paint Harnder 40.68 Gram, Paint Thinner 32.93 Gram, Paint Mixing 0 Gram, Paint Binder(Gloss) 0 Gram, Paint Harnder 0 Gram, Paint Thinner 0 Gram, Paint Miscellaneous cost 1 | Total: 2,267.96"
BS-ET-16324,4.82,2.25,8388.81,"Paint Epoxy Primer 848.98 Gram, Epoxy Thinner 179.36 Gram, Epoxy Hardner 167.41 Gram, Paint Mixing 0 Gram, Paint Matt agent(Matt) 0 Gram, Paint Harnder 0 Gram, Paint Thinner 0 Gram, Paint Mixing 266.38 Gram, Paint Binder(Gloss) 136.44 Gram, Paint Harnder 194.91 Gram, Paint Thinner 51.98 Gram, Paint Miscellaneous cost 1 | Total: 8,388.81"
BS-ET-16351,15.34,12.05,,
BS-ET-16365-A,1,0.79,1605.44,"Paint Epoxy Primer 179.19 Gram, Epoxy Thinner 37.86 Gram, Epoxy Hardner 35.33 Gram, Paint Mixing 57.59 Gram, Paint Matt agent(Matt) 28.8 Gram, Paint Harnder 28.8 Gram, Paint Thinner 23.31 Gram, Paint Mixing 0 Gram, Paint Binder(Gloss) 0 Gram, Paint Harnder 0 Gram, Paint Thinner 0 Gram, Paint Miscellaneous cost 1 Gram | Total: 1,605.44"
BS-ET-16367,0.67,0.78,1606.43,"Paint Epoxy Primer 179.3 Gram, Epoxy Thinner 37.88 Gram, Epoxy Hardner 35.35 Gram, Paint Mixing 57.63 Gram, Paint Matt agent(Matt) 28.81 Gram, Paint Harnder 28.81 Gram, Paint Thinner 23.33 Gram, Paint Mixing 0 Gram, Paint Binder(Gloss) 0 Gram, Paint Harnder 0 Gram, Paint Thinner 0 Gram, Paint Miscellaneous cost 1 | Total: 1,606.43"
BS-ET-UV-16373,0.94,0.71,,
BS-ET-16365-B,0.38,0.38,1605.44,"Paint Epoxy Primer 179.19 Gram, Epoxy Thinner 37.86 Gram, Epoxy Hardner 35.33 Gram, Paint Mixing 57.59 Gram, Paint Matt agent(Matt) 28.8 Gram, Paint Harnder 28.8 Gram, Paint Thinner 23.31 Gram, Paint Mixing 0 Gram, Paint Binder(Gloss) 0 Gram, Paint Harnder 0 Gram, Paint Thinner 0 Gram, Paint Miscellaneous cost 1 Gram | Total: 1,605.44"
BS-ET-16365-C,1,0.79,1605.44,"Paint Epoxy Primer 179.19 Gram, Epoxy Thinner 37.86 Gram, Epoxy Hardner 35.33 Gram, Paint Mixing 57.59 Gram, Paint Matt agent(Matt) 28.8 Gram, Paint Harnder 28.8 Gram, Paint Thinner 23.31 Gram, Paint Mixing 0 Gram, Paint Binder(Gloss) 0 Gram, Paint Harnder 0 Gram, Paint Thinner 0 Gram, Paint Miscellaneous cost 1 Gram | Total: 1,605.44"
BS-ET-16365-D,0.38,0.38,1605.44,"Paint Epoxy Primer 179.19 Gram, Epoxy Thinner 37.86 Gram, Epoxy Hardner 35.33 Gram, Paint Mixing 57.59 Gram, Paint Matt agent(Matt) 28.8 Gram, Paint Harnder 28.8 Gram, Paint Thinner 23.31 Gram, Paint Mixing 0 Gram, Paint Binder(Gloss) 0 Gram, Paint Harnder 0 Gram, Paint Thinner 0 Gram, Paint Miscellaneous cost 1 Gram | Total: 1,605.44"
BS-LHET-316,0.49,0.49,1605.44,"Paint Epoxy Primer 179.19 Gram, Epoxy Thinner 37.86 Gram, Epoxy Hardner 35.33 Gram, Paint Mixing 57.59 Gram, Paint Matt agent(Matt) 28.8 Gram, Paint Harnder 28.8 Gram, Paint Thinner 23.31 Gram, Paint Mixing 0 Gram, Paint Binder(Gloss) 0 Gram, Paint Harnder 0 Gram, Paint Thinner 0 Gram, Paint Miscellaneous cost 1 Gram | Total: 1,605.44"
BS-LHET-312,0.56,0.56,,
BS-LHET-323,13.35,3.53,4100.49,"Paint Epoxy Primer 457.66 Gram, Epoxy Thinner 96.69 Gram, Epoxy Hardner 90.24 Gram, Paint Mixing 147.1 Gram, Paint Matt agent(Matt) 73.55 Gram, Paint Harnder 73.55 Gram, Paint Thinner 59.54 Gram, Paint Mixing 0 Gram, Paint Binder(Gloss) 0 Gram, Paint Harnder 0 Gram, Paint Thinner 0 Gram, Paint Miscellaneous cost 1 | Total: 4,100.49"
BS-LHET-325-A,2.88,2.88,3459.70,"Paint Epoxy Primer 386.14 Gram, Epoxy Thinner 81.58 Gram, Epoxy Hardner 76.14 Gram, Paint Mixing 124.11 Gram, Paint Matt agent(Matt) 62.06 Gram, Paint Harnder 62.06 Gram, Paint Thinner 50.24 Gram, Paint Mixing 0 Gram, Paint Binder(Gloss) 0 Gram, Paint Harnder 0 Gram, Paint Thinner 0 Gram, Paint Miscellaneous cost 1 Gram | Total: 3,459.70"
BS-LHET-325-B,0.47,0.43,1605.44,"Paint Epoxy Primer 179.19 Gram, Epoxy Thinner 37.86 Gram, Epoxy Hardner 35.33 Gram, Paint Mixing 57.59 Gram, Paint Matt agent(Matt) 28.8 Gram, Paint Harnder 28.8 Gram, Paint Thinner 23.31 Gram, Paint Mixing 0 Gram, Paint Binder(Gloss) 0 Gram, Paint Harnder 0 Gram, Paint Thinner 0 Gram, Paint Miscellaneous cost 1 Gram | Total: 1,605.44"
BS-SI-16293,3.44,1.23,1605.44,"Paint Epoxy Primer 179.19 Gram, Epoxy Thinner 37.86 Gram, Epoxy Hardner 35.33 Gram, Paint Mixing 57.59 Gram, Paint Matt agent(Matt) 28.8 Gram, Paint Harnder 28.8 Gram, Paint Thinner 23.31 Gram, Paint Mixing 0 Gram, Paint Binder(Gloss) 0 Gram, Paint Harnder 0 Gram, Paint Thinner 0 Gram, Paint Miscellaneous cost 1 | Total: 1,605.44"
BS-SI-16368-A,7.11,5.59,3731.22,"Paint Epoxy Primer 416.45 Gram, Epoxy Thinner 87.98 Gram, Epoxy Hardner 82.12 Gram, Paint Mixing 133.85 Gram, Paint Matt agent(Matt) 66.93 Gram, Paint Harnder 66.93 Gram, Paint Thinner 54.18 Gram, Paint Mixing 0 Gram, Paint Binder(Gloss) 0 Gram, Paint Harnder 0 Gram, Paint Thinner 0 Gram, Paint Miscellaneous cost 1 | Total: 3,731.22"
BS-SI-16368-B,5,3.93,2799.16,"Paint Epoxy Primer 312.42 Gram, Epoxy Thinner 66 Gram, Epoxy Hardner 61.6 Gram, Paint Mixing 100.42 Gram, Paint Matt agent(Matt) 50.21 Gram, Paint Harnder 50.21 Gram, Paint Thinner 40.64 Gram, Paint Mixing 0 Gram, Paint Binder(Gloss) 0 Gram, Paint Harnder 0 Gram, Paint Thinner 0 Gram, Paint Miscellaneous cost 1 | Total: 2,799.16"
BS-ET-16155,2.62,1.46,1605.44,"Paint Epoxy Primer 179.19 Gram, Epoxy Thinner 37.86 Gram, Epoxy Hardner 35.33 Gram, Paint Mixing 57.59 Gram, Paint Matt agent(Matt) 28.8 Gram, Paint Harnder 28.8 Gram, Paint Thinner 23.31 Gram, Paint Mixing 0 Gram, Paint Binder(Gloss) 0 Gram, Paint Harnder 0 Gram, Paint Thinner 0 Gram, Paint Miscellaneous cost 1 | Total: 1,605.44"
BS-ET-16172-B-Bulk,5.33,13,9920.96,"Paint Epoxy Primer 1107.29 Gram, Epoxy Thinner 233.94 Gram, Epoxy Hardner 218.34 Gram, Paint Mixing 355.9 Gram, Paint Matt agent(Matt) 177.95 Gram, Paint Harnder 177.95 Gram, Paint Thinner 144.05 Gram, Paint Mixing 0 Gram, Paint Binder(Gloss) 0 Gram, Paint Harnder 0 Gram, Paint Thinner 0 Gram, Paint Miscellaneous cost 1 | Total: 9,920.96"
BS-ET-16352,2,2,,
BS-LHET-321,1.08,1.08,3750.27,"Paint Epoxy Primer 311.43 Gram, Epoxy Thinner 65.79 Gram, Epoxy Hardner 61.41 Gram, Paint Mixing 200.1 Gram, Paint Matt agent(Matt) 50.05 Gram, Paint Harnder 50.05 Gram, Paint Thinner 40.52 Gram, Paint Mixing 0 Gram, Paint Binder(Gloss) 0 Gram, Paint Harnder 0 Gram, Paint Thinner 0 Gram, Paint Miscellaneous cost 1 Gram | Total: 3,750.27"
BS-LHET-311,0.97,0.76,,
BS-LHET-315-A,2.88,2.88,3459.70,"Paint Epoxy Primer 386.14 Gram, Epoxy Thinner 81.58 Gram, Epoxy Hardner 76.14 Gram, Paint Mixing 124.11 Gram, Paint Matt agent(Matt) 62.06 Gram, Paint Harnder 62.06 Gram, Paint Thinner 50.24 Gram, Paint Mixing 0 Gram, Paint Binder(Gloss) 0 Gram, Paint Harnder 0 Gram, Paint Thinner 0 Gram, Paint Miscellaneous cost 1 Gram | Total: 3,459.70"
BS-LHET-315-B,2.88,2.88,3459.70,"Paint Epoxy Primer 386.14 Gram, Epoxy Thinner 81.58 Gram, Epoxy Hardner 76.14 Gram, Paint Mixing 124.11 Gram, Paint Matt agent(Matt) 62.06 Gram, Paint Harnder 62.06 Gram, Paint Thinner 50.24 Gram, Paint Mixing 0 Gram, Paint Binder(Gloss) 0 Gram, Paint Harnder 0 Gram, Paint Thinner 0 Gram, Paint Miscellaneous cost 1 Gram | Total: 3,459.70"
BS-LHET-315-C,2.88,2.88,3459.70,"Paint Epoxy Primer 386.14 Gram, Epoxy Thinner 81.58 Gram, Epoxy Hardner 76.14 Gram, Paint Mixing 124.11 Gram, Paint Matt agent(Matt) 62.06 Gram, Paint Harnder 62.06 Gram, Paint Thinner 50.24 Gram, Paint Mixing 0 Gram, Paint Binder(Gloss) 0 Gram, Paint Harnder 0 Gram, Paint Thinner 0 Gram, Paint Miscellaneous cost 1 Gram | Total: 3,459.70"
BS-US-2499 A,14.16,1.46,3240.40,"Paint Epoxy Primer 290.93 Gram, Epoxy Thinner 61.46 Gram, Epoxy Hardner 57.37 Gram, Paint Mixing 0 Gram, Paint Matt agent(Matt) 0 Gram, Paint Harnder 0 Gram, Paint Thinner 0 Gram, Paint Mixing 150.19 Gram, Paint Matt agent(Matt) 31.17 Gram, Paint Binder(Gloss) 20.04 Gram, Paint Harnder 51.21 Gram, Paint Thinner 20.04 Gram, Paint Mixing 0 Gram, Paint Binder(Gloss) 0 Gram, Paint Harnder 0 Gram, Paint Thinner 0 Gram, Paint Miscellaneous cost 1 | Total: 3,240.40"
BS-US-2499 B,0.32,0.08,1599.78,"Paint Epoxy Primer 168.61 Gram, Epoxy Thinner 35.62 Gram, Epoxy Hardner 33.25 Gram, Paint Mixing 0 Gram, Paint Matt agent(Matt) 0 Gram, Paint Harnder 0 Gram, Paint Thinner 0 Gram, Paint Mixing 58.06 Gram, Paint Matt agent(Matt) 18.06 Gram, Paint Binder(Gloss) 11.61 Gram, Paint Harnder 29.68 Gram, Paint Thinner 11.61 Gram, Paint Mixing 0 Gram, Paint Binder(Gloss) 0 Gram, Paint Harnder 0 Gram, Paint Thinner 0 Gram, Paint Miscellaneous cost 1 | Total: 1,599.78"
BS-US-2511 A,,,36045.23,"Paint Epoxy Primer 3798.93 Gram, Epoxy Thinner 802.59 Gram, Epoxy Hardner 749.09 Gram, Paint Mixing 0 Gram, Paint Matt agent(Matt) 0 Gram, Paint Harnder 0 Gram, Paint Thinner 0 Gram, Paint Mixing 1308.25 Gram, Paint Matt agent(Matt) 407.01 Gram, Paint Binder(Gloss) 261.65 Gram, Paint Harnder 668.66 Gram, Paint Thinner 261.65 Gram, Paint Mixing 0 Gram, Paint Binder(Gloss) 0 Gram, Paint Harnder 0 Gram, Paint Thinner 0 Gram, Paint Miscellaneous cost 1 | Total: 36,045.23"
BS-US-2511 B,,,41242.94,"Paint Epoxy Primer 4346.74 Gram, Epoxy Thinner 918.33 Gram, Epoxy Hardner 857.1 Gram, Paint Mixing 0 Gram, Paint Matt agent(Matt) 0 Gram, Paint Harnder 0 Gram, Paint Thinner 0 Gram, Paint Mixing 1496.9 Gram, Paint Matt agent(Matt) 465.7 Gram, Paint Binder(Gloss) 299.38 Gram, Paint Harnder 765.08 Gram, Paint Thinner 299.38 Gram, Paint Mixing 0 Gram, Paint Binder(Gloss) 0 Gram, Paint Harnder 0 Gram, Paint Thinner 0 Gram, Paint Miscellaneous cost 1 | Total: 41,242.94"
BS-US-2511 C,,,41242.94,"Paint Epoxy Primer 4346.74 Gram, Epoxy Thinner 918.33 Gram, Epoxy Hardner 857.1 Gram, Paint Mixing 0 Gram, Paint Matt agent(Matt) 0 Gram, Paint Harnder 0 Gram, Paint Thinner 0 Gram, Paint Mixing 1496.9 Gram, Paint Matt agent(Matt) 465.7 Gram, Paint Binder(Gloss) 299.38 Gram, Paint Harnder 765.08 Gram, Paint Thinner 299.38 Gram, Paint Mixing 0 Gram, Paint Binder(Gloss) 0 Gram, Paint Harnder 0 Gram, Paint Thinner 0 Gram, Paint Miscellaneous cost 1 | Total: 41,242.94"
BS-ET-16317-(Bulk),1.58,1.37,2792.24,"Paint Epoxy Primer 311.65 Gram, Epoxy Thinner 65.84 Gram, Epoxy Hardner 61.45 Gram, Paint Mixing 100.17 Gram, Paint Matt agent(Matt) 50.08 Gram, Paint Harnder 50.08 Gram, Paint Thinner 40.54 Gram, Paint Mixing 0 Gram, Paint Binder(Gloss) 0 Gram, Paint Harnder 0 Gram, Paint Thinner 0 Gram, Paint Miscellaneous cost 1 | Total: 2,792.24"
BS-ET-16377,1,1,1605.44,"Paint Epoxy Primer 179.19 Gram, Epoxy Thinner 37.86 Gram, Epoxy Hardner 35.33 Gram, Paint Mixing 57.59 Gram, Paint Matt agent(Matt) 28.8 Gram, Paint Harnder 28.8 Gram, Paint Thinner 23.31 Gram, Paint Mixing 0 Gram, Paint Binder(Gloss) 0 Gram, Paint Harnder 0 Gram, Paint Thinner 0 Gram, Paint Miscellaneous cost 1 Gram | Total: 1,605.44"
BS-ET-14895-RE,0,,,
BS-S.C-16340,3.83,2.79,1652.84,"Paint Epoxy Primer 184.48 Gram, Epoxy Thinner 38.97 Gram, Epoxy Hardner 36.38 Gram, Paint Mixing 59.29 Gram, Paint Matt agent(Matt) 29.65 Gram, Paint Harnder 29.65 Gram, Paint Thinner 24 Gram, Paint Mixing 0 Gram, Paint Binder(Gloss) 0 Gram, Paint Harnder 0 Gram, Paint Thinner 0 Gram, Paint Miscellaneous cost 1 | Total: 1,652.84"
BS-US-500061 A,,,47198.98,"Paint Epoxy Primer 4974.47 Gram, Epoxy Thinner 1050.94 Gram, Epoxy Hardner 980.88 Gram, Paint Mixing 0 Gram, Paint Matt agent(Matt) 0 Gram, Paint Harnder 0 Gram, Paint Thinner 0 Gram, Paint Mixing 1713.07 Gram, Paint Matt agent(Matt) 532.96 Gram, Paint Binder(Gloss) 342.61 Gram, Paint Harnder 875.57 Gram, Paint Thinner 342.61 Gram, Paint Mixing 0 Gram, Paint Binder(Gloss) 0 Gram, Paint Harnder 0 Gram, Paint Thinner 0 Gram, Paint Miscellaneous cost 1 | Total: 47,198.98"
BS-US-500061 B,,,47198.98,"Paint Epoxy Primer 4974.47 Gram, Epoxy Thinner 1050.94 Gram, Epoxy Hardner 980.88 Gram, Paint Mixing 0 Gram, Paint Matt agent(Matt) 0 Gram, Paint Harnder 0 Gram, Paint Thinner 0 Gram, Paint Mixing 1713.07 Gram, Paint Matt agent(Matt) 532.96 Gram, Paint Binder(Gloss) 342.61 Gram, Paint Harnder 875.57 Gram, Paint Thinner 342.61 Gram, Paint Mixing 0 Gram, Paint Binder(Gloss) 0 Gram, Paint Harnder 0 Gram, Paint Thinner 0 Gram, Paint Miscellaneous cost 1 | Total: 47,198.98"
BS-SM-16274,19.17,8.93,8949.40,"Paint Epoxy Primer 998.86 Gram, Epoxy Thinner 211.03 Gram, Epoxy Hardner 196.96 Gram, Paint Mixing 321.05 Gram, Paint Matt agent(Matt) 160.52 Gram, Paint Harnder 160.52 Gram, Paint Thinner 129.95 Gram, Paint Mixing 0 Gram, Paint Binder(Gloss) 0 Gram, Paint Harnder 0 Gram, Paint Thinner 0 Gram, Paint Miscellaneous cost 1 | Total: 8,949.40"
BS-SM-16348,12.5,12.5,,
BS-SM-16349,6.6,8.03,8605.80,"Paint Epoxy Primer 960.51 Gram, Epoxy Thinner 202.92 Gram, Epoxy Hardner 189.4 Gram, Paint Mixing 308.72 Gram, Paint Matt agent(Matt) 154.36 Gram, Paint Harnder 154.36 Gram, Paint Thinner 124.96 Gram, Paint Mixing 0 Gram, Paint Binder(Gloss) 0 Gram, Paint Harnder 0 Gram, Paint Thinner 0 Gram, Paint Miscellaneous cost 1 | Total: 8,605.80"
BS-SM-16364,1.88,0.31,1605.44,"Paint Epoxy Primer 179.19 Gram, Epoxy Thinner 37.86 Gram, Epoxy Hardner 35.33 Gram, Paint Mixing 57.59 Gram, Paint Matt agent(Matt) 28.8 Gram, Paint Harnder 28.8 Gram, Paint Thinner 23.31 Gram, Paint Mixing 0 Gram, Paint Binder(Gloss) 0 Gram, Paint Harnder 0 Gram, Paint Thinner 0 Gram, Paint Miscellaneous cost 1 | Total: 1,605.44"
BS-US-2479,,,59620.01,"Paint Epoxy Primer 6283.57 Gram, Epoxy Thinner 1327.51 Gram, Epoxy Hardner 1239.01 Gram, Paint Mixing 0 Gram, Paint Matt agent(Matt) 0 Gram, Paint Harnder 0 Gram, Paint Thinner 0 Gram, Paint Mixing 2163.89 Gram, Paint Matt agent(Matt) 673.21 Gram, Paint Binder(Gloss) 432.78 Gram, Paint Harnder 1105.99 Gram, Paint Thinner 432.78 Gram, Paint Mixing 0 Gram, Paint Binder(Gloss) 0 Gram, Paint Harnder 0 Gram, Paint Thinner 0 Gram, Paint Miscellaneous cost 1 | Total: 59,620.01"
BS-QS-16280,6.25,1.73,2894.93,"Paint Epoxy Primer 323.11 Gram, Epoxy Thinner 68.26 Gram, Epoxy Hardner 63.71 Gram, Paint Mixing 103.85 Gram, Paint Matt agent(Matt) 51.93 Gram, Paint Harnder 51.93 Gram, Paint Thinner 42.04 Gram, Paint Mixing 0 Gram, Paint Binder(Gloss) 0 Gram, Paint Harnder 0 Gram, Paint Thinner 0 Gram, Paint Miscellaneous cost 1 | Total: 2,894.93"
BS-QS-16358-A,3.83,1.13,1605.44,"Paint Epoxy Primer 179.19 Gram, Epoxy Thinner 37.86 Gram, Epoxy Hardner 35.33 Gram, Paint Mixing 57.59 Gram, Paint Matt agent(Matt) 28.8 Gram, Paint Harnder 28.8 Gram, Paint Thinner 23.31 Gram, Paint Mixing 0 Gram, Paint Binder(Gloss) 0 Gram, Paint Harnder 0 Gram, Paint Thinner 0 Gram, Paint Miscellaneous cost 1 | Total: 1,605.44"
BS-S.inc-16395-A-(Bulk),4.43,3.24,5089.82,"Paint Epoxy Primer 568.08 Gram, Epoxy Thinner 120.02 Gram, Epoxy Hardner 112.02 Gram, Paint Mixing 182.59 Gram, Paint Matt agent(Matt) 91.3 Gram, Paint Harnder 91.3 Gram, Paint Thinner 73.91 Gram, Paint Mixing 0 Gram, Paint Binder(Gloss) 0 Gram, Paint Harnder 0 Gram, Paint Thinner 0 Gram, Paint Miscellaneous cost 1 | Total: 5,089.82"
BS-S.inc-16395-B-(Bulk),1.46,1.16,2792.74,"Paint Epoxy Primer 311.7 Gram, Epoxy Thinner 65.85 Gram, Epoxy Hardner 61.46 Gram, Paint Mixing 100.19 Gram, Paint Matt agent(Matt) 50.09 Gram, Paint Harnder 50.09 Gram, Paint Thinner 40.55 Gram, Paint Mixing 0 Gram, Paint Binder(Gloss) 0 Gram, Paint Harnder 0 Gram, Paint Thinner 0 Gram, Paint Miscellaneous cost 1 | Total: 2,792.74"
BS-SI-16372,9,7.06,1619.27,"Paint Epoxy Primer 180.73 Gram, Epoxy Thinner 38.18 Gram, Epoxy Hardner 35.64 Gram, Paint Mixing 58.09 Gram, Paint Matt agent(Matt) 29.04 Gram, Paint Harnder 29.04 Gram, Paint Thinner 23.51 Gram, Paint Mixing 0 Gram, Paint Binder(Gloss) 0 Gram, Paint Harnder 0 Gram, Paint Thinner 0 Gram, Paint Miscellaneous cost 1 | Total: 1,619.27"
BS-ET-16279-A,0.67,0.67,1605.44,"Paint Epoxy Primer 179.19 Gram, Epoxy Thinner 37.86 Gram, Epoxy Hardner 35.33 Gram, Paint Mixing 57.59 Gram, Paint Matt agent(Matt) 28.8 Gram, Paint Harnder 28.8 Gram, Paint Thinner 23.31 Gram, Paint Mixing 0 Gram, Paint Binder(Gloss) 0 Gram, Paint Harnder 0 Gram, Paint Thinner 0 Gram, Paint Miscellaneous cost 1 Gram | Total: 1,605.44"
BS-ET-16279-B,0.67,0.67,1605.44,"Paint Epoxy Primer 179.19 Gram, Epoxy Thinner 37.86 Gram, Epoxy Hardner 35.33 Gram, Paint Mixing 57.59 Gram, Paint Matt agent(Matt) 28.8 Gram, Paint Harnder 28.8 Gram, Paint Thinner 23.31 Gram, Paint Mixing 0 Gram, Paint Binder(Gloss) 0 Gram, Paint Harnder 0 Gram, Paint Thinner 0 Gram, Paint Miscellaneous cost 1 Gram | Total: 1,605.44"
BS-ET-16279-C,0.67,0.67,1605.44,"Paint Epoxy Primer 179.19 Gram, Epoxy Thinner 37.86 Gram, Epoxy Hardner 35.33 Gram, Paint Mixing 57.59 Gram, Paint Matt agent(Matt) 28.8 Gram, Paint Harnder 28.8 Gram, Paint Thinner 23.31 Gram, Paint Mixing 0 Gram, Paint Binder(Gloss) 0 Gram, Paint Harnder 0 Gram, Paint Thinner 0 Gram, Paint Miscellaneous cost 1 Gram | Total: 1,605.44"
BS-ET-16279-D,0.67,0.67,1605.44,"Paint Epoxy Primer 179.19 Gram, Epoxy Thinner 37.86 Gram, Epoxy Hardner 35.33 Gram, Paint Mixing 57.59 Gram, Paint Matt agent(Matt) 28.8 Gram, Paint Harnder 28.8 Gram, Paint Thinner 23.31 Gram, Paint Mixing 0 Gram, Paint Binder(Gloss) 0 Gram, Paint Harnder 0 Gram, Paint Thinner 0 Gram, Paint Miscellaneous cost 1 Gram | Total: 1,605.44"
BS-ET-16279-E,0.67,0.67,1605.44,"Paint Epoxy Primer 179.19 Gram, Epoxy Thinner 37.86 Gram, Epoxy Hardner 35.33 Gram, Paint Mixing 57.59 Gram, Paint Matt agent(Matt) 28.8 Gram, Paint Harnder 28.8 Gram, Paint Thinner 23.31 Gram, Paint Mixing 0 Gram, Paint Binder(Gloss) 0 Gram, Paint Harnder 0 Gram, Paint Thinner 0 Gram, Paint Miscellaneous cost 1 Gram | Total: 1,605.44"
BS-ET-16279-F,0.67,0.67,1605.44,"Paint Epoxy Primer 179.19 Gram, Epoxy Thinner 37.86 Gram, Epoxy Hardner 35.33 Gram, Paint Mixing 57.59 Gram, Paint Matt agent(Matt) 28.8 Gram, Paint Harnder 28.8 Gram, Paint Thinner 23.31 Gram, Paint Mixing 0 Gram, Paint Binder(Gloss) 0 Gram, Paint Harnder 0 Gram, Paint Thinner 0 Gram, Paint Miscellaneous cost 1 Gram | Total: 1,605.44"
BS-ET-16279-G,0.67,0.67,1605.44,"Paint Epoxy Primer 179.19 Gram, Epoxy Thinner 37.86 Gram, Epoxy Hardner 35.33 Gram, Paint Mixing 57.59 Gram, Paint Matt agent(Matt) 28.8 Gram, Paint Harnder 28.8 Gram, Paint Thinner 23.31 Gram, Paint Mixing 0 Gram, Paint Binder(Gloss) 0 Gram, Paint Harnder 0 Gram, Paint Thinner 0 Gram, Paint Miscellaneous cost 1 Gram | Total: 1,605.44"
BS-ET-16386,9,7.07,,
BS-ET-16390,0.55,0.14,1629.14,"Paint Epoxy Primer 181.83 Gram, Epoxy Thinner 38.41 Gram, Epoxy Hardner 35.85 Gram, Paint Mixing 58.44 Gram, Paint Matt agent(Matt) 29.22 Gram, Paint Harnder 29.22 Gram, Paint Thinner 23.66 Gram, Paint Mixing 0 Gram, Paint Binder(Gloss) 0 Gram, Paint Harnder 0 Gram, Paint Thinner 0 Gram, Paint Miscellaneous cost 1 | Total: 1,629.14"
BS-LHET-313,10.85,3.72,3241.49,"Paint Epoxy Primer 361.79 Gram, Epoxy Thinner 76.43 Gram, Epoxy Hardner 71.34 Gram, Paint Mixing 116.28 Gram, Paint Matt agent(Matt) 58.14 Gram, Paint Harnder 58.14 Gram, Paint Thinner 47.07 Gram, Paint Mixing 0 Gram, Paint Binder(Gloss) 0 Gram, Paint Harnder 0 Gram, Paint Thinner 0 Gram, Paint Miscellaneous cost 1 | Total: 3,241.49"
BS-LHET-317,1.22,1.21,,
BS-LHET-332,0.83,0.79,,
BS-ET-16388,,,2012.58,"Paint Epoxy Primer 179.19 Gram, Epoxy Thinner 37.86 Gram, Epoxy Hardner 35.33 Gram, Paint Mixing 100 Gram, Paint Matt agent(Matt) 28.8 Gram, Paint Harnder 28.8 Gram, Paint Thinner 23.31 Gram, Paint Mixing 0 Gram, Paint Binder(Gloss) 0 Gram, Paint Harnder 0 Gram, Paint Thinner 0 Gram, Paint Miscellaneous cost 1 | Total: 2,012.58"
BS-ET-16376,,,6397.23,"Paint Epoxy Primer 647.43 Gram, Epoxy Thinner 136.78 Gram, Epoxy Hardner 127.66 Gram, Paint Mixing 0 Gram, Paint Matt agent(Matt) 0 Gram, Paint Harnder 0 Gram, Paint Thinner 0 Gram, Paint Mixing 203.14 Gram, Paint Binder(Gloss) 104.05 Gram, Paint Harnder 148.64 Gram, Paint Thinner 39.64 Gram, Paint Miscellaneous cost 1 | Total: 6,397.23"
BS-US-2518,,,1949.78,"Paint Stain 0.5 Sqft, Epoxy Primer 168.61 Gram, Epoxy Thinner 35.62 Gram, Epoxy Hardner 33.25 Gram, Paint Mixing 0 Gram, Paint Matt agent(Matt) 0 Gram, Paint Harnder 0 Gram, Paint Thinner 0 Gram, Paint Mixing 58.06 Gram, Paint Matt agent(Matt) 18.06 Gram, Paint Binder(Gloss) 11.61 Gram, Paint Harnder 29.68 Gram, Paint Thinner 11.61 Gram, Paint Mixing 0 Gram, Paint Binder(Gloss) 0 Gram, Paint Harnder 0 Gram, Paint Thinner 0 Gram, Paint Miscellaneous cost 1 | Total: 1,949.78"
BS-US-500073 A,,,26391.13,"Paint Epoxy Primer 2781.46 Gram, Epoxy Thinner 587.63 Gram, Epoxy Hardner 548.46 Gram, Paint Mixing 0 Gram, Paint Matt agent(Matt) 0 Gram, Paint Harnder 0 Gram, Paint Thinner 0 Gram, Paint Mixing 957.86 Gram, Paint Matt agent(Matt) 298 Gram, Paint Binder(Gloss) 191.57 Gram, Paint Harnder 489.57 Gram, Paint Thinner 191.57 Gram, Paint Mixing 0 Gram, Paint Binder(Gloss) 0 Gram, Paint Harnder 0 Gram, Paint Thinner 0 Gram, Paint Miscellaneous cost 1 | Total: 26,391.13"
BS-US-500073 B,,,54020.26,"Paint Epoxy Primer 5693.39 Gram, Epoxy Thinner 1202.83 Gram, Epoxy Hardner 1122.64 Gram, Paint Mixing 0 Gram, Paint Matt agent(Matt) 0 Gram, Paint Harnder 0 Gram, Paint Thinner 0 Gram, Paint Mixing 1960.65 Gram, Paint Matt agent(Matt) 609.98 Gram, Paint Binder(Gloss) 392.13 Gram, Paint Harnder 1002.11 Gram, Paint Thinner 392.13 Gram, Paint Mixing 0 Gram, Paint Binder(Gloss) 0 Gram, Paint Harnder 0 Gram, Paint Thinner 0 Gram, Paint Miscellaneous cost 1 | Total: 54,020.26"
BS-US-500073 C,,,36716.51,"Paint Epoxy Primer 3869.68 Gram, Epoxy Thinner 817.54 Gram, Epoxy Hardner 763.04 Gram, Paint Mixing 0 Gram, Paint Matt agent(Matt) 0 Gram, Paint Harnder 0 Gram, Paint Thinner 0 Gram, Paint Mixing 1332.61 Gram, Paint Matt agent(Matt) 414.59 Gram, Paint Binder(Gloss) 266.52 Gram, Paint Harnder 681.11 Gram, Paint Thinner 266.52 Gram, Paint Mixing 0 Gram, Paint Binder(Gloss) 0 Gram, Paint Harnder 0 Gram, Paint Thinner 0 Gram, Paint Miscellaneous cost 1 | Total: 36,716.51"
BS-US-500073 D,,,31470.69,"Paint Epoxy Primer 3316.81 Gram, Epoxy Thinner 700.73 Gram, Epoxy Hardner 654.02 Gram, Paint Mixing 0 Gram, Paint Matt agent(Matt) 0 Gram, Paint Harnder 0 Gram, Paint Thinner 0 Gram, Paint Mixing 1142.22 Gram, Paint Matt agent(Matt) 355.36 Gram, Paint Binder(Gloss) 228.44 Gram, Paint Harnder 583.8 Gram, Paint Thinner 228.44 Gram, Paint Mixing 0 Gram, Paint Binder(Gloss) 0 Gram, Paint Harnder 0 Gram, Paint Thinner 0 Gram, Paint Miscellaneous cost 1 | Total: 31,470.69"
BS-US-500073 E,,,6238.09,"Paint Epoxy Primer 657.45 Gram, Epoxy Thinner 138.9 Gram, Epoxy Hardner 129.64 Gram, Paint Mixing 0 Gram, Paint Matt agent(Matt) 0 Gram, Paint Harnder 0 Gram, Paint Thinner 0 Gram, Paint Mixing 226.41 Gram, Paint Matt agent(Matt) 70.44 Gram, Paint Binder(Gloss) 45.28 Gram, Paint Harnder 115.72 Gram, Paint Thinner 45.28 Gram, Paint Mixing 0 Gram, Paint Binder(Gloss) 0 Gram, Paint Harnder 0 Gram, Paint Thinner 0 Gram, Paint Miscellaneous cost 1 | Total: 6,238.09"
BS-US-500073 F,,,2870.19,"Paint Epoxy Primer 302.5 Gram, Epoxy Thinner 63.91 Gram, Epoxy Hardner 59.65 Gram, Paint Mixing 0 Gram, Paint Matt agent(Matt) 0 Gram, Paint Harnder 0 Gram, Paint Thinner 0 Gram, Paint Mixing 104.17 Gram, Paint Matt agent(Matt) 32.41 Gram, Paint Binder(Gloss) 20.83 Gram, Paint Harnder 53.24 Gram, Paint Thinner 20.83 Gram, Paint Mixing 0 Gram, Paint Binder(Gloss) 0 Gram, Paint Harnder 0 Gram, Paint Thinner 0 Gram, Paint Miscellaneous cost 1 | Total: 2,870.19"
BS-US-500073 G,,,3494.42,"Paint Epoxy Primer 368.29 Gram, Epoxy Thinner 77.81 Gram, Epoxy Hardner 72.62 Gram, Paint Mixing 0 Gram, Paint Matt agent(Matt) 0 Gram, Paint Harnder 0 Gram, Paint Thinner 0 Gram, Paint Mixing 126.83 Gram, Paint Matt agent(Matt) 39.46 Gram, Paint Binder(Gloss) 25.37 Gram, Paint Harnder 64.82 Gram, Paint Thinner 25.37 Gram, Paint Mixing 0 Gram, Paint Binder(Gloss) 0 Gram, Paint Harnder 0 Gram, Paint Thinner 0 Gram, Paint Miscellaneous cost 1 | Total: 3,494.42"
BS-US-500073 H,,,1781.72,"Paint Epoxy Primer 187.78 Gram, Epoxy Thinner 39.67 Gram, Epoxy Hardner 37.03 Gram, Paint Mixing 0 Gram, Paint Matt agent(Matt) 0 Gram, Paint Harnder 0 Gram, Paint Thinner 0 Gram, Paint Mixing 64.67 Gram, Paint Matt agent(Matt) 20.12 Gram, Paint Binder(Gloss) 12.93 Gram, Paint Harnder 33.05 Gram, Paint Thinner 12.93 Gram, Paint Mixing 0 Gram, Paint Binder(Gloss) 0 Gram, Paint Harnder 0 Gram, Paint Thinner 0 Gram, Paint Miscellaneous cost 1 | Total: 1,781.72"
BS-SM-16230,,,20302.03,"Paint Epoxy Primer 2265.94 Gram, Epoxy Thinner 478.72 Gram, Epoxy Hardner 446.8 Gram, Paint Mixing 728.31 Gram, Paint Matt agent(Matt) 364.15 Gram, Paint Harnder 364.15 Gram, Paint Thinner 294.79 Gram, Paint Mixing 0 Gram, Paint Binder(Gloss) 0 Gram, Paint Harnder 0 Gram, Paint Thinner 0 Gram, Paint Miscellaneous cost 1 | Total: 20,302.03"
BS-SM-16311,9.17,1.61,4042.07,"Paint Epoxy Primer 365.42 Gram, Epoxy Thinner 77.2 Gram, Epoxy Hardner 72.06 Gram, Paint Mixing 197.45 Gram, Paint Matt agent(Matt) 58.73 Gram, Paint Harnder 58.73 Gram, Paint Thinner 47.54 Gram, Paint Mixing 0 Gram, Paint Binder(Gloss) 0 Gram, Paint Harnder 0 Gram, Paint Thinner 0 Gram, Paint Miscellaneous cost 1 | Total: 4,042.07"
BS-ET-16128,,,21562.88,"Paint Epoxy Primer 2406.66 Gram, Epoxy Thinner 508.45 Gram, Epoxy Hardner 474.55 Gram, Paint Mixing 773.54 Gram, Paint Matt agent(Matt) 386.77 Gram, Paint Harnder 386.77 Gram, Paint Thinner 313.1 Gram, Paint Mixing 0 Gram, Paint Binder(Gloss) 0 Gram, Paint Harnder 0 Gram, Paint Thinner 0 Gram, Paint Miscellaneous cost 1 | Total: 21,562.88"
BS-ET-16372,3.36,3.18,1616.80,"Paint Epoxy Primer 180.45 Gram, Epoxy Thinner 38.12 Gram, Epoxy Hardner 35.58 Gram, Paint Mixing 58 Gram, Paint Matt agent(Matt) 29 Gram, Paint Harnder 29 Gram, Paint Thinner 23.48 Gram, Paint Mixing 0 Gram, Paint Binder(Gloss) 0 Gram, Paint Harnder 0 Gram, Paint Thinner 0 Gram, Paint Miscellaneous cost 1 | Total: 1,616.80"
BS-ET-UV-16374,0.42,0.42,,
BS-ET-16375,0.76,0.23,1605.44,"Paint Epoxy Primer 179.19 Gram, Epoxy Thinner 37.86 Gram, Epoxy Hardner 35.33 Gram, Paint Mixing 57.59 Gram, Paint Matt agent(Matt) 28.8 Gram, Paint Harnder 28.8 Gram, Paint Thinner 23.31 Gram, Paint Mixing 0 Gram, Paint Binder(Gloss) 0 Gram, Paint Harnder 0 Gram, Paint Thinner 0 Gram, Paint Miscellaneous cost 1 | Total: 1,605.44"
BS-ET-16385,1.51,0.64,1605.44,"Paint Epoxy Primer 179.19 Gram, Epoxy Thinner 37.86 Gram, Epoxy Hardner 35.33 Gram, Paint Mixing 57.59 Gram, Paint Matt agent(Matt) 28.8 Gram, Paint Harnder 28.8 Gram, Paint Thinner 23.31 Gram, Paint Mixing 0 Gram, Paint Binder(Gloss) 0 Gram, Paint Harnder 0 Gram, Paint Thinner 0 Gram, Paint Miscellaneous cost 1 | Total: 1,605.44"
BS-ET-16389,9.98,4.87,5113.03,"Paint Epoxy Primer 570.67 Gram, Epoxy Thinner 120.56 Gram, Epoxy Hardner 112.53 Gram, Paint Mixing 183.42 Gram, Paint Matt agent(Matt) 91.71 Gram, Paint Harnder 91.71 Gram, Paint Thinner 74.24 Gram, Paint Mixing 0 Gram, Paint Binder(Gloss) 0 Gram, Paint Harnder 0 Gram, Paint Thinner 0 Gram, Paint Miscellaneous cost 1 | Total: 5,113.03"
BS-LHET-327-A,5,5,3436.00,"Paint Epoxy Primer 383.5 Gram, Epoxy Thinner 81.02 Gram, Epoxy Hardner 75.62 Gram, Paint Mixing 123.26 Gram, Paint Matt agent(Matt) 61.63 Gram, Paint Harnder 61.63 Gram, Paint Thinner 49.89 Gram, Paint Mixing 0 Gram, Paint Binder(Gloss) 0 Gram, Paint Harnder 0 Gram, Paint Thinner 0 Gram, Paint Miscellaneous cost 1 Gram | Total: 3,436.00"
BS-LHET-327-B,11.5,2.1,2012.58,"Paint Epoxy Primer 179.19 Gram, Epoxy Thinner 37.86 Gram, Epoxy Hardner 35.33 Gram, Paint Mixing 100 Gram, Paint Matt agent(Matt) 28.8 Gram, Paint Harnder 28.8 Gram, Paint Thinner 23.31 Gram, Paint Mixing 0 Gram, Paint Binder(Gloss) 0 Gram, Paint Harnder 0 Gram, Paint Thinner 0 Gram, Paint Miscellaneous cost 1 | Total: 2,012.58"
BS-ET-UV-16396,6,6,,
BS-ET-16402,5.33,6,,
BS-US-2520,2.63,0.33,2002.40,"Paint Epoxy Primer 168.61 Gram, Epoxy Thinner 35.62 Gram, Epoxy Hardner 33.25 Gram, Paint Mixing 0 Gram, Paint Matt agent(Matt) 0 Gram, Paint Harnder 0 Gram, Paint Thinner 0 Gram, Paint Mixing 100 Gram, Paint Matt agent(Matt) 18.06 Gram, Paint Binder(Gloss) 11.61 Gram, Paint Harnder 29.68 Gram, Paint Thinner 11.61 Gram, Paint Mixing 0 Gram, Paint Binder(Gloss) 0 Gram, Paint Harnder 0 Gram, Paint Thinner 0 Gram, Paint Miscellaneous cost 1 | Total: 2,002.40"
BS-SI-16238,,,11876.17,"Paint Epoxy Primer 1325.52 Gram, Epoxy Thinner 280.04 Gram, Epoxy Hardner 261.37 Gram, Paint Mixing 426.04 Gram, Paint Matt agent(Matt) 213.02 Gram, Paint Harnder 213.02 Gram, Paint Thinner 172.45 Gram, Paint Mixing 0 Gram, Paint Binder(Gloss) 0 Gram, Paint Harnder 0 Gram, Paint Thinner 0 Gram, Paint Miscellaneous cost 1 | Total: 11,876.17"
BS-SI-16310,36.17,5.52,,
BS-SI-16345,,,4085.52,"Paint Epoxy Primer 413.47 Gram, Epoxy Thinner 87.35 Gram, Epoxy Hardner 81.53 Gram, Paint Mixing 0 Gram, Paint Matt agent(Matt) 0 Gram, Paint Harnder 0 Gram, Paint Thinner 0 Gram, Paint Mixing 129.73 Gram, Paint Binder(Gloss) 66.45 Gram, Paint Harnder 94.93 Gram, Paint Thinner 25.31 Gram, Paint Miscellaneous cost 1 | Total: 4,085.52"
BS-US-2271 RE,,,1584.10,"Paint Epoxy Primer 166.95 Gram, Epoxy Thinner 35.27 Gram, Epoxy Hardner 32.92 Gram, Paint Mixing 0 Gram, Paint Matt agent(Matt) 0 Gram, Paint Harnder 0 Gram, Paint Thinner 0 Gram, Paint Mixing 57.49 Gram, Paint Matt agent(Matt) 17.89 Gram, Paint Binder(Gloss) 11.5 Gram, Paint Harnder 29.39 Gram, Paint Thinner 11.5 Gram, Paint Mixing 0 Gram, Paint Binder(Gloss) 0 Gram, Paint Harnder 0 Gram, Paint Thinner 0 Gram, Paint Miscellaneous cost 1 | Total: 1,584.10"
BS-QS-16422-A,15.34,,9081.71,"Paint Epoxy Primer 1013.62 Gram, Epoxy Thinner 214.15 Gram, Epoxy Hardner 199.87 Gram, Paint Mixing 325.79 Gram, Paint Matt agent(Matt) 162.9 Gram, Paint Harnder 162.9 Gram, Paint Thinner 131.87 Gram, Paint Mixing 0 Gram, Paint Binder(Gloss) 0 Gram, Paint Harnder 0 Gram, Paint Thinner 0 Gram, Paint Miscellaneous cost 1 | Total: 9,081.71"
BS-ET-16356,6.79,,4095.56,"Paint Epoxy Primer 457.11 Gram, Epoxy Thinner 96.57 Gram, Epoxy Hardner 90.13 Gram, Paint Mixing 146.92 Gram, Paint Matt agent(Matt) 73.46 Gram, Paint Harnder 73.46 Gram, Paint Thinner 59.47 Gram, Paint Mixing 0 Gram, Paint Binder(Gloss) 0 Gram, Paint Harnder 0 Gram, Paint Thinner 0 Gram, Paint Miscellaneous cost 1 | Total: 4,095.56"
BS-ET-16384,2.2,0.69,1605.44,"Paint Epoxy Primer 179.19 Gram, Epoxy Thinner 37.86 Gram, Epoxy Hardner 35.33 Gram, Paint Mixing 57.59 Gram, Paint Matt agent(Matt) 28.8 Gram, Paint Harnder 28.8 Gram, Paint Thinner 23.31 Gram, Paint Mixing 0 Gram, Paint Binder(Gloss) 0 Gram, Paint Harnder 0 Gram, Paint Thinner 0 Gram, Paint Miscellaneous cost 1 | Total: 1,605.44"
BS-ET-16401,0.5,0.5,1661.94,"Paint Epoxy Primer 166.57 Gram, Epoxy Thinner 32.81 Gram, Epoxy Hardner 50.47 Gram, Paint Mixing 58.42 Gram, Paint Matt agent(Matt) 32.09 Gram, Paint Harnder 28.8 Gram, Paint Thinner 16.46 Gram, Paint Mixing 0 Gram, Paint Binder(Gloss) 0 Gram, Paint Harnder 0 Gram, Paint Thinner 0 Gram, Paint Miscellaneous cost 1 Gram | Total: 1,661.94"
BS-ET-16412-A,0.5,0.5,1661.94,"Paint Epoxy Primer 166.57 Gram, Epoxy Thinner 32.81 Gram, Epoxy Hardner 50.47 Gram, Paint Mixing 58.42 Gram, Paint Matt agent(Matt) 32.09 Gram, Paint Harnder 28.8 Gram, Paint Thinner 16.46 Gram, Paint Mixing 0 Gram, Paint Binder(Gloss) 0 Gram, Paint Harnder 0 Gram, Paint Thinner 0 Gram, Paint Miscellaneous cost 1 Gram | Total: 1,661.94"
BS-ET-16414,,,1829.34,"Paint Epoxy Primer 185.14 Gram, Epoxy Thinner 39.11 Gram, Epoxy Hardner 36.51 Gram, Paint Mixing 0 Gram, Paint Matt agent(Matt) 0 Gram, Paint Harnder 0 Gram, Paint Thinner 0 Gram, Paint Mixing 58.09 Gram, Paint Binder(Gloss) 29.75 Gram, Paint Harnder 42.5 Gram, Paint Thinner 11.33 Gram, Paint Miscellaneous cost 1 | Total: 1,829.34"
BS-ET-16415,3,3,4683.78,"Paint Epoxy Primer 469.43 Gram, Epoxy Thinner 92.46 Gram, Epoxy Hardner 142.25 Gram, Paint Mixing 164.63 Gram, Paint Matt agent(Matt) 90.43 Gram, Paint Harnder 81.16 Gram, Paint Thinner 46.37 Gram, Paint Mixing 0 Gram, Paint Binder(Gloss) 0 Gram, Paint Harnder 0 Gram, Paint Thinner 0 Gram, Paint Miscellaneous cost 1 | Total: 4,683.78"
BS-ET-16412-C,0.5,0.5,1661.94,"Paint Epoxy Primer 166.57 Gram, Epoxy Thinner 32.81 Gram, Epoxy Hardner 50.47 Gram, Paint Mixing 58.42 Gram, Paint Matt agent(Matt) 32.09 Gram, Paint Harnder 28.8 Gram, Paint Thinner 16.46 Gram, Paint Mixing 0 Gram, Paint Binder(Gloss) 0 Gram, Paint Harnder 0 Gram, Paint Thinner 0 Gram, Paint Miscellaneous cost 1 Gram | Total: 1,661.94"
BS-ET-16412-B,0.5,0.5,1661.94,"Paint Epoxy Primer 166.57 Gram, Epoxy Thinner 32.81 Gram, Epoxy Hardner 50.47 Gram, Paint Mixing 58.42 Gram, Paint Matt agent(Matt) 32.09 Gram, Paint Harnder 28.8 Gram, Paint Thinner 16.46 Gram, Paint Mixing 0 Gram, Paint Binder(Gloss) 0 Gram, Paint Harnder 0 Gram, Paint Thinner 0 Gram, Paint Miscellaneous cost 1 Gram | Total: 1,661.94"
BS-LHET-329,0.83,1.1,1605.44,"Paint Epoxy Primer 179.19 Gram, Epoxy Thinner 37.86 Gram, Epoxy Hardner 35.33 Gram, Paint Mixing 57.59 Gram, Paint Matt agent(Matt) 28.8 Gram, Paint Harnder 28.8 Gram, Paint Thinner 23.31 Gram, Paint Mixing 0 Gram, Paint Binder(Gloss) 0 Gram, Paint Harnder 0 Gram, Paint Thinner 0 Gram, Paint Miscellaneous cost 1 Gram | Total: 1,605.44"
BS-SI-16426,,,2790.27,"Paint Epoxy Primer 311.43 Gram, Epoxy Thinner 65.79 Gram, Epoxy Hardner 61.41 Gram, Paint Mixing 100.1 Gram, Paint Matt agent(Matt) 50.05 Gram, Paint Harnder 50.05 Gram, Paint Thinner 40.52 Gram, Paint Mixing 0 Gram, Paint Binder(Gloss) 0 Gram, Paint Harnder 0 Gram, Paint Thinner 0 Gram, Paint Miscellaneous cost 1 | Total: 2,790.27"
BS-SI-16326,,,15357.59,"Paint Epoxy Primer 1714.08 Gram, Epoxy Thinner 362.13 Gram, Epoxy Hardner 337.99 Gram, Paint Mixing 550.93 Gram, Paint Matt agent(Matt) 275.47 Gram, Paint Harnder 275.47 Gram, Paint Thinner 223 Gram, Paint Mixing 0 Gram, Paint Binder(Gloss) 0 Gram, Paint Harnder 0 Gram, Paint Thinner 0 Gram, Paint Miscellaneous cost 1 | Total: 15,357.59"
BS-SI-16392,5,0.94,2199.02,"Paint Epoxy Primer 210.92 Gram, Epoxy Thinner 44.56 Gram, Epoxy Hardner 41.59 Gram, Paint Mixing 100 Gram, Paint Matt agent(Matt) 33.9 Gram, Paint Harnder 33.9 Gram, Paint Thinner 27.44 Gram, Paint Mixing 0 Gram, Paint Binder(Gloss) 0 Gram, Paint Harnder 0 Gram, Paint Thinner 0 Gram, Paint Miscellaneous cost 1 | Total: 2,199.02"
BS-SI-16393,,,9055.22,"Paint Epoxy Primer 916.43 Gram, Epoxy Thinner 193.61 Gram, Epoxy Hardner 180.7 Gram, Paint Mixing 0 Gram, Paint Matt agent(Matt) 0 Gram, Paint Harnder 0 Gram, Paint Thinner 0 Gram, Paint Mixing 287.54 Gram, Paint Binder(Gloss) 147.28 Gram, Paint Harnder 210.39 Gram, Paint Thinner 56.11 Gram, Paint Miscellaneous cost 1 | Total: 9,055.22"
BS-SI-16405,13,8.14,7647.82,"Paint Epoxy Primer 853.58 Gram, Epoxy Thinner 180.33 Gram, Epoxy Hardner 168.31 Gram, Paint Mixing 274.35 Gram, Paint Matt agent(Matt) 137.18 Gram, Paint Harnder 137.18 Gram, Paint Thinner 111.05 Gram, Paint Mixing 0 Gram, Paint Binder(Gloss) 0 Gram, Paint Harnder 0 Gram, Paint Thinner 0 Gram, Paint Miscellaneous cost 1 | Total: 7,647.82"
BS-SI-16407,5.04,0.87,2012.58,"Paint Epoxy Primer 179.19 Gram, Epoxy Thinner 37.86 Gram, Epoxy Hardner 35.33 Gram, Paint Mixing 100 Gram, Paint Matt agent(Matt) 28.8 Gram, Paint Harnder 28.8 Gram, Paint Thinner 23.31 Gram, Paint Mixing 0 Gram, Paint Binder(Gloss) 0 Gram, Paint Harnder 0 Gram, Paint Thinner 0 Gram, Paint Miscellaneous cost 1 | Total: 2,012.58"
Backer-BS-QS-16262,2.14,4.19,,
BS-QS-16421-B,,,7015.17,"Paint Epoxy Primer 782.97 Gram, Epoxy Thinner 165.42 Gram, Epoxy Hardner 154.39 Gram, Paint Mixing 251.66 Gram, Paint Matt agent(Matt) 125.83 Gram, Paint Harnder 125.83 Gram, Paint Thinner 101.86 Gram, Paint Mixing 0 Gram, Paint Binder(Gloss) 0 Gram, Paint Harnder 0 Gram, Paint Thinner 0 Gram, Paint Miscellaneous cost 1 | Total: 7,015.17"
BS-SI-16436-(Bulk),,,35997.05,"Paint Epoxy Primer 4017.68 Gram, Epoxy Thinner 848.81 Gram, Epoxy Hardner 792.22 Gram, Paint Mixing 1291.34 Gram, Paint Matt agent(Matt) 645.67 Gram, Paint Harnder 645.67 Gram, Paint Thinner 522.69 Gram, Paint Mixing 0 Gram, Paint Binder(Gloss) 0 Gram, Paint Harnder 0 Gram, Paint Thinner 0 Gram, Paint Miscellaneous cost 1 | Total: 35,997.05"
BS-SI-15934 RE,,,3781.58,"Paint Epoxy Primer 422.07 Gram, Epoxy Thinner 89.17 Gram, Epoxy Hardner 83.22 Gram, Paint Mixing 135.66 Gram, Paint Matt agent(Matt) 67.83 Gram, Paint Harnder 67.83 Gram, Paint Thinner 54.91 Gram, Paint Mixing 0 Gram, Paint Binder(Gloss) 0 Gram, Paint Harnder 0 Gram, Paint Thinner 0 Gram, Paint Miscellaneous cost 1 | Total: 3,781.58"
BS-SI-16237 RE,,,5352.46,"Paint Epoxy Primer 597.4 Gram, Epoxy Thinner 126.21 Gram, Epoxy Hardner 117.8 Gram, Paint Mixing 192.01 Gram, Paint Matt agent(Matt) 96.01 Gram, Paint Harnder 96.01 Gram, Paint Thinner 77.72 Gram, Paint Mixing 0 Gram, Paint Binder(Gloss) 0 Gram, Paint Harnder 0 Gram, Paint Thinner 0 Gram, Paint Miscellaneous cost 1 | Total: 5,352.46"
BS-LHET-326-B,,,1593.10,"Paint Epoxy Primer 177.81 Gram, Epoxy Thinner 37.57 Gram, Epoxy Hardner 35.06 Gram, Paint Mixing 57.15 Gram, Paint Matt agent(Matt) 28.58 Gram, Paint Harnder 28.58 Gram, Paint Thinner 23.13 Gram, Paint Mixing 0 Gram, Paint Binder(Gloss) 0 Gram, Paint Harnder 0 Gram, Paint Thinner 0 Gram, Paint Miscellaneous cost 1 | Total: 1,593.10"
BS-LHET-338,,,4683.78,"Paint Epoxy Primer 469.43 Gram, Epoxy Thinner 92.46 Gram, Epoxy Hardner 142.25 Gram, Paint Mixing 164.63 Gram, Paint Matt agent(Matt) 90.43 Gram, Paint Harnder 81.16 Gram, Paint Thinner 46.37 Gram, Paint Mixing 0 Gram, Paint Binder(Gloss) 0 Gram, Paint Harnder 0 Gram, Paint Thinner 0 Gram, Paint Miscellaneous cost 1 | Total: 4,683.78"
BS-LHET-339,,,2311.58,"Paint Epoxy Primer 230.1 Gram, Epoxy Thinner 48.61 Gram, Epoxy Hardner 45.37 Gram, Paint Mixing 100 Gram, Paint Matt agent(Matt) 36.98 Gram, Paint Harnder 36.98 Gram, Paint Thinner 29.93 Gram, Paint Mixing 0 Gram, Paint Binder(Gloss) 0 Gram, Paint Harnder 0 Gram, Paint Thinner 0 Gram, Paint Miscellaneous cost 1 Gram | Total: 2,311.58"
BS-QS-16421-A,,,7281.76,"Paint Epoxy Primer 812.73 Gram, Epoxy Thinner 171.7 Gram, Epoxy Hardner 160.26 Gram, Paint Mixing 261.22 Gram, Paint Matt agent(Matt) 130.61 Gram, Paint Harnder 130.61 Gram, Paint Thinner 105.73 Gram, Paint Mixing 0 Gram, Paint Binder(Gloss) 0 Gram, Paint Harnder 0 Gram, Paint Thinner 0 Gram, Paint Miscellaneous cost 1 | Total: 7,281.76"
BS-QS-16442,,,1640.47,"Paint Epoxy Primer 164.42 Gram, Epoxy Thinner 32.38 Gram, Epoxy Hardner 49.82 Gram, Paint Mixing 57.66 Gram, Paint Matt agent(Matt) 31.67 Gram, Paint Harnder 28.42 Gram, Paint Thinner 16.24 Gram, Paint Mixing 0 Gram, Paint Binder(Gloss) 0 Gram, Paint Harnder 0 Gram, Paint Thinner 0 Gram, Paint Miscellaneous cost 1 | Total: 1,640.47"
BS-US-2538,,,33890.23,"Paint Epoxy Primer 3571.81 Gram, Epoxy Thinner 754.61 Gram, Epoxy Hardner 704.3 Gram, Paint Mixing 0 Gram, Paint Matt agent(Matt) 0 Gram, Paint Harnder 0 Gram, Paint Thinner 0 Gram, Paint Mixing 1230.04 Gram, Paint Matt agent(Matt) 382.68 Gram, Paint Binder(Gloss) 246.01 Gram, Paint Harnder 628.68 Gram, Paint Thinner 246.01 Gram, Paint Mixing 0 Gram, Paint Binder(Gloss) 0 Gram, Paint Harnder 0 Gram, Paint Thinner 0 Gram, Paint Miscellaneous cost 1 | Total: 33,890.23"
BS-SI-16371,,,2790.27,"Paint Epoxy Primer 311.43 Gram, Epoxy Thinner 65.79 Gram, Epoxy Hardner 61.41 Gram, Paint Mixing 100.1 Gram, Paint Matt agent(Matt) 50.05 Gram, Paint Harnder 50.05 Gram, Paint Thinner 40.52 Gram, Paint Mixing 0 Gram, Paint Binder(Gloss) 0 Gram, Paint Harnder 0 Gram, Paint Thinner 0 Gram, Paint Miscellaneous cost 1 | Total: 2,790.27"
BS-SN-16398,,,11316.10,"Paint Epoxy Primer 1263.01 Gram, Epoxy Thinner 266.83 Gram, Epoxy Hardner 249.04 Gram, Paint Mixing 405.95 Gram, Paint Matt agent(Matt) 202.97 Gram, Paint Harnder 202.97 Gram, Paint Thinner 164.31 Gram, Paint Mixing 0 Gram, Paint Binder(Gloss) 0 Gram, Paint Harnder 0 Gram, Paint Thinner 0 Gram, Paint Miscellaneous cost 1 | Total: 11,316.10"
BS-ET-16239,,,3656.09,"Paint Epoxy Primer 295.56 Gram, Epoxy Thinner 62.44 Gram, Epoxy Hardner 58.28 Gram, Paint Mixing 200 Gram, Paint Matt agent(Matt) 47.5 Gram, Paint Harnder 47.5 Gram, Paint Thinner 38.45 Gram, Paint Mixing 0 Gram, Paint Binder(Gloss) 0 Gram, Paint Harnder 0 Gram, Paint Thinner 0 Gram, Paint Miscellaneous cost 1 | Total: 3,656.09"
BS-ET-16391,,,2789.28,"Paint Epoxy Primer 311.32 Gram, Epoxy Thinner 65.77 Gram, Epoxy Hardner 61.39 Gram, Paint Mixing 100.06 Gram, Paint Matt agent(Matt) 50.03 Gram, Paint Harnder 50.03 Gram, Paint Thinner 40.5 Gram, Paint Mixing 0 Gram, Paint Binder(Gloss) 0 Gram, Paint Harnder 0 Gram, Paint Thinner 0 Gram, Paint Miscellaneous cost 1 | Total: 2,789.28"
BS-ET-16428,,,1605.44,"Paint Epoxy Primer 179.19 Gram, Epoxy Thinner 37.86 Gram, Epoxy Hardner 35.33 Gram, Paint Mixing 57.59 Gram, Paint Matt agent(Matt) 28.8 Gram, Paint Harnder 28.8 Gram, Paint Thinner 23.31 Gram, Paint Mixing 0 Gram, Paint Binder(Gloss) 0 Gram, Paint Harnder 0 Gram, Paint Thinner 0 Gram, Paint Miscellaneous cost 1 | Total: 1,605.44"
BS-LHET-341,,,1646.42,"Paint Epoxy Primer 183.76 Gram, Epoxy Thinner 38.82 Gram, Epoxy Hardner 36.23 Gram, Paint Mixing 59.06 Gram, Paint Matt agent(Matt) 29.53 Gram, Paint Harnder 29.53 Gram, Paint Thinner 23.91 Gram, Paint Mixing 0 Gram, Paint Binder(Gloss) 0 Gram, Paint Harnder 0 Gram, Paint Thinner 0 Gram, Paint Miscellaneous cost 1 | Total: 1,646.42"
BS-LHET-331,,,4703.77,"Paint Epoxy Primer 524.99 Gram, Epoxy Thinner 110.91 Gram, Epoxy Hardner 103.52 Gram, Paint Mixing 168.74 Gram, Paint Matt agent(Matt) 84.37 Gram, Paint Harnder 84.37 Gram, Paint Thinner 68.3 Gram, Paint Mixing 0 Gram, Paint Binder(Gloss) 0 Gram, Paint Harnder 0 Gram, Paint Thinner 0 Gram, Paint Miscellaneous cost 1 Gram | Total: 4,703.77"
BS-LHET-343-A,,,1685.91,"Paint Epoxy Primer 188.17 Gram, Epoxy Thinner 39.75 Gram, Epoxy Hardner 37.1 Gram, Paint Mixing 60.48 Gram, Paint Matt agent(Matt) 30.24 Gram, Paint Harnder 30.24 Gram, Paint Thinner 24.48 Gram, Paint Mixing 0 Gram, Paint Binder(Gloss) 0 Gram, Paint Harnder 0 Gram, Paint Thinner 0 Gram, Paint Miscellaneous cost 1 | Total: 1,685.91"
BS-LHET-343-B,,,1685.91,"Paint Epoxy Primer 188.17 Gram, Epoxy Thinner 39.75 Gram, Epoxy Hardner 37.1 Gram, Paint Mixing 60.48 Gram, Paint Matt agent(Matt) 30.24 Gram, Paint Harnder 30.24 Gram, Paint Thinner 24.48 Gram, Paint Mixing 0 Gram, Paint Binder(Gloss) 0 Gram, Paint Harnder 0 Gram, Paint Thinner 0 Gram, Paint Miscellaneous cost 1 | Total: 1,685.91"
BS-SI-16451,,,1618.77,"Paint Epoxy Primer 180.67 Gram, Epoxy Thinner 38.17 Gram, Epoxy Hardner 35.63 Gram, Paint Mixing 58.07 Gram, Paint Matt agent(Matt) 29.04 Gram, Paint Harnder 29.04 Gram, Paint Thinner 23.5 Gram, Paint Mixing 0 Gram, Paint Binder(Gloss) 0 Gram, Paint Harnder 0 Gram, Paint Thinner 0 Gram, Paint Miscellaneous cost 1 | Total: 1,618.77"
BS-ET-16445-A,,,1605.44,"Paint Epoxy Primer 179.19 Gram, Epoxy Thinner 37.86 Gram, Epoxy Hardner 35.33 Gram, Paint Mixing 57.59 Gram, Paint Matt agent(Matt) 28.8 Gram, Paint Harnder 28.8 Gram, Paint Thinner 23.31 Gram, Paint Mixing 0 Gram, Paint Binder(Gloss) 0 Gram, Paint Harnder 0 Gram, Paint Thinner 0 Gram, Paint Miscellaneous cost 1 | Total: 1,605.44"
BS-ET-16447,,,1960.89,"Paint Epoxy Primer 218.86 Gram, Epoxy Thinner 46.24 Gram, Epoxy Hardner 43.16 Gram, Paint Mixing 70.34 Gram, Paint Matt agent(Matt) 35.17 Gram, Paint Harnder 35.17 Gram, Paint Thinner 28.47 Gram, Paint Mixing 0 Gram, Paint Binder(Gloss) 0 Gram, Paint Harnder 0 Gram, Paint Thinner 0 Gram, Paint Miscellaneous cost 1 | Total: 1,960.89"
BS-ET-16445-B,,,1605.44,"Paint Epoxy Primer 179.19 Gram, Epoxy Thinner 37.86 Gram, Epoxy Hardner 35.33 Gram, Paint Mixing 57.59 Gram, Paint Matt agent(Matt) 28.8 Gram, Paint Harnder 28.8 Gram, Paint Thinner 23.31 Gram, Paint Mixing 0 Gram, Paint Binder(Gloss) 0 Gram, Paint Harnder 0 Gram, Paint Thinner 0 Gram, Paint Miscellaneous cost 1 | Total: 1,605.44"
BS-ET-16456,,,1605.44,"Paint Epoxy Primer 179.19 Gram, Epoxy Thinner 37.86 Gram, Epoxy Hardner 35.33 Gram, Paint Mixing 57.59 Gram, Paint Matt agent(Matt) 28.8 Gram, Paint Harnder 28.8 Gram, Paint Thinner 23.31 Gram, Paint Mixing 0 Gram, Paint Binder(Gloss) 0 Gram, Paint Harnder 0 Gram, Paint Thinner 0 Gram, Paint Miscellaneous cost 1 | Total: 1,605.44"
BS-LHET-350,,,3397.21,"Paint Epoxy Primer 333.19 Gram, Epoxy Thinner 70.39 Gram, Epoxy Hardner 65.7 Gram, Paint Mixing 150 Gram, Paint Matt agent(Matt) 53.55 Gram, Paint Harnder 53.55 Gram, Paint Thinner 43.35 Gram, Paint Mixing 0 Gram, Paint Binder(Gloss) 0 Gram, Paint Harnder 0 Gram, Paint Thinner 0 Gram, Paint Miscellaneous cost 1 | Total: 3,397.21"
BS-QS-16420,,,23616.83,"Paint Epoxy Primer 2635.91 Gram, Epoxy Thinner 556.88 Gram, Epoxy Hardner 519.76 Gram, Paint Mixing 847.22 Gram, Paint Matt agent(Matt) 423.61 Gram, Paint Harnder 423.61 Gram, Paint Thinner 342.92 Gram, Paint Mixing 0 Gram, Paint Binder(Gloss) 0 Gram, Paint Harnder 0 Gram, Paint Thinner 0 Gram, Paint Miscellaneous cost 1 | Total: 23,616.83"
BS-SM-16276,,,13902.97,"Paint Epoxy Primer 1551.73 Gram, Epoxy Thinner 327.83 Gram, Epoxy Hardner 305.97 Gram, Paint Mixing 498.75 Gram, Paint Matt agent(Matt) 249.37 Gram, Paint Harnder 249.37 Gram, Paint Thinner 201.87 Gram, Paint Mixing 0 Gram, Paint Binder(Gloss) 0 Gram, Paint Harnder 0 Gram, Paint Thinner 0 Gram, Paint Miscellaneous cost 1 | Total: 13,902.97"
BS-ET-16452,,,3156.28,"Paint Epoxy Primer 187 Gram, Epoxy Thinner 36.83 Gram, Epoxy Hardner 56.67 Gram, Paint Mixing 200 Gram, Paint Matt agent(Matt) 36.02 Gram, Paint Harnder 32.33 Gram, Paint Thinner 18.47 Gram, Paint Mixing 0 Gram, Paint Binder(Gloss) 0 Gram, Paint Harnder 0 Gram, Paint Thinner 0 Gram, Paint Miscellaneous cost 1 | Total: 3,156.28"
BS-ET-15901 B,,,1605.44,"Paint Epoxy Primer 179.19 Gram, Epoxy Thinner 37.86 Gram, Epoxy Hardner 35.33 Gram, Paint Mixing 57.59 Gram, Paint Matt agent(Matt) 28.8 Gram, Paint Harnder 28.8 Gram, Paint Thinner 23.31 Gram, Paint Mixing 0 Gram, Paint Binder(Gloss) 0 Gram, Paint Harnder 0 Gram, Paint Thinner 0 Gram, Paint Miscellaneous cost 1 | Total: 1,605.44"
BS-ET-16409,,,3188.66,"Paint Epoxy Primer 184.7 Gram, Epoxy Thinner 39.02 Gram, Epoxy Hardner 36.42 Gram, Paint Mixing 0 Gram, Paint Matt agent(Matt) 0 Gram, Paint Harnder 0 Gram, Paint Thinner 0 Gram, Paint Mixing 200 Gram, Paint Binder(Gloss) 29.68 Gram, Paint Harnder 42.4 Gram, Paint Thinner 11.31 Gram, Paint Miscellaneous cost 1 | Total: 3,188.66"
BS-ET-16417,,,1611.37,"Paint Epoxy Primer 179.85 Gram, Epoxy Thinner 38 Gram, Epoxy Hardner 35.46 Gram, Paint Mixing 57.81 Gram, Paint Matt agent(Matt) 28.9 Gram, Paint Harnder 28.9 Gram, Paint Thinner 23.4 Gram, Paint Mixing 0 Gram, Paint Binder(Gloss) 0 Gram, Paint Harnder 0 Gram, Paint Thinner 0 Gram, Paint Miscellaneous cost 1 | Total: 1,611.37"
BS-ET-16418,,,2411.41,"Paint Epoxy Primer 161.99 Gram, Epoxy Thinner 34.22 Gram, Epoxy Hardner 31.94 Gram, Paint Mixing 152.07 Gram, Paint Matt agent(Matt) 26.03 Gram, Paint Harnder 26.03 Gram, Paint Thinner 21.07 Gram, Paint Mixing 0 Gram, Paint Binder(Gloss) 0 Gram, Paint Harnder 0 Gram, Paint Thinner 0 Gram, Paint Miscellaneous cost 1 Gram | Total: 2,411.41"
BS-ET-16450,,,3905.98,"Paint Epoxy Primer 435.95 Gram, Epoxy Thinner 92.1 Gram, Epoxy Hardner 85.96 Gram, Paint Mixing 140.12 Gram, Paint Matt agent(Matt) 70.06 Gram, Paint Harnder 70.06 Gram, Paint Thinner 56.72 Gram, Paint Mixing 0 Gram, Paint Binder(Gloss) 0 Gram, Paint Harnder 0 Gram, Paint Thinner 0 Gram, Paint Miscellaneous cost 1 | Total: 3,905.98"
BS-ET-16454,,,1605.44,"Paint Epoxy Primer 179.19 Gram, Epoxy Thinner 37.86 Gram, Epoxy Hardner 35.33 Gram, Paint Mixing 57.59 Gram, Paint Matt agent(Matt) 28.8 Gram, Paint Harnder 28.8 Gram, Paint Thinner 23.31 Gram, Paint Mixing 0 Gram, Paint Binder(Gloss) 0 Gram, Paint Harnder 0 Gram, Paint Thinner 0 Gram, Paint Miscellaneous cost 1 | Total: 1,605.44"
BS-ET-16455,,,1609.89,"Paint Epoxy Primer 179.68 Gram, Epoxy Thinner 37.96 Gram, Epoxy Hardner 35.43 Gram, Paint Mixing 57.75 Gram, Paint Matt agent(Matt) 28.88 Gram, Paint Harnder 28.88 Gram, Paint Thinner 23.38 Gram, Paint Mixing 0 Gram, Paint Binder(Gloss) 0 Gram, Paint Harnder 0 Gram, Paint Thinner 0 Gram, Paint Miscellaneous cost 1 | Total: 1,609.89"
BS-ET-16464,,,2012.58,"Paint Epoxy Primer 179.19 Gram, Epoxy Thinner 37.86 Gram, Epoxy Hardner 35.33 Gram, Paint Mixing 100 Gram, Paint Matt agent(Matt) 28.8 Gram, Paint Harnder 28.8 Gram, Paint Thinner 23.31 Gram, Paint Mixing 0 Gram, Paint Binder(Gloss) 0 Gram, Paint Harnder 0 Gram, Paint Thinner 0 Gram, Paint Miscellaneous cost 1 | Total: 2,012.58"
BS-ET-16465,,,1605.44,"Paint Epoxy Primer 179.19 Gram, Epoxy Thinner 37.86 Gram, Epoxy Hardner 35.33 Gram, Paint Mixing 57.59 Gram, Paint Matt agent(Matt) 28.8 Gram, Paint Harnder 28.8 Gram, Paint Thinner 23.31 Gram, Paint Mixing 0 Gram, Paint Binder(Gloss) 0 Gram, Paint Harnder 0 Gram, Paint Thinner 0 Gram, Paint Miscellaneous cost 1 Gram | Total: 1,605.44"
BS-LHET-333-A,,,4840.02,"Paint Epoxy Primer 540.2 Gram, Epoxy Thinner 114.13 Gram, Epoxy Hardner 106.52 Gram, Paint Mixing 173.63 Gram, Paint Matt agent(Matt) 86.81 Gram, Paint Harnder 86.81 Gram, Paint Thinner 70.28 Gram, Paint Mixing 0 Gram, Paint Binder(Gloss) 0 Gram, Paint Harnder 0 Gram, Paint Thinner 0 Gram, Paint Miscellaneous cost 1 Gram | Total: 4,840.02"
BS-LHET-333-B,,,4840.02,"Paint Epoxy Primer 540.2 Gram, Epoxy Thinner 114.13 Gram, Epoxy Hardner 106.52 Gram, Paint Mixing 173.63 Gram, Paint Matt agent(Matt) 86.81 Gram, Paint Harnder 86.81 Gram, Paint Thinner 70.28 Gram, Paint Mixing 0 Gram, Paint Binder(Gloss) 0 Gram, Paint Harnder 0 Gram, Paint Thinner 0 Gram, Paint Miscellaneous cost 1 Gram | Total: 4,840.02"
BS-SM-16438,,,3524.86,"Paint Epoxy Primer 393.42 Gram, Epoxy Thinner 83.12 Gram, Epoxy Hardner 77.57 Gram, Paint Mixing 126.45 Gram, Paint Matt agent(Matt) 63.22 Gram, Paint Harnder 63.22 Gram, Paint Thinner 51.18 Gram, Paint Mixing 0 Gram, Paint Binder(Gloss) 0 Gram, Paint Harnder 0 Gram, Paint Thinner 0 Gram, Paint Miscellaneous cost 1 Gram | Total: 3,524.86"
BS-US-2537 B,,,3805.49,"Paint Epoxy Primer 401.07 Gram, Epoxy Thinner 84.73 Gram, Epoxy Hardner 79.09 Gram, Paint Mixing 0 Gram, Paint Matt agent(Matt) 0 Gram, Paint Harnder 0 Gram, Paint Thinner 0 Gram, Paint Mixing 138.12 Gram, Paint Matt agent(Matt) 42.97 Gram, Paint Binder(Gloss) 27.62 Gram, Paint Harnder 70.59 Gram, Paint Thinner 27.62 Gram, Paint Mixing 0 Gram, Paint Binder(Gloss) 0 Gram, Paint Harnder 0 Gram, Paint Thinner 0 Gram, Paint Miscellaneous cost 1 | Total: 3,805.49"
BS-US-2537 C,,,5405.79,"Paint Epoxy Primer 569.74 Gram, Epoxy Thinner 120.37 Gram, Epoxy Hardner 112.34 Gram, Paint Mixing 0 Gram, Paint Matt agent(Matt) 0 Gram, Paint Harnder 0 Gram, Paint Thinner 0 Gram, Paint Mixing 196.2 Gram, Paint Matt agent(Matt) 61.04 Gram, Paint Binder(Gloss) 39.24 Gram, Paint Harnder 100.28 Gram, Paint Thinner 39.24 Gram, Paint Mixing 0 Gram, Paint Binder(Gloss) 0 Gram, Paint Harnder 0 Gram, Paint Thinner 0 Gram, Paint Miscellaneous cost 1 | Total: 5,405.79"
BS-SM-16312,,,2369.66,"Paint Epoxy Primer 264.48 Gram, Epoxy Thinner 55.88 Gram, Epoxy Hardner 52.15 Gram, Paint Mixing 85.01 Gram, Paint Matt agent(Matt) 42.5 Gram, Paint Harnder 42.5 Gram, Paint Thinner 34.41 Gram, Paint Mixing 0 Gram, Paint Binder(Gloss) 0 Gram, Paint Harnder 0 Gram, Paint Thinner 0 Gram, Paint Miscellaneous cost 1 | Total: 2,369.66"
BS-LHET-349,,,4070.52,"Paint Epoxy Primer 407.97 Gram, Epoxy Thinner 80.36 Gram, Epoxy Hardner 123.63 Gram, Paint Mixing 143.08 Gram, Paint Matt agent(Matt) 78.59 Gram, Paint Harnder 70.53 Gram, Paint Thinner 40.3 Gram, Paint Mixing 0 Gram, Paint Binder(Gloss) 0 Gram, Paint Harnder 0 Gram, Paint Thinner 0 Gram, Paint Miscellaneous cost 1 | Total: 4,070.52"
BS-ET-16322,,,,
BS-US-2537 A,,,15982.11,"Paint Epoxy Primer 1684.41 Gram, Epoxy Thinner 355.86 Gram, Epoxy Hardner 332.14 Gram, Paint Mixing 0 Gram, Paint Matt agent(Matt) 0 Gram, Paint Harnder 0 Gram, Paint Thinner 0 Gram, Paint Mixing 580.07 Gram, Paint Matt agent(Matt) 180.46 Gram, Paint Binder(Gloss) 116.01 Gram, Paint Harnder 296.48 Gram, Paint Thinner 116.01 Gram, Paint Mixing 0 Gram, Paint Binder(Gloss) 0 Gram, Paint Harnder 0 Gram, Paint Thinner 0 Gram, Paint Miscellaneous cost 1 | Total: 15,982.11"
BS-QS-16485,,,1809.12,"Paint Epoxy Primer 181.32 Gram, Epoxy Thinner 35.71 Gram, Epoxy Hardner 54.94 Gram, Paint Mixing 63.59 Gram, Paint Matt agent(Matt) 34.93 Gram, Paint Harnder 31.35 Gram, Paint Thinner 17.91 Gram, Paint Mixing 0 Gram, Paint Binder(Gloss) 0 Gram, Paint Harnder 0 Gram, Paint Thinner 0 Gram, Paint Miscellaneous cost 1 | Total: 1,809.12"
BS-ET-16473,,,2850.13,"Paint Epoxy Primer 285.65 Gram, Epoxy Thinner 56.27 Gram, Epoxy Hardner 86.56 Gram, Paint Mixing 100.18 Gram, Paint Matt agent(Matt) 55.03 Gram, Paint Harnder 49.38 Gram, Paint Thinner 28.22 Gram, Paint Mixing 0 Gram, Paint Binder(Gloss) 0 Gram, Paint Harnder 0 Gram, Paint Thinner 0 Gram, Paint Miscellaneous cost 1 | Total: 2,850.13"
BS-LHET-357,,,2790.27,"Paint Epoxy Primer 311.43 Gram, Epoxy Thinner 65.79 Gram, Epoxy Hardner 61.41 Gram, Paint Mixing 100.1 Gram, Paint Matt agent(Matt) 50.05 Gram, Paint Harnder 50.05 Gram, Paint Thinner 40.52 Gram, Paint Mixing 0 Gram, Paint Binder(Gloss) 0 Gram, Paint Harnder 0 Gram, Paint Thinner 0 Gram, Paint Miscellaneous cost 1 Gram | Total: 2,790.27"
BS-ET-16449,,,2057.09,"Paint Epoxy Primer 165.95 Gram, Epoxy Thinner 32.69 Gram, Epoxy Hardner 50.29 Gram, Paint Mixing 100 Gram, Paint Matt agent(Matt) 31.97 Gram, Paint Harnder 28.69 Gram, Paint Thinner 16.39 Gram, Paint Mixing 0 Gram, Paint Binder(Gloss) 0 Gram, Paint Harnder 0 Gram, Paint Thinner 0 Gram, Paint Miscellaneous cost 1 | Total: 2,057.09"
BS-ET-16470,,,2281.30,"Paint Epoxy Primer 172.1 Gram, Epoxy Thinner 33.9 Gram, Epoxy Hardner 52.15 Gram, Paint Mixing 0 Gram, Paint Matt agent(Matt) 0 Gram, Paint Harnder 0 Gram, Paint Thinner 0 Gram, Paint Mixing 100 Gram, Paint Binder(Gloss) 29.75 Gram, Paint Harnder 42.5 Gram, Paint Thinner 11.33 Gram, Paint Miscellaneous cost 1 | Total: 2,281.30"
BS-SM-16480,,,2012.58,"Paint Epoxy Primer 179.19 Gram, Epoxy Thinner 37.86 Gram, Epoxy Hardner 35.33 Gram, Paint Mixing 100 Gram, Paint Matt agent(Matt) 28.8 Gram, Paint Harnder 28.8 Gram, Paint Thinner 23.31 Gram, Paint Mixing 0 Gram, Paint Binder(Gloss) 0 Gram, Paint Harnder 0 Gram, Paint Thinner 0 Gram, Paint Miscellaneous cost 1 | Total: 2,012.58"
BS-US-2543,,,3975.10,"Paint Epoxy Primer 443.67 Gram, Epoxy Thinner 93.73 Gram, Epoxy Hardner 87.48 Gram, Paint Mixing 142.6 Gram, Paint Matt agent(Matt) 71.3 Gram, Paint Harnder 71.3 Gram, Paint Thinner 57.72 Gram, Paint Mixing 0 Gram, Paint Binder(Gloss) 0 Gram, Paint Harnder 0 Gram, Paint Thinner 0 Gram, Paint Miscellaneous cost 1 | Total: 3,975.10"
BS-SI-16489,,,17337.49,"Paint Epoxy Primer 1935.06 Gram, Epoxy Thinner 408.82 Gram, Epoxy Hardner 381.56 Gram, Paint Mixing 621.96 Gram, Paint Matt agent(Matt) 310.98 Gram, Paint Harnder 310.98 Gram, Paint Thinner 251.74 Gram, Paint Mixing 0 Gram, Paint Binder(Gloss) 0 Gram, Paint Harnder 0 Gram, Paint Thinner 0 Gram, Paint Miscellaneous cost 1 | Total: 17,337.49"
BS-SI-16476,,,1605.44,"Paint Epoxy Primer 179.19 Gram, Epoxy Thinner 37.86 Gram, Epoxy Hardner 35.33 Gram, Paint Mixing 57.59 Gram, Paint Matt agent(Matt) 28.8 Gram, Paint Harnder 28.8 Gram, Paint Thinner 23.31 Gram, Paint Mixing 0 Gram, Paint Binder(Gloss) 0 Gram, Paint Harnder 0 Gram, Paint Thinner 0 Gram, Paint Miscellaneous cost 1 | Total: 1,605.44"
BS-SM-16283-(Bulk),,,19379.34,"Paint Epoxy Primer 2162.96 Gram, Epoxy Thinner 456.96 Gram, Epoxy Hardner 426.5 Gram, Paint Mixing 695.21 Gram, Paint Matt agent(Matt) 347.6 Gram, Paint Harnder 347.6 Gram, Paint Thinner 281.39 Gram, Paint Mixing 0 Gram, Paint Binder(Gloss) 0 Gram, Paint Harnder 0 Gram, Paint Thinner 0 Gram, Paint Miscellaneous cost 1 | Total: 19,379.34"
B,,,3960.53,"Paint Epoxy Primer 442.04 Gram, Epoxy Thinner 93.39 Gram, Epoxy Hardner 87.16 Gram, Paint Mixing 142.08 Gram, Paint Matt agent(Matt) 71.04 Gram, Paint Harnder 71.04 Gram, Paint Thinner 57.51 Gram, Paint Mixing 0 Gram, Paint Binder(Gloss) 0 Gram, Paint Harnder 0 Gram, Paint Thinner 0 Gram, Paint Miscellaneous cost 1 | Total: 3,960.53"
Gift-54,,,10645.68,"Paint Epoxy Primer 1188.18 Gram, Epoxy Thinner 251.02 Gram, Epoxy Hardner 234.29 Gram, Paint Mixing 381.9 Gram, Paint Matt agent(Matt) 190.95 Gram, Paint Harnder 190.95 Gram, Paint Thinner 154.58 Gram, Paint Mixing 0 Gram, Paint Binder(Gloss) 0 Gram, Paint Harnder 0 Gram, Paint Thinner 0 Gram, Paint Miscellaneous cost 1 | Total: 10,645.68"
BS-US-2542,,,6763.52,"Paint Epoxy Primer 308.12 Gram, Epoxy Thinner 65.1 Gram, Epoxy Hardner 60.76 Gram, Paint Mixing 0 Gram, Paint Matt agent(Matt) 0 Gram, Paint Harnder 0 Gram, Paint Thinner 0 Gram, Paint Mixing 506.11 Gram, Paint Matt agent(Matt) 33.01 Gram, Paint Binder(Gloss) 21.22 Gram, Paint Harnder 54.23 Gram, Paint Thinner 21.22 Gram, Paint Mixing 0 Gram, Paint Binder(Gloss) 0 Gram, Paint Harnder 0 Gram, Paint Thinner 0 Gram, Paint Miscellaneous cost 1 | Total: 6,763.52"
BS-SM-13357 RE,,,1813.00,"Paint Epoxy Primer 183.48 Gram, Epoxy Thinner 38.76 Gram, Epoxy Hardner 36.18 Gram, Paint Mixing 0 Gram, Paint Matt agent(Matt) 0 Gram, Paint Harnder 0 Gram, Paint Thinner 0 Gram, Paint Mixing 57.57 Gram, Paint Binder(Gloss) 29.49 Gram, Paint Harnder 42.12 Gram, Paint Thinner 11.23 Gram, Paint Miscellaneous cost 1 | Total: 1,813.00"
BS-LHET-351,,,1777.24,"Paint Epoxy Primer 198.36 Gram, Epoxy Thinner 41.91 Gram, Epoxy Hardner 39.11 Gram, Paint Mixing 63.76 Gram, Paint Matt agent(Matt) 31.88 Gram, Paint Harnder 31.88 Gram, Paint Thinner 25.81 Gram, Paint Mixing 0 Gram, Paint Binder(Gloss) 0 Gram, Paint Harnder 0 Gram, Paint Thinner 0 Gram, Paint Miscellaneous cost 1 Gram | Total: 1,777.24"
BS-LHET-355-A,,,2316.59,"Paint Epoxy Primer 232.18 Gram, Epoxy Thinner 45.73 Gram, Epoxy Hardner 70.36 Gram, Paint Mixing 81.43 Gram, Paint Matt agent(Matt) 44.73 Gram, Paint Harnder 40.14 Gram, Paint Thinner 22.94 Gram, Paint Mixing 0 Gram, Paint Binder(Gloss) 0 Gram, Paint Harnder 0 Gram, Paint Thinner 0 Gram, Paint Miscellaneous cost 1 | Total: 2,316.59"
BS-LHET-355-B,,,2316.59,"Paint Epoxy Primer 232.18 Gram, Epoxy Thinner 45.73 Gram, Epoxy Hardner 70.36 Gram, Paint Mixing 81.43 Gram, Paint Matt agent(Matt) 44.73 Gram, Paint Harnder 40.14 Gram, Paint Thinner 22.94 Gram, Paint Mixing 0 Gram, Paint Binder(Gloss) 0 Gram, Paint Harnder 0 Gram, Paint Thinner 0 Gram, Paint Miscellaneous cost 1 | Total: 2,316.59"
BS-LHET-355-C,,,2316.59,"Paint Epoxy Primer 232.18 Gram, Epoxy Thinner 45.73 Gram, Epoxy Hardner 70.36 Gram, Paint Mixing 81.43 Gram, Paint Matt agent(Matt) 44.73 Gram, Paint Harnder 40.14 Gram, Paint Thinner 22.94 Gram, Paint Mixing 0 Gram, Paint Binder(Gloss) 0 Gram, Paint Harnder 0 Gram, Paint Thinner 0 Gram, Paint Miscellaneous cost 1 | Total: 2,316.59"
BS-LHET-355-D,,,2316.59,"Paint Epoxy Primer 232.18 Gram, Epoxy Thinner 45.73 Gram, Epoxy Hardner 70.36 Gram, Paint Mixing 81.43 Gram, Paint Matt agent(Matt) 44.73 Gram, Paint Harnder 40.14 Gram, Paint Thinner 22.94 Gram, Paint Mixing 0 Gram, Paint Binder(Gloss) 0 Gram, Paint Harnder 0 Gram, Paint Thinner 0 Gram, Paint Miscellaneous cost 1 | Total: 2,316.59"
BS-LHET-355-E,,,2316.59,"Paint Epoxy Primer 232.18 Gram, Epoxy Thinner 45.73 Gram, Epoxy Hardner 70.36 Gram, Paint Mixing 81.43 Gram, Paint Matt agent(Matt) 44.73 Gram, Paint Harnder 40.14 Gram, Paint Thinner 22.94 Gram, Paint Mixing 0 Gram, Paint Binder(Gloss) 0 Gram, Paint Harnder 0 Gram, Paint Thinner 0 Gram, Paint Miscellaneous cost 1 | Total: 2,316.59"
BS-LHET-355-F,,,2316.59,"Paint Epoxy Primer 232.18 Gram, Epoxy Thinner 45.73 Gram, Epoxy Hardner 70.36 Gram, Paint Mixing 81.43 Gram, Paint Matt agent(Matt) 44.73 Gram, Paint Harnder 40.14 Gram, Paint Thinner 22.94 Gram, Paint Mixing 0 Gram, Paint Binder(Gloss) 0 Gram, Paint Harnder 0 Gram, Paint Thinner 0 Gram, Paint Miscellaneous cost 1 | Total: 2,316.59"
BS-LHET-361,,,2492.58,"Paint Epoxy Primer 179.19 Gram, Epoxy Thinner 37.86 Gram, Epoxy Hardner 35.33 Gram, Paint Mixing 150 Gram, Paint Matt agent(Matt) 28.8 Gram, Paint Harnder 28.8 Gram, Paint Thinner 23.31 Gram, Paint Mixing 0 Gram, Paint Binder(Gloss) 0 Gram, Paint Harnder 0 Gram, Paint Thinner 0 Gram, Paint Miscellaneous cost 1 Gram | Total: 2,492.58"
BS-LHET-362,,,2012.58,"Paint Epoxy Primer 179.19 Gram, Epoxy Thinner 37.86 Gram, Epoxy Hardner 35.33 Gram, Paint Mixing 100 Gram, Paint Matt agent(Matt) 28.8 Gram, Paint Harnder 28.8 Gram, Paint Thinner 23.31 Gram, Paint Mixing 0 Gram, Paint Binder(Gloss) 0 Gram, Paint Harnder 0 Gram, Paint Thinner 0 Gram, Paint Miscellaneous cost 1 Gram | Total: 2,012.58"
BS-LHET-363,,,6066.69,"Paint Epoxy Primer 608.03 Gram, Epoxy Thinner 119.76 Gram, Epoxy Hardner 184.25 Gram, Paint Mixing 213.24 Gram, Paint Matt agent(Matt) 117.13 Gram, Paint Harnder 105.12 Gram, Paint Thinner 60.07 Gram, Paint Mixing 0 Gram, Paint Binder(Gloss) 0 Gram, Paint Harnder 0 Gram, Paint Thinner 0 Gram, Paint Miscellaneous cost 1 | Total: 6,066.69"
BS-SI-16479,,,3303.70,"Paint Epoxy Primer 368.73 Gram, Epoxy Thinner 77.9 Gram, Epoxy Hardner 72.71 Gram, Paint Mixing 118.52 Gram, Paint Matt agent(Matt) 59.26 Gram, Paint Harnder 59.26 Gram, Paint Thinner 47.97 Gram, Paint Mixing 0 Gram, Paint Binder(Gloss) 0 Gram, Paint Harnder 0 Gram, Paint Thinner 0 Gram, Paint Miscellaneous cost 1 | Total: 3,303.70"
BS-SI-16441,,,1605.44,"Paint Epoxy Primer 179.19 Gram, Epoxy Thinner 37.86 Gram, Epoxy Hardner 35.33 Gram, Paint Mixing 57.59 Gram, Paint Matt agent(Matt) 28.8 Gram, Paint Harnder 28.8 Gram, Paint Thinner 23.31 Gram, Paint Mixing 0 Gram, Paint Binder(Gloss) 0 Gram, Paint Harnder 0 Gram, Paint Thinner 0 Gram, Paint Miscellaneous cost 1 | Total: 1,605.44"
BS-SM-16463-A,,,3264.20,"Paint Epoxy Primer 364.32 Gram, Epoxy Thinner 76.97 Gram, Epoxy Hardner 71.84 Gram, Paint Mixing 117.1 Gram, Paint Matt agent(Matt) 58.55 Gram, Paint Harnder 58.55 Gram, Paint Thinner 47.4 Gram, Paint Mixing 0 Gram, Paint Binder(Gloss) 0 Gram, Paint Harnder 0 Gram, Paint Thinner 0 Gram, Paint Miscellaneous cost 1 | Total: 3,264.20"
BS-SM-16463-B,,,2793.23,"Paint Epoxy Primer 311.76 Gram, Epoxy Thinner 65.86 Gram, Epoxy Hardner 61.47 Gram, Paint Mixing 100.2 Gram, Paint Matt agent(Matt) 50.1 Gram, Paint Harnder 50.1 Gram, Paint Thinner 40.56 Gram, Paint Mixing 0 Gram, Paint Binder(Gloss) 0 Gram, Paint Harnder 0 Gram, Paint Thinner 0 Gram, Paint Miscellaneous cost 1 | Total: 2,793.23"
BS-ET-16416,,,1605.44,"Paint Epoxy Primer 179.19 Gram, Epoxy Thinner 37.86 Gram, Epoxy Hardner 35.33 Gram, Paint Mixing 57.59 Gram, Paint Matt agent(Matt) 28.8 Gram, Paint Harnder 28.8 Gram, Paint Thinner 23.31 Gram, Paint Mixing 0 Gram, Paint Binder(Gloss) 0 Gram, Paint Harnder 0 Gram, Paint Thinner 0 Gram, Paint Miscellaneous cost 1 | Total: 1,605.44"
BS-SM-16481,,,6771.29,"Paint Epoxy Primer 755.75 Gram, Epoxy Thinner 159.67 Gram, Epoxy Hardner 149.02 Gram, Paint Mixing 242.91 Gram, Paint Matt agent(Matt) 121.46 Gram, Paint Harnder 121.46 Gram, Paint Thinner 98.32 Gram, Paint Mixing 0 Gram, Paint Binder(Gloss) 0 Gram, Paint Harnder 0 Gram, Paint Thinner 0 Gram, Paint Miscellaneous cost 1 | Total: 6,771.29"
BS-SM-16430,,,2912.17,"Paint Epoxy Primer 303.6 Gram, Epoxy Thinner 64.14 Gram, Epoxy Hardner 59.87 Gram, Paint Mixing 117.58 Gram, Paint Matt agent(Matt) 48.79 Gram, Paint Harnder 48.79 Gram, Paint Thinner 39.5 Gram, Paint Mixing 0 Gram, Paint Binder(Gloss) 0 Gram, Paint Harnder 0 Gram, Paint Thinner 0 Gram, Paint Miscellaneous cost 1 | Total: 2,912.17"
BS-SM-16510,,,7303.47,"Paint Epoxy Primer 745.5 Gram, Epoxy Thinner 157.5 Gram, Epoxy Hardner 147 Gram, Paint Mixing 304.62 Gram, Paint Matt agent(Matt) 119.81 Gram, Paint Harnder 119.81 Gram, Paint Thinner 96.99 Gram, Paint Mixing 0 Gram, Paint Binder(Gloss) 0 Gram, Paint Harnder 0 Gram, Paint Thinner 0 Gram, Paint Miscellaneous cost 1 | Total: 7,303.47"
BS-SM-16512,,,3019.01,"Paint Epoxy Primer 165.95 Gram, Epoxy Thinner 32.69 Gram, Epoxy Hardner 50.29 Gram, Paint Mixing 200.2 Gram, Paint Matt agent(Matt) 31.97 Gram, Paint Harnder 28.69 Gram, Paint Thinner 16.39 Gram, Paint Mixing 0 Gram, Paint Binder(Gloss) 0 Gram, Paint Harnder 0 Gram, Paint Thinner 0 Gram, Paint Miscellaneous cost 1 | Total: 3,019.01"
BS-ET-UV-16379,,,2012.58,"Paint Epoxy Primer 179.19 Gram, Epoxy Thinner 37.86 Gram, Epoxy Hardner 35.33 Gram, Paint Mixing 100 Gram, Paint Matt agent(Matt) 28.8 Gram, Paint Harnder 28.8 Gram, Paint Thinner 23.31 Gram, Paint Mixing 0 Gram, Paint Binder(Gloss) 0 Gram, Paint Harnder 0 Gram, Paint Thinner 0 Gram, Paint Miscellaneous cost 1 | Total: 2,012.58"
BS-ET-16471,,,7726.07,"Paint Epoxy Primer 862.32 Gram, Epoxy Thinner 182.18 Gram, Epoxy Hardner 170.03 Gram, Paint Mixing 277.16 Gram, Paint Matt agent(Matt) 138.58 Gram, Paint Harnder 138.58 Gram, Paint Thinner 112.18 Gram, Paint Mixing 0 Gram, Paint Binder(Gloss) 0 Gram, Paint Harnder 0 Gram, Paint Thinner 0 Gram, Paint Miscellaneous cost 1 | Total: 7,726.07"
BS-ET-16514,,,1605.44,"Paint Epoxy Primer 179.19 Gram, Epoxy Thinner 37.86 Gram, Epoxy Hardner 35.33 Gram, Paint Mixing 57.59 Gram, Paint Matt agent(Matt) 28.8 Gram, Paint Harnder 28.8 Gram, Paint Thinner 23.31 Gram, Paint Mixing 0 Gram, Paint Binder(Gloss) 0 Gram, Paint Harnder 0 Gram, Paint Thinner 0 Gram, Paint Miscellaneous cost 1 | Total: 1,605.44"
BS-ET-16515,,,1994.46,"Paint Epoxy Primer 222.6 Gram, Epoxy Thinner 47.03 Gram, Epoxy Hardner 43.89 Gram, Paint Mixing 71.55 Gram, Paint Matt agent(Matt) 35.77 Gram, Paint Harnder 35.77 Gram, Paint Thinner 28.96 Gram, Paint Mixing 0 Gram, Paint Binder(Gloss) 0 Gram, Paint Harnder 0 Gram, Paint Thinner 0 Gram, Paint Miscellaneous cost 1 | Total: 1,994.46"
BS-QS-16522,,,3694.44,"Paint Epoxy Primer 283.77 Gram, Epoxy Thinner 59.95 Gram, Epoxy Hardner 55.95 Gram, Paint Mixing 211.21 Gram, Paint Matt agent(Matt) 45.6 Gram, Paint Harnder 45.6 Gram, Paint Thinner 36.92 Gram, Paint Mixing 0 Gram, Paint Binder(Gloss) 0 Gram, Paint Harnder 0 Gram, Paint Thinner 0 Gram, Paint Miscellaneous cost 1 | Total: 3,694.44"
BS-LHET-335,,,3782.02,"Paint Epoxy Primer 398.7 Gram, Epoxy Thinner 84.23 Gram, Epoxy Hardner 78.62 Gram, Paint Mixing 150 Gram, Paint Matt agent(Matt) 64.07 Gram, Paint Harnder 64.07 Gram, Paint Thinner 51.87 Gram, Paint Mixing 0 Gram, Paint Binder(Gloss) 0 Gram, Paint Harnder 0 Gram, Paint Thinner 0 Gram, Paint Miscellaneous cost 1 Gram | Total: 3,782.02"
BS-SI-16521,,,5779.43,"Paint Epoxy Primer 484.33 Gram, Epoxy Thinner 102.32 Gram, Epoxy Hardner 95.5 Gram, Paint Mixing 305.67 Gram, Paint Matt agent(Matt) 77.84 Gram, Paint Harnder 77.84 Gram, Paint Thinner 63.01 Gram, Paint Mixing 0 Gram, Paint Binder(Gloss) 0 Gram, Paint Harnder 0 Gram, Paint Thinner 0 Gram, Paint Miscellaneous cost 1 | Total: 5,779.43"
BS-SM-16382,,,14177.46,"Paint Epoxy Primer 1582.37 Gram, Epoxy Thinner 334.3 Gram, Epoxy Hardner 312.02 Gram, Paint Mixing 508.6 Gram, Paint Matt agent(Matt) 254.3 Gram, Paint Harnder 254.3 Gram, Paint Thinner 205.86 Gram, Paint Mixing 0 Gram, Paint Binder(Gloss) 0 Gram, Paint Harnder 0 Gram, Paint Thinner 0 Gram, Paint Miscellaneous cost 1 | Total: 14,177.46"
BS-SM-16462,,,3584.10,"Paint Epoxy Primer 400.03 Gram, Epoxy Thinner 84.51 Gram, Epoxy Hardner 78.88 Gram, Paint Mixing 128.57 Gram, Paint Matt agent(Matt) 64.29 Gram, Paint Harnder 64.29 Gram, Paint Thinner 52.04 Gram, Paint Mixing 0 Gram, Paint Binder(Gloss) 0 Gram, Paint Harnder 0 Gram, Paint Thinner 0 Gram, Paint Miscellaneous cost 1 | Total: 3,584.10"
BS-SM-16482,,,2009.97,"Paint Epoxy Primer 178.74 Gram, Epoxy Thinner 37.76 Gram, Epoxy Hardner 35.25 Gram, Paint Mixing 100 Gram, Paint Matt agent(Matt) 28.73 Gram, Paint Harnder 28.73 Gram, Paint Thinner 23.25 Gram, Paint Mixing 0 Gram, Paint Binder(Gloss) 0 Gram, Paint Harnder 0 Gram, Paint Thinner 0 Gram, Paint Miscellaneous cost 1 | Total: 2,009.97"
BS-SM-16458-B (Bulk),,,3720.36,"Paint Epoxy Primer 415.23 Gram, Epoxy Thinner 87.73 Gram, Epoxy Hardner 81.88 Gram, Paint Mixing 133.46 Gram, Paint Matt agent(Matt) 66.73 Gram, Paint Harnder 66.73 Gram, Paint Thinner 54.02 Gram, Paint Mixing 0 Gram, Paint Binder(Gloss) 0 Gram, Paint Harnder 0 Gram, Paint Thinner 0 Gram, Paint Miscellaneous cost 1 | Total: 3,720.36"
BS-US-2548 A,,,16976.48,"Paint Epoxy Primer 1789.21 Gram, Epoxy Thinner 378 Gram, Epoxy Hardner 352.8 Gram, Paint Mixing 0 Gram, Paint Matt agent(Matt) 0 Gram, Paint Harnder 0 Gram, Paint Thinner 0 Gram, Paint Mixing 616.16 Gram, Paint Matt agent(Matt) 191.69 Gram, Paint Binder(Gloss) 123.23 Gram, Paint Harnder 314.92 Gram, Paint Thinner 123.23 Gram, Paint Mixing 0 Gram, Paint Binder(Gloss) 0 Gram, Paint Harnder 0 Gram, Paint Thinner 0 Gram, Paint Miscellaneous cost 1 | Total: 16,976.48"
BS-US-2548 B,,,16976.48,"Paint Epoxy Primer 1789.21 Gram, Epoxy Thinner 378 Gram, Epoxy Hardner 352.8 Gram, Paint Mixing 0 Gram, Paint Matt agent(Matt) 0 Gram, Paint Harnder 0 Gram, Paint Thinner 0 Gram, Paint Mixing 616.16 Gram, Paint Matt agent(Matt) 191.69 Gram, Paint Binder(Gloss) 123.23 Gram, Paint Harnder 314.92 Gram, Paint Thinner 123.23 Gram, Paint Mixing 0 Gram, Paint Binder(Gloss) 0 Gram, Paint Harnder 0 Gram, Paint Thinner 0 Gram, Paint Miscellaneous cost 1 | Total: 16,976.48"
BS-ET-16532-A,,,1605.44,"Paint Epoxy Primer 179.19 Gram, Epoxy Thinner 37.86 Gram, Epoxy Hardner 35.33 Gram, Paint Mixing 57.59 Gram, Paint Matt agent(Matt) 28.8 Gram, Paint Harnder 28.8 Gram, Paint Thinner 23.31 Gram, Paint Mixing 0 Gram, Paint Binder(Gloss) 0 Gram, Paint Harnder 0 Gram, Paint Thinner 0 Gram, Paint Miscellaneous cost 1 | Total: 1,605.44"
BS-ET-16532-B,,,1605.44,"Paint Epoxy Primer 179.19 Gram, Epoxy Thinner 37.86 Gram, Epoxy Hardner 35.33 Gram, Paint Mixing 57.59 Gram, Paint Matt agent(Matt) 28.8 Gram, Paint Harnder 28.8 Gram, Paint Thinner 23.31 Gram, Paint Mixing 0 Gram, Paint Binder(Gloss) 0 Gram, Paint Harnder 0 Gram, Paint Thinner 0 Gram, Paint Miscellaneous cost 1 | Total: 1,605.44"
BS-LHET-352,,,5112.53,"Paint Epoxy Primer 570.62 Gram, Epoxy Thinner 120.55 Gram, Epoxy Hardner 112.52 Gram, Paint Mixing 183.4 Gram, Paint Matt agent(Matt) 91.7 Gram, Paint Harnder 91.7 Gram, Paint Thinner 74.24 Gram, Paint Mixing 0 Gram, Paint Binder(Gloss) 0 Gram, Paint Harnder 0 Gram, Paint Thinner 0 Gram, Paint Miscellaneous cost 1 Gram | Total: 5,112.53"
BS-LHET-354-A,,,3082.87,"Paint Epoxy Primer 279.69 Gram, Epoxy Thinner 59.09 Gram, Epoxy Hardner 55.15 Gram, Paint Mixing 150 Gram, Paint Matt agent(Matt) 44.95 Gram, Paint Harnder 44.95 Gram, Paint Thinner 36.39 Gram, Paint Mixing 0 Gram, Paint Binder(Gloss) 0 Gram, Paint Harnder 0 Gram, Paint Thinner 0 Gram, Paint Miscellaneous cost 1 Gram | Total: 3,082.87"
BS-LHET-354-B,,,3082.87,"Paint Epoxy Primer 279.69 Gram, Epoxy Thinner 59.09 Gram, Epoxy Hardner 55.15 Gram, Paint Mixing 150 Gram, Paint Matt agent(Matt) 44.95 Gram, Paint Harnder 44.95 Gram, Paint Thinner 36.39 Gram, Paint Mixing 0 Gram, Paint Binder(Gloss) 0 Gram, Paint Harnder 0 Gram, Paint Thinner 0 Gram, Paint Miscellaneous cost 1 Gram | Total: 3,082.87"
BS-LHET-364-A,,,1605.44,"Paint Epoxy Primer 179.19 Gram, Epoxy Thinner 37.86 Gram, Epoxy Hardner 35.33 Gram, Paint Mixing 57.59 Gram, Paint Matt agent(Matt) 28.8 Gram, Paint Harnder 28.8 Gram, Paint Thinner 23.31 Gram, Paint Mixing 0 Gram, Paint Binder(Gloss) 0 Gram, Paint Harnder 0 Gram, Paint Thinner 0 Gram, Paint Miscellaneous cost 1 Gram | Total: 1,605.44"
BS-LHET-364-B,,,1605.44,"Paint Epoxy Primer 179.19 Gram, Epoxy Thinner 37.86 Gram, Epoxy Hardner 35.33 Gram, Paint Mixing 57.59 Gram, Paint Matt agent(Matt) 28.8 Gram, Paint Harnder 28.8 Gram, Paint Thinner 23.31 Gram, Paint Mixing 0 Gram, Paint Binder(Gloss) 0 Gram, Paint Harnder 0 Gram, Paint Thinner 0 Gram, Paint Miscellaneous cost 1 Gram | Total: 1,605.44"
BS-LHET-365-A,,,1605.44,"Paint Epoxy Primer 179.19 Gram, Epoxy Thinner 37.86 Gram, Epoxy Hardner 35.33 Gram, Paint Mixing 57.59 Gram, Paint Matt agent(Matt) 28.8 Gram, Paint Harnder 28.8 Gram, Paint Thinner 23.31 Gram, Paint Mixing 0 Gram, Paint Binder(Gloss) 0 Gram, Paint Harnder 0 Gram, Paint Thinner 0 Gram, Paint Miscellaneous cost 1 Gram | Total: 1,605.44"
BS-LHET-365-B,,,1605.44,"Paint Epoxy Primer 179.19 Gram, Epoxy Thinner 37.86 Gram, Epoxy Hardner 35.33 Gram, Paint Mixing 57.59 Gram, Paint Matt agent(Matt) 28.8 Gram, Paint Harnder 28.8 Gram, Paint Thinner 23.31 Gram, Paint Mixing 0 Gram, Paint Binder(Gloss) 0 Gram, Paint Harnder 0 Gram, Paint Thinner 0 Gram, Paint Miscellaneous cost 1 Gram | Total: 1,605.44"
BS-S.inc-16350,,,6934.21,"Paint Epoxy Primer 773.94 Gram, Epoxy Thinner 163.51 Gram, Epoxy Hardner 152.61 Gram, Paint Mixing 248.75 Gram, Paint Matt agent(Matt) 124.38 Gram, Paint Harnder 124.38 Gram, Paint Thinner 100.69 Gram, Paint Mixing 0 Gram, Paint Binder(Gloss) 0 Gram, Paint Harnder 0 Gram, Paint Thinner 0 Gram, Paint Miscellaneous cost 1 | Total: 6,934.21"
BS-GL-0020,,,2128.74,"Paint Epoxy Primer 237.59 Gram, Epoxy Thinner 50.2 Gram, Epoxy Hardner 46.85 Gram, Paint Mixing 76.37 Gram, Paint Matt agent(Matt) 38.18 Gram, Paint Harnder 38.18 Gram, Paint Thinner 30.91 Gram, Paint Mixing 0 Gram, Paint Binder(Gloss) 0 Gram, Paint Harnder 0 Gram, Paint Thinner 0 Gram, Paint Miscellaneous cost 1 | Total: 2,128.74"
BS-US-2552 A,,,7001.39,"Paint Epoxy Primer 737.9 Gram, Epoxy Thinner 155.89 Gram, Epoxy Hardner 145.5 Gram, Paint Mixing 0 Gram, Paint Matt agent(Matt) 0 Gram, Paint Harnder 0 Gram, Paint Thinner 0 Gram, Paint Mixing 254.11 Gram, Paint Matt agent(Matt) 79.06 Gram, Paint Binder(Gloss) 50.82 Gram, Paint Harnder 129.88 Gram, Paint Thinner 50.82 Gram, Paint Mixing 0 Gram, Paint Binder(Gloss) 0 Gram, Paint Harnder 0 Gram, Paint Thinner 0 Gram, Paint Miscellaneous cost 1 | Total: 7,001.39"
BS-US-2552 B,,,5821.94,"Paint Epoxy Primer 613.6 Gram, Epoxy Thinner 129.63 Gram, Epoxy Hardner 120.99 Gram, Paint Mixing 0 Gram, Paint Matt agent(Matt) 0 Gram, Paint Harnder 0 Gram, Paint Thinner 0 Gram, Paint Mixing 211.31 Gram, Paint Matt agent(Matt) 65.74 Gram, Paint Binder(Gloss) 42.26 Gram, Paint Harnder 108 Gram, Paint Thinner 42.26 Gram, Paint Mixing 0 Gram, Paint Binder(Gloss) 0 Gram, Paint Harnder 0 Gram, Paint Thinner 0 Gram, Paint Miscellaneous cost 1 | Total: 5,821.94"
BS-US-2555 A,,,17387.41,"Paint Epoxy Primer 1832.52 Gram, Epoxy Thinner 387.15 Gram, Epoxy Hardner 361.34 Gram, Paint Mixing 0 Gram, Paint Matt agent(Matt) 0 Gram, Paint Harnder 0 Gram, Paint Thinner 0 Gram, Paint Mixing 631.07 Gram, Paint Matt agent(Matt) 196.33 Gram, Paint Binder(Gloss) 126.21 Gram, Paint Harnder 322.55 Gram, Paint Thinner 126.21 Gram, Paint Mixing 0 Gram, Paint Binder(Gloss) 0 Gram, Paint Harnder 0 Gram, Paint Thinner 0 Gram, Paint Miscellaneous cost 1 | Total: 17,387.41"
BS-US-2555 B,,,17387.41,"Paint Epoxy Primer 1832.52 Gram, Epoxy Thinner 387.15 Gram, Epoxy Hardner 361.34 Gram, Paint Mixing 0 Gram, Paint Matt agent(Matt) 0 Gram, Paint Harnder 0 Gram, Paint Thinner 0 Gram, Paint Mixing 631.07 Gram, Paint Matt agent(Matt) 196.33 Gram, Paint Binder(Gloss) 126.21 Gram, Paint Harnder 322.55 Gram, Paint Thinner 126.21 Gram, Paint Mixing 0 Gram, Paint Binder(Gloss) 0 Gram, Paint Harnder 0 Gram, Paint Thinner 0 Gram, Paint Miscellaneous cost 1 | Total: 17,387.41"
BS-SI-16475-Bulk,,,21731.23,"Paint Epoxy Primer 2425.45 Gram, Epoxy Thinner 512.42 Gram, Epoxy Hardner 478.26 Gram, Paint Mixing 779.58 Gram, Paint Matt agent(Matt) 389.79 Gram, Paint Harnder 389.79 Gram, Paint Thinner 315.54 Gram, Paint Mixing 0 Gram, Paint Binder(Gloss) 0 Gram, Paint Harnder 0 Gram, Paint Thinner 0 Gram, Paint Miscellaneous cost 1 | Total: 21,731.23"
BS-ET-16488-A,,,4527.03,"Paint Epoxy Primer 505.27 Gram, Epoxy Thinner 106.75 Gram, Epoxy Hardner 99.63 Gram, Paint Mixing 162.4 Gram, Paint Matt agent(Matt) 81.2 Gram, Paint Harnder 81.2 Gram, Paint Thinner 65.73 Gram, Paint Mixing 0 Gram, Paint Binder(Gloss) 0 Gram, Paint Harnder 0 Gram, Paint Thinner 0 Gram, Paint Miscellaneous cost 1 | Total: 4,527.03"
BS-ET-16531,,,2840.07,"Paint Epoxy Primer 156.26 Gram, Epoxy Thinner 33.01 Gram, Epoxy Hardner 30.81 Gram, Paint Mixing 200.23 Gram, Paint Matt agent(Matt) 25.11 Gram, Paint Harnder 25.11 Gram, Paint Thinner 20.33 Gram, Paint Mixing 0 Gram, Paint Binder(Gloss) 0 Gram, Paint Harnder 0 Gram, Paint Thinner 0 Gram, Paint Miscellaneous cost 1 | Total: 2,840.07"
BS-ET-16541-A,,,1661.94,"Paint Epoxy Primer 166.57 Gram, Epoxy Thinner 32.81 Gram, Epoxy Hardner 50.47 Gram, Paint Mixing 58.42 Gram, Paint Matt agent(Matt) 32.09 Gram, Paint Harnder 28.8 Gram, Paint Thinner 16.46 Gram, Paint Mixing 0 Gram, Paint Binder(Gloss) 0 Gram, Paint Harnder 0 Gram, Paint Thinner 0 Gram, Paint Miscellaneous cost 1 Gram | Total: 1,661.94"
BS-ET-16542,,,1605.44,"Paint Epoxy Primer 179.19 Gram, Epoxy Thinner 37.86 Gram, Epoxy Hardner 35.33 Gram, Paint Mixing 57.59 Gram, Paint Matt agent(Matt) 28.8 Gram, Paint Harnder 28.8 Gram, Paint Thinner 23.31 Gram, Paint Mixing 0 Gram, Paint Binder(Gloss) 0 Gram, Paint Harnder 0 Gram, Paint Thinner 0 Gram, Paint Miscellaneous cost 1 Gram | Total: 1,605.44"
BS-ET-16488-B-Bulk,,,1655.81,"Paint Epoxy Primer 165.95 Gram, Epoxy Thinner 32.69 Gram, Epoxy Hardner 50.29 Gram, Paint Mixing 58.2 Gram, Paint Matt agent(Matt) 31.97 Gram, Paint Harnder 28.69 Gram, Paint Thinner 16.39 Gram, Paint Mixing 0 Gram, Paint Binder(Gloss) 0 Gram, Paint Harnder 0 Gram, Paint Thinner 0 Gram, Paint Miscellaneous cost 1 | Total: 1,655.81"
BS-LHET-356,,,2012.58,"Paint Epoxy Primer 179.19 Gram, Epoxy Thinner 37.86 Gram, Epoxy Hardner 35.33 Gram, Paint Mixing 100 Gram, Paint Matt agent(Matt) 28.8 Gram, Paint Harnder 28.8 Gram, Paint Thinner 23.31 Gram, Paint Mixing 0 Gram, Paint Binder(Gloss) 0 Gram, Paint Harnder 0 Gram, Paint Thinner 0 Gram, Paint Miscellaneous cost 1 Gram | Total: 2,012.58"
BS-ET-16541-B,,,1661.94,"Paint Epoxy Primer 166.57 Gram, Epoxy Thinner 32.81 Gram, Epoxy Hardner 50.47 Gram, Paint Mixing 58.42 Gram, Paint Matt agent(Matt) 32.09 Gram, Paint Harnder 28.8 Gram, Paint Thinner 16.46 Gram, Paint Mixing 0 Gram, Paint Binder(Gloss) 0 Gram, Paint Harnder 0 Gram, Paint Thinner 0 Gram, Paint Miscellaneous cost 1 Gram | Total: 1,661.94"
BS-SI-16369,,,25542.92,"Paint Epoxy Primer 2850.88 Gram, Epoxy Thinner 602.3 Gram, Epoxy Hardner 562.15 Gram, Paint Mixing 916.32 Gram, Paint Matt agent(Matt) 458.16 Gram, Paint Harnder 458.16 Gram, Paint Thinner 370.89 Gram, Paint Mixing 0 Gram, Paint Binder(Gloss) 0 Gram, Paint Harnder 0 Gram, Paint Thinner 0 Gram, Paint Miscellaneous cost 1 | Total: 25,542.92"
BS-SI-16477,,,19592.12,"Paint Epoxy Primer 2186.7 Gram, Epoxy Thinner 461.98 Gram, Epoxy Hardner 431.18 Gram, Paint Mixing 702.84 Gram, Paint Matt agent(Matt) 351.42 Gram, Paint Harnder 351.42 Gram, Paint Thinner 284.48 Gram, Paint Mixing 0 Gram, Paint Binder(Gloss) 0 Gram, Paint Harnder 0 Gram, Paint Thinner 0 Gram, Paint Miscellaneous cost 1 | Total: 19,592.12"
BS-S.inc-16557,,,3380.71,"Paint Epoxy Primer 377.33 Gram, Epoxy Thinner 79.72 Gram, Epoxy Hardner 74.4 Gram, Paint Mixing 121.28 Gram, Paint Matt agent(Matt) 60.64 Gram, Paint Harnder 60.64 Gram, Paint Thinner 49.09 Gram, Paint Mixing 0 Gram, Paint Binder(Gloss) 0 Gram, Paint Harnder 0 Gram, Paint Thinner 0 Gram, Paint Miscellaneous cost 1 | Total: 3,380.71"
BS-SI-16500,,,2787.77,"Paint Epoxy Primer 229.44 Gram, Epoxy Thinner 48.47 Gram, Epoxy Hardner 45.24 Gram, Paint Mixing 150 Gram, Paint Matt agent(Matt) 36.87 Gram, Paint Harnder 36.87 Gram, Paint Thinner 29.85 Gram, Paint Mixing 0 Gram, Paint Binder(Gloss) 0 Gram, Paint Harnder 0 Gram, Paint Thinner 0 Gram, Paint Miscellaneous cost 1 | Total: 2,787.77"
BS-QS-16537,,,3017.09,"Paint Epoxy Primer 165.95 Gram, Epoxy Thinner 32.69 Gram, Epoxy Hardner 50.29 Gram, Paint Mixing 200 Gram, Paint Matt agent(Matt) 31.97 Gram, Paint Harnder 28.69 Gram, Paint Thinner 16.39 Gram, Paint Mixing 0 Gram, Paint Binder(Gloss) 0 Gram, Paint Harnder 0 Gram, Paint Thinner 0 Gram, Paint Miscellaneous cost 1 | Total: 3,017.09"
BS-SI-16439,,,8924.72,"Paint Epoxy Primer 996.1 Gram, Epoxy Thinner 210.44 Gram, Epoxy Hardner 196.41 Gram, Paint Mixing 320.16 Gram, Paint Matt agent(Matt) 160.08 Gram, Paint Harnder 160.08 Gram, Paint Thinner 129.59 Gram, Paint Mixing 0 Gram, Paint Binder(Gloss) 0 Gram, Paint Harnder 0 Gram, Paint Thinner 0 Gram, Paint Miscellaneous cost 1 | Total: 8,924.72"
BS-QS-16554,,,3417.24,"Paint Epoxy Primer 381.4 Gram, Epoxy Thinner 80.58 Gram, Epoxy Hardner 75.21 Gram, Paint Mixing 122.59 Gram, Paint Matt agent(Matt) 61.29 Gram, Paint Harnder 61.29 Gram, Paint Thinner 49.62 Gram, Paint Mixing 0 Gram, Paint Binder(Gloss) 0 Gram, Paint Harnder 0 Gram, Paint Thinner 0 Gram, Paint Miscellaneous cost 1 | Total: 3,417.24"
BS-SM-16550,,,2972.58,"Paint Epoxy Primer 179.19 Gram, Epoxy Thinner 37.86 Gram, Epoxy Hardner 35.33 Gram, Paint Mixing 200 Gram, Paint Matt agent(Matt) 28.8 Gram, Paint Harnder 28.8 Gram, Paint Thinner 23.31 Gram, Paint Mixing 0 Gram, Paint Binder(Gloss) 0 Gram, Paint Harnder 0 Gram, Paint Thinner 0 Gram, Paint Miscellaneous cost 1 | Total: 2,972.58"
BS-S.inc-16548,,,11895.67,"Paint Epoxy Primer 1327.69 Gram, Epoxy Thinner 280.5 Gram, Epoxy Hardner 261.8 Gram, Paint Mixing 426.74 Gram, Paint Matt agent(Matt) 213.37 Gram, Paint Harnder 213.37 Gram, Paint Thinner 172.73 Gram, Paint Mixing 0 Gram, Paint Binder(Gloss) 0 Gram, Paint Harnder 0 Gram, Paint Thinner 0 Gram, Paint Miscellaneous cost 1 | Total: 11,895.67"
BS-SI-16544,,,4628.73,"Paint Epoxy Primer 516.62 Gram, Epoxy Thinner 109.14 Gram, Epoxy Hardner 101.87 Gram, Paint Mixing 166.05 Gram, Paint Matt agent(Matt) 83.02 Gram, Paint Harnder 83.02 Gram, Paint Thinner 67.21 Gram, Paint Mixing 0 Gram, Paint Binder(Gloss) 0 Gram, Paint Harnder 0 Gram, Paint Thinner 0 Gram, Paint Miscellaneous cost 1 | Total: 4,628.73"
BS-QS-16553,,,8175.31,"Paint Epoxy Primer 912.46 Gram, Epoxy Thinner 192.77 Gram, Epoxy Hardner 179.92 Gram, Paint Mixing 293.28 Gram, Paint Matt agent(Matt) 146.64 Gram, Paint Harnder 146.64 Gram, Paint Thinner 118.71 Gram, Paint Mixing 0 Gram, Paint Binder(Gloss) 0 Gram, Paint Harnder 0 Gram, Paint Thinner 0 Gram, Paint Miscellaneous cost 1 | Total: 8,175.31"
BS-SM-16569,,,2057.09,"Paint Epoxy Primer 165.95 Gram, Epoxy Thinner 32.69 Gram, Epoxy Hardner 50.29 Gram, Paint Mixing 100 Gram, Paint Matt agent(Matt) 31.97 Gram, Paint Harnder 28.69 Gram, Paint Thinner 16.39 Gram, Paint Mixing 0 Gram, Paint Binder(Gloss) 0 Gram, Paint Harnder 0 Gram, Paint Thinner 0 Gram, Paint Miscellaneous cost 1 | Total: 2,057.09"
BS-ET-16400,,,0.00,"Paint Epoxy Primer 0 Gram, Epoxy Thinner 0 Gram, Epoxy Hardner 0 Gram, Paint Mixing 0 Gram, Paint Matt agent(Matt) 0 Gram, Paint Harnder 0 Gram, Paint Thinner 0 Gram, Paint Mixing 0 Gram, Paint Binder(Gloss) 0 Gram, Paint Harnder 0 Gram, Paint Thinner 0 Gram, Paint Miscellaneous cost 1 | Total: 0.00"
BS-ET-16469,,,2268.42,"Paint Epoxy Primer 222.11 Gram, Epoxy Thinner 46.92 Gram, Epoxy Hardner 43.8 Gram, Paint Mixing 100.39 Gram, Paint Matt agent(Matt) 35.69 Gram, Paint Harnder 35.69 Gram, Paint Thinner 28.9 Gram, Paint Mixing 0 Gram, Paint Binder(Gloss) 0 Gram, Paint Harnder 0 Gram, Paint Thinner 0 Gram, Paint Miscellaneous cost 1 | Total: 2,268.42"
BS-ET-16540,,,2382.34,"Paint Epoxy Primer 240.18 Gram, Epoxy Thinner 50.74 Gram, Epoxy Hardner 47.36 Gram, Paint Mixing 101.2 Gram, Paint Matt agent(Matt) 38.6 Gram, Paint Harnder 38.6 Gram, Paint Thinner 31.25 Gram, Paint Mixing 0 Gram, Paint Binder(Gloss) 0 Gram, Paint Harnder 0 Gram, Paint Thinner 0 Gram, Paint Miscellaneous cost 1 | Total: 2,382.34"
BS-ET-16562,,,2502.96,"Paint Epoxy Primer 180.78 Gram, Epoxy Thinner 38.19 Gram, Epoxy Hardner 35.65 Gram, Paint Mixing 150.11 Gram, Paint Matt agent(Matt) 29.05 Gram, Paint Harnder 29.05 Gram, Paint Thinner 23.52 Gram, Paint Mixing 0 Gram, Paint Binder(Gloss) 0 Gram, Paint Harnder 0 Gram, Paint Thinner 0 Gram, Paint Miscellaneous cost 1 | Total: 2,502.96"
BS-LHET-360,,,2012.58,"Paint Epoxy Primer 179.19 Gram, Epoxy Thinner 37.86 Gram, Epoxy Hardner 35.33 Gram, Paint Mixing 100 Gram, Paint Matt agent(Matt) 28.8 Gram, Paint Harnder 28.8 Gram, Paint Thinner 23.31 Gram, Paint Mixing 0 Gram, Paint Binder(Gloss) 0 Gram, Paint Harnder 0 Gram, Paint Thinner 0 Gram, Paint Miscellaneous cost 1 Gram | Total: 2,012.58"
BS-SI-16516,,,3426.13,"Paint Epoxy Primer 382.39 Gram, Epoxy Thinner 80.79 Gram, Epoxy Hardner 75.4 Gram, Paint Mixing 122.91 Gram, Paint Matt agent(Matt) 61.45 Gram, Paint Harnder 61.45 Gram, Paint Thinner 49.75 Gram, Paint Mixing 0 Gram, Paint Binder(Gloss) 0 Gram, Paint Harnder 0 Gram, Paint Thinner 0 Gram, Paint Miscellaneous cost 1 | Total: 3,426.13"
BS-SI-16543,,,4071.36,"Paint Epoxy Primer 412.04 Gram, Epoxy Thinner 87.05 Gram, Epoxy Hardner 81.25 Gram, Paint Mixing 0 Gram, Paint Matt agent(Matt) 0 Gram, Paint Harnder 0 Gram, Paint Thinner 0 Gram, Paint Mixing 129.28 Gram, Paint Binder(Gloss) 66.22 Gram, Paint Harnder 94.6 Gram, Paint Thinner 25.23 Gram, Paint Miscellaneous cost 1 | Total: 4,071.36"
BS-SI-16466,,,3365.16,"Paint Epoxy Primer 326.3 Gram, Epoxy Thinner 68.94 Gram, Epoxy Hardner 64.34 Gram, Paint Mixing 150.88 Gram, Paint Matt agent(Matt) 52.44 Gram, Paint Harnder 52.44 Gram, Paint Thinner 42.45 Gram, Paint Mixing 0 Gram, Paint Binder(Gloss) 0 Gram, Paint Harnder 0 Gram, Paint Thinner 0 Gram, Paint Miscellaneous cost 1 | Total: 3,365.16"
BS-SI-16579-A,,,1605.44,"Paint Epoxy Primer 179.19 Gram, Epoxy Thinner 37.86 Gram, Epoxy Hardner 35.33 Gram, Paint Mixing 57.59 Gram, Paint Matt agent(Matt) 28.8 Gram, Paint Harnder 28.8 Gram, Paint Thinner 23.31 Gram, Paint Mixing 0 Gram, Paint Binder(Gloss) 0 Gram, Paint Harnder 0 Gram, Paint Thinner 0 Gram, Paint Miscellaneous cost 1 | Total: 1,605.44"
BS-SI-16579-B,,,1605.44,"Paint Epoxy Primer 179.19 Gram, Epoxy Thinner 37.86 Gram, Epoxy Hardner 35.33 Gram, Paint Mixing 57.59 Gram, Paint Matt agent(Matt) 28.8 Gram, Paint Harnder 28.8 Gram, Paint Thinner 23.31 Gram, Paint Mixing 0 Gram, Paint Binder(Gloss) 0 Gram, Paint Harnder 0 Gram, Paint Thinner 0 Gram, Paint Miscellaneous cost 1 | Total: 1,605.44"
BS-SI-16579-C,,,1605.44,"Paint Epoxy Primer 179.19 Gram, Epoxy Thinner 37.86 Gram, Epoxy Hardner 35.33 Gram, Paint Mixing 57.59 Gram, Paint Matt agent(Matt) 28.8 Gram, Paint Harnder 28.8 Gram, Paint Thinner 23.31 Gram, Paint Mixing 0 Gram, Paint Binder(Gloss) 0 Gram, Paint Harnder 0 Gram, Paint Thinner 0 Gram, Paint Miscellaneous cost 1 | Total: 1,605.44"
BS-ET-16501,,,0.00,"Paint Epoxy Primer 0 Gram, Epoxy Thinner 0 Gram, Epoxy Hardner 0 Gram, Paint Mixing 0 Gram, Paint Matt agent(Matt) 0 Gram, Paint Harnder 0 Gram, Paint Thinner 0 Gram, Paint Mixing 0 Gram, Paint Binder(Gloss) 0 Gram, Paint Harnder 0 Gram, Paint Thinner 0 Gram, Paint Miscellaneous cost 1 | Total: 0.00"
BS-ET-16502,,,6250.96,"Paint Epoxy Primer 697.68 Gram, Epoxy Thinner 147.4 Gram, Epoxy Hardner 137.57 Gram, Paint Mixing 224.24 Gram, Paint Matt agent(Matt) 112.12 Gram, Paint Harnder 112.12 Gram, Paint Thinner 90.77 Gram, Paint Mixing 0 Gram, Paint Binder(Gloss) 0 Gram, Paint Harnder 0 Gram, Paint Thinner 0 Gram, Paint Miscellaneous cost 1 | Total: 6,250.96"
BS-ET-16507,,,2173.17,"Paint Epoxy Primer 242.55 Gram, Epoxy Thinner 51.24 Gram, Epoxy Hardner 47.83 Gram, Paint Mixing 77.96 Gram, Paint Matt agent(Matt) 38.98 Gram, Paint Harnder 38.98 Gram, Paint Thinner 31.56 Gram, Paint Mixing 0 Gram, Paint Binder(Gloss) 0 Gram, Paint Harnder 0 Gram, Paint Thinner 0 Gram, Paint Miscellaneous cost 1 | Total: 2,173.17"
BS-ET-16265,,,1605.44,"Paint Epoxy Primer 179.19 Gram, Epoxy Thinner 37.86 Gram, Epoxy Hardner 35.33 Gram, Paint Mixing 57.59 Gram, Paint Matt agent(Matt) 28.8 Gram, Paint Harnder 28.8 Gram, Paint Thinner 23.31 Gram, Paint Mixing 0 Gram, Paint Binder(Gloss) 0 Gram, Paint Harnder 0 Gram, Paint Thinner 0 Gram, Paint Miscellaneous cost 1 | Total: 1,605.44"
BS-SM-16457,,,2012.58,"Paint Epoxy Primer 179.19 Gram, Epoxy Thinner 37.86 Gram, Epoxy Hardner 35.33 Gram, Paint Mixing 100 Gram, Paint Matt agent(Matt) 28.8 Gram, Paint Harnder 28.8 Gram, Paint Thinner 23.31 Gram, Paint Mixing 0 Gram, Paint Binder(Gloss) 0 Gram, Paint Harnder 0 Gram, Paint Thinner 0 Gram, Paint Miscellaneous cost 1 Gram | Total: 2,012.58"
BS-ET-16498,,,3584.52,"Paint Epoxy Primer 357.21 Gram, Epoxy Thinner 75.47 Gram, Epoxy Hardner 70.44 Gram, Paint Mixing 154.81 Gram, Paint Matt agent(Matt) 57.41 Gram, Paint Harnder 57.41 Gram, Paint Thinner 46.47 Gram, Paint Mixing 0 Gram, Paint Binder(Gloss) 0 Gram, Paint Harnder 0 Gram, Paint Thinner 0 Gram, Paint Miscellaneous cost 1 | Total: 3,584.52"
BS-ET-16529,,,8636.41,"Paint Epoxy Primer 963.92 Gram, Epoxy Thinner 203.65 Gram, Epoxy Hardner 190.07 Gram, Paint Mixing 309.82 Gram, Paint Matt agent(Matt) 154.91 Gram, Paint Harnder 154.91 Gram, Paint Thinner 125.4 Gram, Paint Mixing 0 Gram, Paint Binder(Gloss) 0 Gram, Paint Harnder 0 Gram, Paint Thinner 0 Gram, Paint Miscellaneous cost 1 | Total: 8,636.41"
BS-ET-16538,,,2464.44,"Paint Epoxy Primer 275.06 Gram, Epoxy Thinner 58.11 Gram, Epoxy Hardner 54.24 Gram, Paint Mixing 88.41 Gram, Paint Matt agent(Matt) 44.2 Gram, Paint Harnder 44.2 Gram, Paint Thinner 35.78 Gram, Paint Mixing 0 Gram, Paint Binder(Gloss) 0 Gram, Paint Harnder 0 Gram, Paint Thinner 0 Gram, Paint Miscellaneous cost 1 | Total: 2,464.44"
BS-ET-16560,,,1605.44,"Paint Epoxy Primer 179.19 Gram, Epoxy Thinner 37.86 Gram, Epoxy Hardner 35.33 Gram, Paint Mixing 57.59 Gram, Paint Matt agent(Matt) 28.8 Gram, Paint Harnder 28.8 Gram, Paint Thinner 23.31 Gram, Paint Mixing 0 Gram, Paint Binder(Gloss) 0 Gram, Paint Harnder 0 Gram, Paint Thinner 0 Gram, Paint Miscellaneous cost 1 Gram | Total: 1,605.44"
BS-ET-16565,,,11650.81,"Paint Epoxy Primer 1300.36 Gram, Epoxy Thinner 274.72 Gram, Epoxy Hardner 256.41 Gram, Paint Mixing 417.96 Gram, Paint Matt agent(Matt) 208.98 Gram, Paint Harnder 208.98 Gram, Paint Thinner 169.17 Gram, Paint Mixing 0 Gram, Paint Binder(Gloss) 0 Gram, Paint Harnder 0 Gram, Paint Thinner 0 Gram, Paint Miscellaneous cost 1 | Total: 11,650.81"
BS-ET-16568-A,,,1605.44,"Paint Epoxy Primer 179.19 Gram, Epoxy Thinner 37.86 Gram, Epoxy Hardner 35.33 Gram, Paint Mixing 57.59 Gram, Paint Matt agent(Matt) 28.8 Gram, Paint Harnder 28.8 Gram, Paint Thinner 23.31 Gram, Paint Mixing 0 Gram, Paint Binder(Gloss) 0 Gram, Paint Harnder 0 Gram, Paint Thinner 0 Gram, Paint Miscellaneous cost 1 | Total: 1,605.44"
BS-LHET-376-A,,,1605.44,"Paint Epoxy Primer 179.19 Gram, Epoxy Thinner 37.86 Gram, Epoxy Hardner 35.33 Gram, Paint Mixing 57.59 Gram, Paint Matt agent(Matt) 28.8 Gram, Paint Harnder 28.8 Gram, Paint Thinner 23.31 Gram, Paint Mixing 0 Gram, Paint Binder(Gloss) 0 Gram, Paint Harnder 0 Gram, Paint Thinner 0 Gram, Paint Miscellaneous cost 1 Gram | Total: 1,605.44"
BS-LHET-376-B,,,1605.44,"Paint Epoxy Primer 179.19 Gram, Epoxy Thinner 37.86 Gram, Epoxy Hardner 35.33 Gram, Paint Mixing 57.59 Gram, Paint Matt agent(Matt) 28.8 Gram, Paint Harnder 28.8 Gram, Paint Thinner 23.31 Gram, Paint Mixing 0 Gram, Paint Binder(Gloss) 0 Gram, Paint Harnder 0 Gram, Paint Thinner 0 Gram, Paint Miscellaneous cost 1 Gram | Total: 1,605.44"
BS-LHET-376-C,,,1605.44,"Paint Epoxy Primer 179.19 Gram, Epoxy Thinner 37.86 Gram, Epoxy Hardner 35.33 Gram, Paint Mixing 57.59 Gram, Paint Matt agent(Matt) 28.8 Gram, Paint Harnder 28.8 Gram, Paint Thinner 23.31 Gram, Paint Mixing 0 Gram, Paint Binder(Gloss) 0 Gram, Paint Harnder 0 Gram, Paint Thinner 0 Gram, Paint Miscellaneous cost 1 Gram | Total: 1,605.44"
BS-ET-16568-B,,,2442.10,"Paint Epoxy Primer 208.28 Gram, Epoxy Thinner 44 Gram, Epoxy Hardner 41.07 Gram, Paint Mixing 126.94 Gram, Paint Matt agent(Matt) 33.47 Gram, Paint Harnder 33.47 Gram, Paint Thinner 27.1 Gram, Paint Mixing 0 Gram, Paint Binder(Gloss) 0 Gram, Paint Harnder 0 Gram, Paint Thinner 0 Gram, Paint Miscellaneous cost 1 | Total: 2,442.10"
BS-SI-16526,,,2149.97,"Paint Epoxy Primer 239.96 Gram, Epoxy Thinner 50.7 Gram, Epoxy Hardner 47.32 Gram, Paint Mixing 77.13 Gram, Paint Matt agent(Matt) 38.56 Gram, Paint Harnder 38.56 Gram, Paint Thinner 31.22 Gram, Paint Mixing 0 Gram, Paint Binder(Gloss) 0 Gram, Paint Harnder 0 Gram, Paint Thinner 0 Gram, Paint Miscellaneous cost 1 | Total: 2,149.97"
BS-S.inc-16580-Bulk,,,3820.86,"Paint Epoxy Primer 286.73 Gram, Epoxy Thinner 56.48 Gram, Epoxy Hardner 86.89 Gram, Paint Mixing 200.56 Gram, Paint Matt agent(Matt) 55.24 Gram, Paint Harnder 49.57 Gram, Paint Thinner 28.33 Gram, Paint Mixing 0 Gram, Paint Binder(Gloss) 0 Gram, Paint Harnder 0 Gram, Paint Thinner 0 Gram, Paint Miscellaneous cost 1 | Total: 3,820.86"
BS-SM-15743 RE,,,1605.44,"Paint Epoxy Primer 179.19 Gram, Epoxy Thinner 37.86 Gram, Epoxy Hardner 35.33 Gram, Paint Mixing 57.59 Gram, Paint Matt agent(Matt) 28.8 Gram, Paint Harnder 28.8 Gram, Paint Thinner 23.31 Gram, Paint Mixing 0 Gram, Paint Binder(Gloss) 0 Gram, Paint Harnder 0 Gram, Paint Thinner 0 Gram, Paint Miscellaneous cost 1 | Total: 1,605.44"
BS-LHET-368,,,2012.58,"Paint Epoxy Primer 179.19 Gram, Epoxy Thinner 37.86 Gram, Epoxy Hardner 35.33 Gram, Paint Mixing 100 Gram, Paint Matt agent(Matt) 28.8 Gram, Paint Harnder 28.8 Gram, Paint Thinner 23.31 Gram, Paint Mixing 0 Gram, Paint Binder(Gloss) 0 Gram, Paint Harnder 0 Gram, Paint Thinner 0 Gram, Paint Miscellaneous cost 1 Gram | Total: 2,012.58"
BS-LHET-346-A,,,,
BS-LHET-346-B,,,,
BS-LHET-346-C,,,,
BS-LHET-346-D,,,,
BS-LHET-346-E,,,,
BS-LHET-346-F,,,,
BS-LHET-346-G,,,,
BS-LHET-346-H,,,,
BS-LHET-346-I,,,,
BS-LHET-346-J,,,,
BS-ET-16568-F,,,2012.58,"Paint Epoxy Primer 179.19 Gram, Epoxy Thinner 37.86 Gram, Epoxy Hardner 35.33 Gram, Paint Mixing 100 Gram, Paint Matt agent(Matt) 28.8 Gram, Paint Harnder 28.8 Gram, Paint Thinner 23.31 Gram, Paint Mixing 0 Gram, Paint Binder(Gloss) 0 Gram, Paint Harnder 0 Gram, Paint Thinner 0 Gram, Paint Miscellaneous cost 1 | Total: 2,012.58"
BS-ET-16568-E,,,2012.58,"Paint Epoxy Primer 179.19 Gram, Epoxy Thinner 37.86 Gram, Epoxy Hardner 35.33 Gram, Paint Mixing 100 Gram, Paint Matt agent(Matt) 28.8 Gram, Paint Harnder 28.8 Gram, Paint Thinner 23.31 Gram, Paint Mixing 0 Gram, Paint Binder(Gloss) 0 Gram, Paint Harnder 0 Gram, Paint Thinner 0 Gram, Paint Miscellaneous cost 1 | Total: 2,012.58"
BS-ET-16568-D,,,2012.58,"Paint Epoxy Primer 179.19 Gram, Epoxy Thinner 37.86 Gram, Epoxy Hardner 35.33 Gram, Paint Mixing 100 Gram, Paint Matt agent(Matt) 28.8 Gram, Paint Harnder 28.8 Gram, Paint Thinner 23.31 Gram, Paint Mixing 0 Gram, Paint Binder(Gloss) 0 Gram, Paint Harnder 0 Gram, Paint Thinner 0 Gram, Paint Miscellaneous cost 1 | Total: 2,012.58"
BS-ET-16568-C,,,2012.58,"Paint Epoxy Primer 179.19 Gram, Epoxy Thinner 37.86 Gram, Epoxy Hardner 35.33 Gram, Paint Mixing 100 Gram, Paint Matt agent(Matt) 28.8 Gram, Paint Harnder 28.8 Gram, Paint Thinner 23.31 Gram, Paint Mixing 0 Gram, Paint Binder(Gloss) 0 Gram, Paint Harnder 0 Gram, Paint Thinner 0 Gram, Paint Miscellaneous cost 1 | Total: 2,012.58"
BS-LHET-342,,,3722.57,"Paint Epoxy Primer 385.48 Gram, Epoxy Thinner 81.44 Gram, Epoxy Hardner 76.01 Gram, Paint Mixing 151.9 Gram, Paint Matt agent(Matt) 61.95 Gram, Paint Harnder 61.95 Gram, Paint Thinner 50.15 Gram, Paint Mixing 0 Gram, Paint Binder(Gloss) 0 Gram, Paint Harnder 0 Gram, Paint Thinner 0 Gram, Paint Miscellaneous cost 1 Gram | Total: 3,722.57"
BS-US-2566 A,,,1571.03,"Paint Epoxy Primer 165.58 Gram, Epoxy Thinner 34.98 Gram, Epoxy Hardner 32.65 Gram, Paint Mixing 0 Gram, Paint Matt agent(Matt) 0 Gram, Paint Harnder 0 Gram, Paint Thinner 0 Gram, Paint Mixing 57.02 Gram, Paint Matt agent(Matt) 17.74 Gram, Paint Binder(Gloss) 11.4 Gram, Paint Harnder 29.14 Gram, Paint Thinner 11.4 Gram, Paint Mixing 0 Gram, Paint Binder(Gloss) 0 Gram, Paint Harnder 0 Gram, Paint Thinner 0 Gram, Paint Miscellaneous cost 1 | Total: 1,571.03"
BS-US-2566 C,,,1593.51,"Paint Epoxy Primer 167.95 Gram, Epoxy Thinner 35.48 Gram, Epoxy Hardner 33.12 Gram, Paint Mixing 0 Gram, Paint Matt agent(Matt) 0 Gram, Paint Harnder 0 Gram, Paint Thinner 0 Gram, Paint Mixing 57.84 Gram, Paint Matt agent(Matt) 17.99 Gram, Paint Binder(Gloss) 11.57 Gram, Paint Harnder 29.56 Gram, Paint Thinner 11.57 Gram, Paint Mixing 0 Gram, Paint Binder(Gloss) 0 Gram, Paint Harnder 0 Gram, Paint Thinner 0 Gram, Paint Miscellaneous cost 1 | Total: 1,593.51"
BS-US-2566 D,,,1593.51,"Paint Epoxy Primer 167.95 Gram, Epoxy Thinner 35.48 Gram, Epoxy Hardner 33.12 Gram, Paint Mixing 0 Gram, Paint Matt agent(Matt) 0 Gram, Paint Harnder 0 Gram, Paint Thinner 0 Gram, Paint Mixing 57.84 Gram, Paint Matt agent(Matt) 17.99 Gram, Paint Binder(Gloss) 11.57 Gram, Paint Harnder 29.56 Gram, Paint Thinner 11.57 Gram, Paint Mixing 0 Gram, Paint Binder(Gloss) 0 Gram, Paint Harnder 0 Gram, Paint Thinner 0 Gram, Paint Miscellaneous cost 1 | Total: 1,593.51"
BS-US-2566 E,,,1591.94,"Paint Epoxy Primer 167.78 Gram, Epoxy Thinner 35.45 Gram, Epoxy Hardner 33.08 Gram, Paint Mixing 0 Gram, Paint Matt agent(Matt) 0 Gram, Paint Harnder 0 Gram, Paint Thinner 0 Gram, Paint Mixing 57.78 Gram, Paint Matt agent(Matt) 17.98 Gram, Paint Binder(Gloss) 11.56 Gram, Paint Harnder 29.53 Gram, Paint Thinner 11.56 Gram, Paint Mixing 0 Gram, Paint Binder(Gloss) 0 Gram, Paint Harnder 0 Gram, Paint Thinner 0 Gram, Paint Miscellaneous cost 1 | Total: 1,591.94"
BS-US-2566 F,,,1820.40,"Paint Epoxy Primer 191.86 Gram, Epoxy Thinner 40.53 Gram, Epoxy Hardner 37.83 Gram, Paint Mixing 0 Gram, Paint Matt agent(Matt) 0 Gram, Paint Harnder 0 Gram, Paint Thinner 0 Gram, Paint Mixing 66.07 Gram, Paint Matt agent(Matt) 20.56 Gram, Paint Binder(Gloss) 13.21 Gram, Paint Harnder 33.77 Gram, Paint Thinner 13.21 Gram, Paint Mixing 0 Gram, Paint Binder(Gloss) 0 Gram, Paint Harnder 0 Gram, Paint Thinner 0 Gram, Paint Miscellaneous cost 1 | Total: 1,820.40"
BS-US-2566 G,,,6485.90,"Paint Epoxy Primer 683.57 Gram, Epoxy Thinner 144.42 Gram, Epoxy Hardner 134.79 Gram, Paint Mixing 0 Gram, Paint Matt agent(Matt) 0 Gram, Paint Harnder 0 Gram, Paint Thinner 0 Gram, Paint Mixing 235.4 Gram, Paint Matt agent(Matt) 73.24 Gram, Paint Binder(Gloss) 47.08 Gram, Paint Harnder 120.32 Gram, Paint Thinner 47.08 Gram, Paint Mixing 0 Gram, Paint Binder(Gloss) 0 Gram, Paint Harnder 0 Gram, Paint Thinner 0 Gram, Paint Miscellaneous cost 1 | Total: 6,485.90"
BS-GL-0022,,,5228.05,"Paint Epoxy Primer 583.51 Gram, Epoxy Thinner 123.28 Gram, Epoxy Hardner 115.06 Gram, Paint Mixing 187.55 Gram, Paint Matt agent(Matt) 93.77 Gram, Paint Harnder 93.77 Gram, Paint Thinner 75.91 Gram, Paint Mixing 0 Gram, Paint Binder(Gloss) 0 Gram, Paint Harnder 0 Gram, Paint Thinner 0 Gram, Paint Miscellaneous cost 1 | Total: 5,228.05"
BS-GL-0023,,,3303.70,"Paint Epoxy Primer 368.73 Gram, Epoxy Thinner 77.9 Gram, Epoxy Hardner 72.71 Gram, Paint Mixing 118.52 Gram, Paint Matt agent(Matt) 59.26 Gram, Paint Harnder 59.26 Gram, Paint Thinner 47.97 Gram, Paint Mixing 0 Gram, Paint Binder(Gloss) 0 Gram, Paint Harnder 0 Gram, Paint Thinner 0 Gram, Paint Miscellaneous cost 1 | Total: 3,303.70"
BS-SM-16511,,,,
BS-ET-16486,,,6203.56,"Paint Epoxy Primer 692.39 Gram, Epoxy Thinner 146.28 Gram, Epoxy Hardner 136.53 Gram, Paint Mixing 222.54 Gram, Paint Matt agent(Matt) 111.27 Gram, Paint Harnder 111.27 Gram, Paint Thinner 90.08 Gram, Paint Mixing 0 Gram, Paint Binder(Gloss) 0 Gram, Paint Harnder 0 Gram, Paint Thinner 0 Gram, Paint Miscellaneous cost 1 | Total: 6,203.56"
BS-ET-16576-B,,,1661.94,"Paint Epoxy Primer 166.57 Gram, Epoxy Thinner 32.81 Gram, Epoxy Hardner 50.47 Gram, Paint Mixing 58.42 Gram, Paint Matt agent(Matt) 32.09 Gram, Paint Harnder 28.8 Gram, Paint Thinner 16.46 Gram, Paint Mixing 0 Gram, Paint Binder(Gloss) 0 Gram, Paint Harnder 0 Gram, Paint Thinner 0 Gram, Paint Miscellaneous cost 1 Gram | Total: 1,661.94"
BS-ET-16589,,,10039.57,"Paint Epoxy Primer 1016.05 Gram, Epoxy Thinner 214.66 Gram, Epoxy Hardner 200.35 Gram, Paint Mixing 0 Gram, Paint Matt agent(Matt) 0 Gram, Paint Harnder 0 Gram, Paint Thinner 0 Gram, Paint Mixing 318.8 Gram, Paint Binder(Gloss) 163.29 Gram, Paint Harnder 233.27 Gram, Paint Thinner 62.2 Gram, Paint Miscellaneous cost 1 | Total: 10,039.57"
BS-ET-16576-A,,,1661.94,"Paint Epoxy Primer 166.57 Gram, Epoxy Thinner 32.81 Gram, Epoxy Hardner 50.47 Gram, Paint Mixing 58.42 Gram, Paint Matt agent(Matt) 32.09 Gram, Paint Harnder 28.8 Gram, Paint Thinner 16.46 Gram, Paint Mixing 0 Gram, Paint Binder(Gloss) 0 Gram, Paint Harnder 0 Gram, Paint Thinner 0 Gram, Paint Miscellaneous cost 1 Gram | Total: 1,661.94"
