txn_ref,occurred_at,type,issue_type,order_code,item_code,issue_pool,qty,uom,rate,entered_by,authorized_by,remarks,colour_ref,batch_ref,external_ref
OPEN-937,2026-08-23 00:00:00,opening,,,937,,4,Gram,,system,,Opening stock from legacy Item_Master,,,
OPEN-435,2026-08-23 00:00:00,opening,,,435,,3,Gram,,system,,Opening stock from legacy Item_Master,,,
OPEN-239,2026-08-23 00:00:00,opening,,,239,,8,Gram,,system,,Opening stock from legacy Item_Master,,,
OPEN-244,2026-08-23 00:00:00,opening,,,244,,2330,Gram,,system,,Opening stock from legacy Item_Master,,,
OPEN-1145,2026-08-23 00:00:00,opening,,,1145,,740,Gram,,system,,Opening stock from legacy Item_Master,,,
OPEN-1073,2026-08-23 00:00:00,opening,,,1073,,480,Gram,,system,,Opening stock from legacy Item_Master,,,
OPEN-372,2026-08-23 00:00:00,opening,,,372,,2380,Gram,,system,,Opening stock from legacy Item_Master,,,
OPEN-2158,2026-08-23 00:00:00,opening,,,2158,,5130,Gram,,system,,Opening stock from legacy Item_Master,,,
OPEN-1003,2026-08-23 00:00:00,opening,,,1003,,577,Gram,,system,,Opening stock from legacy Item_Master,,,
OPEN-2763,2026-08-23 00:00:00,opening,,,2763,,1420,Gram,,system,,Opening stock from legacy Item_Master,,,
OPEN-2247,2026-08-23 00:00:00,opening,,,2247,,2525,Gram,,system,,Opening stock from legacy Item_Master,,,
OPEN-804,2026-08-23 00:00:00,opening,,,804,,2725,Gram,,system,,Opening stock from legacy Item_Master,,,
OPEN-2355,2026-08-23 00:00:00,opening,,,2355,,5950,Gram,,system,,Opening stock from legacy Item_Master,,,
OPEN-727,2026-08-23 00:00:00,opening,,,727,,2125,Gram,,system,,Opening stock from legacy Item_Master,,,
OPEN-2352,2026-08-23 00:00:00,opening,,,2352,,1013,Gram,,system,,Opening stock from legacy Item_Master,,,
OPEN-2354,2026-08-23 00:00:00,opening,,,2354,,2175,Gram,,system,,Opening stock from legacy Item_Master,,,
OPEN-2195,2026-08-23 00:00:00,opening,,,2195,,1700,Gram,,system,,Opening stock from legacy Item_Master,,,
OPEN-124,2026-08-23 00:00:00,opening,,,124,,2692,Gram,,system,,Opening stock from legacy Item_Master,,,
OPEN-121,2026-08-23 00:00:00,opening,,,121,,638,Gram,,system,,Opening stock from legacy Item_Master,,,
OPEN-520,2026-08-23 00:00:00,opening,,,520,,3340,Gram,,system,,Opening stock from legacy Item_Master,,,
OPEN-502,2026-08-23 00:00:00,opening,,,502,,916,Gram,,system,,Opening stock from legacy Item_Master,,,
OPEN-2525,2026-08-23 00:00:00,opening,,,2525,,2100,Gram,,system,,Opening stock from legacy Item_Master,,,
OPEN-2764,2026-08-23 00:00:00,opening,,,2764,,770,Gram,,system,,Opening stock from legacy Item_Master,,,
OPEN-2754,2026-08-23 00:00:00,opening,,,2754,,1289,Gram,,system,,Opening stock from legacy Item_Master,,,
OPEN-2699,2026-08-23 00:00:00,opening,,,2699,,1880,Gram,,system,,Opening stock from legacy Item_Master,,,
OPEN-2353,2026-08-23 00:00:00,opening,,,2353,,1938,Gram,,system,,Opening stock from legacy Item_Master,,,
OPEN-2350,2026-08-23 00:00:00,opening,,,2350,,7320,Gram,,system,,Opening stock from legacy Item_Master,,,
OPEN-2257,2026-08-23 00:00:00,opening,,,2257,,1090,Gram,,system,,Opening stock from legacy Item_Master,,,
OPEN-2253,2026-08-23 00:00:00,opening,,,2253,,1196,Gram,,system,,Opening stock from legacy Item_Master,,,
OPEN-2272,2026-08-23 00:00:00,opening,,,2272,,820,Gram,,system,,Opening stock from legacy Item_Master,,,
OPEN-2214,2026-08-23 00:00:00,opening,,,2214,,2280,Gram,,system,,Opening stock from legacy Item_Master,,,
OPEN-2245 / 2673,2026-08-23 00:00:00,opening,,,2245 / 2673,,1120,Gram,,system,,Opening stock from legacy Item_Master,,,
OPEN-2271,2026-08-23 00:00:00,opening,,,2271,,1380,Gram,,system,,Opening stock from legacy Item_Master,,,
OPEN-2290,2026-08-23 00:00:00,opening,,,2290,,1342,Gram,,system,,Opening stock from legacy Item_Master,,,
OPEN-2243,2026-08-23 00:00:00,opening,,,2243,,1320,Gram,,system,,Opening stock from legacy Item_Master,,,
OPEN-2242,2026-08-23 00:00:00,opening,,,2242,,1204,Gram,,system,,Opening stock from legacy Item_Master,,,
OPEN-2241,2026-08-23 00:00:00,opening,,,2241,,1060,Gram,,system,,Opening stock from legacy Item_Master,,,
OPEN-2269,2026-08-23 00:00:00,opening,,,2269,,1226,Gram,,system,,Opening stock from legacy Item_Master,,,
OPEN-2239,2026-08-23 00:00:00,opening,,,2239,,1737,Gram,,system,,Opening stock from legacy Item_Master,,,
TXN-260824-1,2026-08-24 03:30:14,issue,bom,BS-QS-16421-B,2764,Paint Mixing,-230,Gram,6.04,malikhashir85858@gmail.com,,Variance: sign done,,,
TXN-260824-2,2026-08-24 03:30:14,issue,bom,BS-QS-16421-B,2354,Paint Matt Agent,-115,Gram,5.19,malikhashir85858@gmail.com,,Variance: sign done,,,
TXN-260824-3,2026-08-24 03:30:14,issue,bom,BS-QS-16421-B,2352,Paint Harnder,-115,Gram,5.81,malikhashir85858@gmail.com,,Variance: sign done,,,
TXN-260824-4,2026-08-24 03:30:14,issue,bom,BS-QS-16421-B,2355,Paint Thinner,-100,Gram,1.67,malikhashir85858@gmail.com,,Variance: sign done,,,
TXN-260824-5,2026-08-24 03:50:48,issue,bom,BS-SI-16326,2525,Paint Mixing,-100,Gram,1.97,malikhashir85858@gmail.com,,Variance: sign done,,,
TXN-260824-6,2026-08-24 03:50:48,issue,bom,BS-SI-16326,2764,Paint Mixing,-200,Gram,6.04,malikhashir85858@gmail.com,,Variance: sign done,,,
TXN-260824-7,2026-08-24 03:50:48,issue,bom,BS-SI-16326,2354,Paint Matt Agent,-100,Gram,5.19,malikhashir85858@gmail.com,,Variance: sign done,,,
TXN-260824-8,2026-08-24 03:50:48,issue,bom,BS-SI-16326,2352,Paint Harnder,-150,Gram,5.81,malikhashir85858@gmail.com,,Variance: sign done,,,
TXN-260824-9,2026-08-24 03:50:48,issue,bom,BS-SI-16326,2355,Paint Thinner,-100,Gram,1.67,malikhashir85858@gmail.com,,Variance: sign done,,,
TXN-260825-10,2026-08-24 22:42:50,receipt,,,2764,Paint Mixing,1800,Gram,6.04,comrade@yorkyankee.com,,,,,Jetblack Issuence 24.08.2026
TXN-260825-11,2026-08-25 00:01:37,receipt,,,246,Miscellaneous,2100.01,Nos,,malikhashir85858@gmail.com,,,,,2902
TXN-260825-12,2026-08-25 00:01:37,receipt,,,56,Miscellaneous,3,Nos,,malikhashir85858@gmail.com,,,,,2902
TXN-260825-13,2026-08-25 00:01:37,receipt,,,1053,Miscellaneous,7,Nos,,malikhashir85858@gmail.com,,,,,2902
TXN-260825-14,2026-08-25 00:01:37,receipt,,,937,Miscellaneous,20,Nos,,malikhashir85858@gmail.com,,,,,2902
TXN-260825-15,2026-08-25 00:01:37,receipt,,,435,Miscellaneous,10,Nos,,malikhashir85858@gmail.com,,,,,2902
TXN-260825-16,2026-08-25 00:01:37,receipt,,,1490,Miscellaneous,10,Nos,,malikhashir85858@gmail.com,,,,,2902
TXN-260825-17,2026-08-25 00:01:37,receipt,,,169,Miscellaneous,5,Nos,,malikhashir85858@gmail.com,,,,,2902
TXN-260825-18,2026-08-25 00:01:37,receipt,,,428,Miscellaneous,18,Nos,,malikhashir85858@gmail.com,,,,,2902
TXN-260825-19,2026-08-25 00:01:37,receipt,,,2352,Paint Harnder,1800,Gram,5.81,malikhashir85858@gmail.com,,,,,2902
TXN-260825-20,2026-08-25 00:01:37,receipt,,,804,Paint Thinner,3500,Gram,0.56,malikhashir85858@gmail.com,,,,,2902
TXN-260825-21,2026-08-25 00:01:37,receipt,,,1073,Epoxy Set,1500,Gram,,malikhashir85858@gmail.com,,,,,2902
TXN-260825-22,2026-08-25 00:01:37,receipt,,,388,Miscellaneous,5,Nos,,malikhashir85858@gmail.com,,,,,2902
TXN-260825-23,2026-08-25 00:01:37,receipt,,,53,Miscellaneous,3,Nos,,malikhashir85858@gmail.com,,,,,2902
TXN-260825-24,2026-08-25 00:01:37,receipt,,,292,Miscellaneous,20,Nos,,malikhashir85858@gmail.com,,,,,2902
TXN-260825-25,2026-08-25 00:01:37,receipt,,,8,Miscellaneous,1,Nos,,malikhashir85858@gmail.com,,,,,2902
TXN-260825-26,2026-08-25 02:52:37,receipt,,,514,Miscellaneous,5,Nos,,malikhashir85858@gmail.com,,,,,2905
TXN-260825-27,2026-08-25 02:52:37,receipt,,,56,Miscellaneous,2,Nos,,malikhashir85858@gmail.com,,,,,2905
TXN-260825-28,2026-08-25 02:52:37,receipt,,,937,Miscellaneous,15,Nos,,malikhashir85858@gmail.com,,,,,2905
TXN-260825-29,2026-08-25 02:58:17,issue,bom,BS-QS-16442,2764,Paint Mixing,-50,Gram,6.04,malikhashir85858@gmail.com,,Variance: sign done,,,
TXN-260825-30,2026-08-25 02:58:17,issue,bom,BS-QS-16442,2354,Paint Matt Agent,-25,Gram,5.19,malikhashir85858@gmail.com,,Variance: sign done,,,
TXN-260825-31,2026-08-25 02:58:17,issue,bom,BS-QS-16442,2355,Paint Thinner,-20,Gram,1.67,malikhashir85858@gmail.com,,Variance: sign done,,,
TXN-260825-32,2026-08-25 03:00:45,issue,bom,BS-LHET-338,2525,Paint Mixing,-150,Gram,1.97,malikhashir85858@gmail.com,,Variance: sign done,,,
TXN-260825-33,2026-08-25 03:00:45,issue,bom,BS-LHET-338,2354,Paint Matt Agent,-75,Gram,5.19,malikhashir85858@gmail.com,,Variance: sign done,,,
TXN-260825-34,2026-08-25 03:00:45,issue,bom,BS-LHET-338,2352,Paint Harnder,-75,Gram,5.81,malikhashir85858@gmail.com,,Variance: sign done,,,
TXN-260825-35,2026-08-25 03:00:45,issue,bom,BS-LHET-338,2355,Paint Thinner,-45,Gram,1.67,malikhashir85858@gmail.com,,Variance: sign done,,,
TXN-260825-36,2026-08-25 03:04:24,issue,bom,BS-LHET-339,2350,Paint Mixing,-100,Gram,6.44,malikhashir85858@gmail.com,,Variance: bom issue,,,
TXN-260825-37,2026-08-25 03:04:24,issue,bom,BS-LHET-339,2354,Paint Matt Agent,-50,Gram,5.19,malikhashir85858@gmail.com,,Variance: bom issue,,,
TXN-260825-38,2026-08-25 03:04:24,issue,bom,BS-LHET-339,2352,Paint Harnder,-50,Gram,5.81,malikhashir85858@gmail.com,,Variance: bom issue,,,
TXN-260825-39,2026-08-25 03:04:24,issue,bom,BS-LHET-339,2355,Paint Thinner,-40,Gram,1.67,malikhashir85858@gmail.com,,Variance: bom issue,,,
TXN-260825-40,2026-08-25 03:54:22,issue,bom,BS-LHET-326-B,2764,Paint Mixing,-55,Gram,6.04,malikhashir85858@gmail.com,,Variance: sign done,,,
TXN-260825-41,2026-08-25 03:54:22,issue,bom,BS-LHET-326-B,2354,Paint Matt Agent,-28,Gram,5.19,malikhashir85858@gmail.com,,Variance: sign done,,,
TXN-260825-42,2026-08-25 03:54:22,issue,bom,BS-LHET-326-B,2352,Paint Harnder,-28,Gram,5.81,malikhashir85858@gmail.com,,Variance: sign done,,,
TXN-260825-43,2026-08-25 03:54:22,issue,bom,BS-LHET-326-B,2355,Paint Thinner,-23,Gram,1.67,malikhashir85858@gmail.com,,Variance: sign done,,,
TXN-260825-44,2026-08-25 03:59:30,issue,bom,BS-SI-15934 RE,2241,Paint Mixing,-15,Gram,9.04,malikhashir85858@gmail.com,,Variance: color mixing over the bom,2464,,
TXN-260825-45,2026-08-25 03:59:30,issue,bom,BS-SI-15934 RE,2271,Paint Mixing,-30,Gram,9.04,malikhashir85858@gmail.com,,Variance: color mixing over the bom,2464,,
TXN-260825-46,2026-08-25 03:59:30,issue,bom,BS-SI-15934 RE,2253,Paint Mixing,-30,Gram,9.04,malikhashir85858@gmail.com,,Variance: color mixing over the bom,2464,,
TXN-260825-47,2026-08-25 03:59:30,issue,bom,BS-SI-15934 RE,2257,Paint Mixing,-30,Gram,9.2,malikhashir85858@gmail.com,,Variance: color mixing over the bom,2464,,
TXN-260825-48,2026-08-25 03:59:30,issue,bom,BS-SI-15934 RE,2350,Paint Mixing,-150,Gram,6.44,malikhashir85858@gmail.com,,Variance: color mixing over the bom,2464,,
TXN-260825-49,2026-08-25 03:59:30,issue,bom,BS-SI-15934 RE,2699,Paint Mixing,-10,Gram,6.93,malikhashir85858@gmail.com,,Variance: color mixing over the bom,2464,,
TXN-260825-50,2026-08-25 03:59:30,issue,bom,BS-SI-15934 RE,2354,Paint Matt Agent,-65,Gram,5.19,malikhashir85858@gmail.com,,Variance: color mixing over the bom,,,
TXN-260825-51,2026-08-25 03:59:30,issue,bom,BS-SI-15934 RE,2352,Paint Harnder,-65,Gram,5.81,malikhashir85858@gmail.com,,Variance: color mixing over the bom,,,
TXN-260825-52,2026-08-25 03:59:30,issue,bom,BS-SI-15934 RE,2355,Paint Thinner,-52,Gram,1.67,malikhashir85858@gmail.com,,Variance: color mixing over the bom,,,
TXN-260825-53,2026-08-25 04:25:23,issue,bom,BS-SI-16237 RE,2764,Paint Mixing,-100,Gram,6.04,malikhashir85858@gmail.com,,Variance: sign done,,,
TXN-260825-54,2026-08-25 04:25:23,issue,bom,BS-SI-16237 RE,2350,Paint Mixing,-50,Gram,6.44,malikhashir85858@gmail.com,,Variance: sign done,,,
TXN-260825-55,2026-08-25 04:25:23,issue,bom,BS-SI-16237 RE,2354,Paint Matt Agent,-75,Gram,5.19,malikhashir85858@gmail.com,,Variance: sign done,,,
TXN-260825-56,2026-08-25 04:25:23,issue,bom,BS-SI-16237 RE,2352,Paint Harnder,-75,Gram,5.81,malikhashir85858@gmail.com,,Variance: sign done,,,
TXN-260825-57,2026-08-25 04:25:23,issue,bom,BS-SI-16237 RE,2355,Paint Thinner,-70,Gram,1.67,malikhashir85858@gmail.com,,Variance: sign done,,,
TXN-260825-58,2026-08-25 04:25:23,issue,bom,BS-SI-16237 RE,937,Miscellaneous,-2,Nos,,malikhashir85858@gmail.com,,Variance: sign done,,,
TXN-260825-59,2026-08-25 04:25:23,issue,bom,BS-SI-16237 RE,246,Miscellaneous,-100,Nos,,malikhashir85858@gmail.com,,Variance: sign done,,,
TXN-260825-60,2026-08-25 04:25:23,issue,bom,BS-SI-16237 RE,428,Miscellaneous,-2,Nos,,malikhashir85858@gmail.com,,Variance: sign done,,,
TXN-260825-61,2026-08-25 04:55:44,issue,bom,BS-SI-16238,502,Paint Mixing,-20,Gram,3.59,malikhashir85858@gmail.com,,Variance: sign done,,,
TXN-260825-62,2026-08-25 04:55:44,issue,bom,BS-SI-16238,2350,Paint Mixing,-150,Gram,6.44,malikhashir85858@gmail.com,,Variance: sign done,,,
TXN-260825-63,2026-08-25 04:55:44,issue,bom,BS-SI-16238,2354,Paint Matt Agent,-75,Gram,5.19,malikhashir85858@gmail.com,,Variance: sign done,,,
TXN-260825-64,2026-08-25 04:55:44,issue,bom,BS-SI-16238,2352,Paint Harnder,-75,Gram,5.81,malikhashir85858@gmail.com,,Variance: sign done,,,
TXN-260825-65,2026-08-25 04:55:44,issue,bom,BS-SI-16238,2355,Paint Thinner,-100,Gram,1.67,malikhashir85858@gmail.com,,Variance: sign done,,,
TXN-260825-66,2026-08-25 04:55:44,issue,bom,BS-SI-16238,726,Miscellaneous,-50,Nos,,malikhashir85858@gmail.com,,Variance: sign done,,,
TXN-260825-67,2026-08-25 04:55:44,issue,bom,BS-SI-16238,937,Miscellaneous,-3,Nos,,malikhashir85858@gmail.com,,Variance: sign done,,,
TXN-260825-68,2026-08-25 04:55:44,issue,bom,BS-SI-16238,1053,Miscellaneous,-1,Nos,,malikhashir85858@gmail.com,,Variance: sign done,,,
TXN-260825-69,2026-08-25 05:51:28,issue,bom,BS-ET-16188,2239,Paint Mixing,-2,Gram,8.7,comrade@yorkyankee.com,,Variance: yasir testing,Pantone 2464C,,
TXN-260825-70,2026-08-25 06:04:05,issue,bom,BS-QS-14719,2239,Paint Mixing,-2,Gram,8.7,malikhashir85858@gmail.com,,Variance: eeasdca,pantone 7527C,,
TXN-260826-71,2026-08-26 01:06:26,issue,bom,BS-SI-16217-A,2240,Paint Mixing,-2,Gram,7.32,comrade@yorkyankee.com,,Variance: asdcas,pantone 901C,,
TXN-260827-72,2026-08-26 22:22:14,issue,bom,BS-QS-16421-A,2350,Paint Mixing,-150,Gram,6.44,malikhashir85858@gmail.com,,Variance: night sign,,,
TXN-260827-73,2026-08-26 22:22:14,issue,bom,BS-QS-16421-A,2764,Paint Mixing,-100,Gram,6.04,malikhashir85858@gmail.com,,Variance: night sign,,,
TXN-260827-74,2026-08-26 22:22:14,issue,bom,BS-QS-16421-A,2354,Paint Matt Agent,-130,Gram,5.19,malikhashir85858@gmail.com,,Variance: night sign,,,
TXN-260827-75,2026-08-26 22:22:14,issue,bom,BS-QS-16421-A,2352,Paint Harnder,-130,Gram,5.81,malikhashir85858@gmail.com,,Variance: night sign,,,
TXN-260827-76,2026-08-26 22:22:14,issue,bom,BS-QS-16421-A,2355,Paint Thinner,-110,Gram,1.67,malikhashir85858@gmail.com,,Variance: night sign,,,
TXN-260827-77,2026-08-26 22:22:14,issue,bom,BS-QS-16421-A,937,Miscellaneous,-2,Nos,,malikhashir85858@gmail.com,,Variance: night sign,,,
TXN-260827-78,2026-08-26 22:22:14,issue,bom,BS-QS-16421-A,388,Miscellaneous,-1,Nos,,malikhashir85858@gmail.com,,Variance: night sign,,,
TXN-260827-79,2026-08-26 22:22:14,issue,bom,BS-QS-16421-A,1053,Miscellaneous,-1,Nos,,malikhashir85858@gmail.com,,Variance: night sign,,,
TXN-260827-80,2026-08-26 22:26:07,issue,bom,BS-SI-16436-(Bulk),2350,Paint Mixing,-1400,Gram,6.44,malikhashir85858@gmail.com,,Variance: night sign ahmad arif used extra paint due to white paint covering issue,,,
TXN-260827-81,2026-08-26 22:26:07,issue,bom,BS-SI-16436-(Bulk),2195,Paint Matt Agent,-644.95,Gram,4.86,malikhashir85858@gmail.com,,Variance: night sign ahmad arif used extra paint due to white paint covering issue,,,
TXN-260827-82,2026-08-26 22:26:07,issue,bom,BS-SI-16436-(Bulk),2352,Paint Harnder,-645,Gram,5.81,malikhashir85858@gmail.com,,Variance: night sign ahmad arif used extra paint due to white paint covering issue,,,
TXN-260827-83,2026-08-26 22:26:07,issue,bom,BS-SI-16436-(Bulk),2355,Paint Thinner,-520,Gram,1.67,malikhashir85858@gmail.com,,Variance: night sign ahmad arif used extra paint due to white paint covering issue,,,
TXN-260827-84,2026-08-26 22:26:07,issue,bom,BS-SI-16436-(Bulk),937,Miscellaneous,-2,Nos,,malikhashir85858@gmail.com,,Variance: night sign ahmad arif used extra paint due to white paint covering issue,,,
TXN-260827-85,2026-08-26 22:26:07,issue,bom,BS-SI-16436-(Bulk),1053,Miscellaneous,-1,Nos,,malikhashir85858@gmail.com,,Variance: night sign ahmad arif used extra paint due to white paint covering issue,,,
TXN-260827-86,2026-08-26 23:27:42,receipt,,,937,Miscellaneous,10,Nos,,malikhashir85858@gmail.com,,,,,2907
TXN-260827-87,2026-08-26 23:27:42,receipt,,,292,Miscellaneous,25,Nos,,malikhashir85858@gmail.com,,,,,2907
TXN-260827-88,2026-08-26 23:27:42,receipt,,,56,Miscellaneous,3,Nos,,malikhashir85858@gmail.com,,,,,2907
TXN-260827-89,2026-08-26 23:27:42,receipt,,,1053,Miscellaneous,3,Nos,,malikhashir85858@gmail.com,,,,,2907
TXN-260827-90,2026-08-26 23:27:42,receipt,,,2354,Paint Matt Agent,900,Gram,5.19,malikhashir85858@gmail.com,,,,,2907
TXN-260827-91,2026-08-26 23:27:42,receipt,,,2430,Paint Binder,3600,Gram,3.66,malikhashir85858@gmail.com,,,,,2907
TXN-260827-92,2026-08-26 23:27:42,receipt,,,2272,Paint Mixing,900,Gram,9.04,malikhashir85858@gmail.com,,,,,2907
TXN-260827-93,2026-08-26 23:52:40,issue,bom,BS-LHET-343-A,2764,Paint Mixing,-60,Gram,6.04,malikhashir85858@gmail.com,,Variance: sign done,,,
TXN-260827-94,2026-08-26 23:52:40,issue,bom,BS-LHET-343-A,2354,Paint Matt Agent,-30,Gram,5.19,malikhashir85858@gmail.com,,Variance: sign done,,,
TXN-260827-95,2026-08-26 23:52:40,issue,bom,BS-LHET-343-A,2352,Paint Harnder,-30,Gram,5.81,malikhashir85858@gmail.com,,Variance: sign done,,,
TXN-260827-96,2026-08-26 23:52:40,issue,bom,BS-LHET-343-A,2355,Paint Thinner,-25,Gram,1.67,malikhashir85858@gmail.com,,Variance: sign done,,,
TXN-260827-97,2026-08-26 23:52:40,issue,bom,BS-LHET-343-A,937,Miscellaneous,-2,Nos,,malikhashir85858@gmail.com,,Variance: sign done,,,
TXN-260827-98,2026-08-26 23:52:40,issue,bom,BS-LHET-343-A,239,Miscellaneous,-1,Nos,,malikhashir85858@gmail.com,,Variance: sign done,,,
TXN-260827-99,2026-08-26 23:54:03,issue,bom,BS-LHET-343-B,2764,Paint Mixing,-60,Gram,6.04,malikhashir85858@gmail.com,,Variance: sign done,,,
TXN-260827-100,2026-08-26 23:54:03,issue,bom,BS-LHET-343-B,2354,Paint Matt Agent,-30,Gram,5.19,malikhashir85858@gmail.com,,Variance: sign done,,,
TXN-260827-101,2026-08-26 23:54:03,issue,bom,BS-LHET-343-B,2352,Paint Harnder,-30,Gram,5.81,malikhashir85858@gmail.com,,Variance: sign done,,,
TXN-260827-102,2026-08-26 23:54:03,issue,bom,BS-LHET-343-B,2355,Paint Thinner,-25,Gram,1.67,malikhashir85858@gmail.com,,Variance: sign done,,,
TXN-260827-103,2026-08-27 00:27:00,issue,bom,BS-ET-16445-A,2764,Paint Mixing,-50,Gram,6.04,malikhashir85858@gmail.com,,Variance: sign done,,,
TXN-260827-104,2026-08-27 00:27:00,issue,bom,BS-ET-16445-A,2354,Paint Matt Agent,-25,Gram,5.19,malikhashir85858@gmail.com,,Variance: sign done,,,
TXN-260827-105,2026-08-27 00:27:00,issue,bom,BS-ET-16445-A,2352,Paint Harnder,-25,Gram,5.81,malikhashir85858@gmail.com,,Variance: sign done,,,
TXN-260827-106,2026-08-27 00:27:00,issue,bom,BS-ET-16445-A,2355,Paint Thinner,-23,Gram,1.67,malikhashir85858@gmail.com,,Variance: sign done,,,
TXN-260827-107,2026-08-27 00:27:00,issue,bom,BS-ET-16445-A,937,Miscellaneous,-1,Nos,,malikhashir85858@gmail.com,,Variance: sign done,,,
TXN-260827-108,2026-08-27 00:27:00,issue,bom,BS-ET-16445-A,239,Miscellaneous,-1,Nos,,malikhashir85858@gmail.com,,Variance: sign done,,,
TXN-260827-109,2026-08-27 00:28:22,issue,bom,BS-ET-16445-B,2764,Paint Mixing,-50,Gram,6.04,malikhashir85858@gmail.com,,Variance: sign done,,,
TXN-260827-110,2026-08-27 00:28:22,issue,bom,BS-ET-16445-B,2354,Paint Matt Agent,-25,Gram,5.19,malikhashir85858@gmail.com,,Variance: sign done,,,
TXN-260827-111,2026-08-27 00:28:22,issue,bom,BS-ET-16445-B,2352,Paint Harnder,-25,Gram,5.81,malikhashir85858@gmail.com,,Variance: sign done,,,
TXN-260827-112,2026-08-27 00:28:22,issue,bom,BS-ET-16445-B,2355,Paint Thinner,-23,Gram,1.67,malikhashir85858@gmail.com,,Variance: sign done,,,
TXN-260827-113,2026-08-27 01:14:54,issue,bom,BS-US-2479,2272,Paint Mixing,-500,Gram,9.04,malikhashir85858@gmail.com,,Variance: Due to 2 pantone shades .....mixing against 1 pantone 7463 is issued,PANTONE 7463 C,,
TXN-260827-114,2026-08-27 01:14:54,issue,bom,BS-US-2479,2241,Paint Mixing,-100,Gram,9.04,malikhashir85858@gmail.com,,Variance: Due to 2 pantone shades .....mixing against 1 pantone 7463 is issued,PANTONE 7463 C,,
TXN-260827-115,2026-08-27 01:14:54,issue,bom,BS-US-2479,2242,Paint Mixing,-30,Gram,9.04,malikhashir85858@gmail.com,,Variance: Due to 2 pantone shades .....mixing against 1 pantone 7463 is issued,PANTONE 7463 C,,
TXN-260827-116,2026-08-27 01:14:54,issue,bom,BS-US-2479,2243,Paint Mixing,-120,Gram,9.04,malikhashir85858@gmail.com,,Variance: Due to 2 pantone shades .....mixing against 1 pantone 7463 is issued,PANTONE 7463 C,,
TXN-260827-117,2026-08-27 01:14:54,issue,bom,BS-US-2479,2274,Paint Mixing,-200,Gram,9.04,malikhashir85858@gmail.com,,Variance: Due to 2 pantone shades .....mixing against 1 pantone 7463 is issued,PANTONE 7463 C,,
TXN-260827-118,2026-08-27 01:14:54,issue,bom,BS-US-2479,2754,Paint Mixing,-70,Gram,7.78,malikhashir85858@gmail.com,,Variance: Due to 2 pantone shades .....mixing against 1 pantone 7463 is issued,PANTONE 7463 C,,
TXN-260827-119,2026-08-27 01:14:54,issue,bom,BS-US-2479,2352,Paint Harnder,-500,Gram,5.81,malikhashir85858@gmail.com,,Variance: Due to 2 pantone shades .....mixing against 1 pantone 7463 is issued,,,
TXN-260827-120,2026-08-27 01:14:54,issue,bom,BS-US-2479,2195,Paint Matt Agent,-300,Gram,4.86,malikhashir85858@gmail.com,,Variance: Due to 2 pantone shades .....mixing against 1 pantone 7463 is issued,,,
TXN-260827-121,2026-08-27 01:14:54,issue,bom,BS-US-2479,2355,Paint Thinner,-200,Gram,1.67,malikhashir85858@gmail.com,,Variance: Due to 2 pantone shades .....mixing against 1 pantone 7463 is issued,,,
TXN-260827-122,2026-08-27 01:14:54,issue,bom,BS-US-2479,2247,Paint Binder,-200,Gram,7.41,malikhashir85858@gmail.com,,Variance: Due to 2 pantone shades .....mixing against 1 pantone 7463 is issued,,,
TXN-260827-123,2026-08-27 01:14:54,issue,bom,BS-US-2479,937,Miscellaneous,-1,Nos,,malikhashir85858@gmail.com,,Variance: Due to 2 pantone shades .....mixing against 1 pantone 7463 is issued,,,
TXN-260827-124,2026-08-27 01:14:54,issue,bom,BS-US-2479,2268,Miscellaneous,-200,Nos,,malikhashir85858@gmail.com,,Variance: Due to 2 pantone shades .....mixing against 1 pantone 7463 is issued,,,
TXN-260827-125,2026-08-27 01:14:54,issue,bom,BS-US-2479,239,Miscellaneous,-7,Nos,,malikhashir85858@gmail.com,,Variance: Due to 2 pantone shades .....mixing against 1 pantone 7463 is issued,,,
TXN-260827-126,2026-08-27 01:14:54,issue,bom,BS-US-2479,388,Miscellaneous,-3,Nos,,malikhashir85858@gmail.com,,Variance: Due to 2 pantone shades .....mixing against 1 pantone 7463 is issued,,,
TXN-260827-127,2026-08-27 03:35:35,issue,bom,BS-US-2479,2241,Paint Mixing,-300,Gram,9.04,malikhashir85858@gmail.com,sir yasir,Variance: due to 2 pantone shades .....mixing against pantone7580c is issued | Re-issue: due to 2 pantone,PANTONE 7580C,,
TXN-260827-128,2026-08-27 03:35:35,issue,bom,BS-US-2479,2242,Paint Mixing,-50,Gram,9.04,malikhashir85858@gmail.com,sir yasir,Variance: due to 2 pantone shades .....mixing against pantone7580c is issued | Re-issue: due to 2 pantone,PANTONE 7580C,,
TXN-260827-129,2026-08-27 03:35:35,issue,bom,BS-US-2479,2243,Paint Mixing,-70,Gram,9.04,malikhashir85858@gmail.com,sir yasir,Variance: due to 2 pantone shades .....mixing against pantone7580c is issued | Re-issue: due to 2 pantone,PANTONE 7580C,,
TXN-260827-130,2026-08-27 03:35:35,issue,bom,BS-US-2479,2754,Paint Mixing,-40,Gram,7.78,malikhashir85858@gmail.com,sir yasir,Variance: due to 2 pantone shades .....mixing against pantone7580c is issued | Re-issue: due to 2 pantone,PANTONE 7580C,,
TXN-260827-131,2026-08-27 03:35:35,issue,bom,BS-US-2479,2214,Paint Mixing,-40.01,Gram,9.04,malikhashir85858@gmail.com,sir yasir,Variance: due to 2 pantone shades .....mixing against pantone7580c is issued | Re-issue: due to 2 pantone,PANTONE 7580C,,
TXN-260827-132,2026-08-27 03:35:35,issue,bom,BS-US-2479,2352,Paint Harnder,-250,Gram,5.81,malikhashir85858@gmail.com,sir yasir,Variance: due to 2 pantone shades .....mixing against pantone7580c is issued | Re-issue: due to 2 pantone,,,
TXN-260827-133,2026-08-27 03:35:35,issue,bom,BS-US-2479,2195,Paint Matt Agent,-150,Gram,4.86,malikhashir85858@gmail.com,sir yasir,Variance: due to 2 pantone shades .....mixing against pantone7580c is issued | Re-issue: due to 2 pantone,,,
TXN-260827-134,2026-08-27 03:35:35,issue,bom,BS-US-2479,2355,Paint Thinner,-100,Gram,1.67,malikhashir85858@gmail.com,sir yasir,Variance: due to 2 pantone shades .....mixing against pantone7580c is issued | Re-issue: due to 2 pantone,,,
TXN-260827-135,2026-08-27 03:35:35,issue,bom,BS-US-2479,2247,Paint Binder,-100,Gram,7.41,malikhashir85858@gmail.com,sir yasir,Variance: due to 2 pantone shades .....mixing against pantone7580c is issued | Re-issue: due to 2 pantone,,,
TXN-260827-136,2026-08-27 03:38:12,issue,bom,BS-US-2479,2350,Paint Mixing,-900,Gram,6.44,malikhashir85858@gmail.com,sir yasir,Variance: due to 2 pantone shades .....mixing against pantone7580c is issued | Re-issue: due to 3 differnt color,,,
TXN-260827-137,2026-08-27 03:38:12,issue,bom,BS-US-2479,2352,Paint Harnder,-450,Gram,5.81,malikhashir85858@gmail.com,sir yasir,Variance: due to 2 pantone shades .....mixing against pantone7580c is issued | Re-issue: due to 3 differnt color,,,
TXN-260827-138,2026-08-27 03:38:12,issue,bom,BS-US-2479,2354,Paint Matt Agent,-270,Gram,5.19,malikhashir85858@gmail.com,sir yasir,Variance: due to 2 pantone shades .....mixing against pantone7580c is issued | Re-issue: due to 3 differnt color,,,
TXN-260827-139,2026-08-27 03:38:12,issue,bom,BS-US-2479,2355,Paint Thinner,-200,Gram,1.67,malikhashir85858@gmail.com,sir yasir,Variance: due to 2 pantone shades .....mixing against pantone7580c is issued | Re-issue: due to 3 differnt color,,,
TXN-260827-140,2026-08-27 03:38:12,issue,bom,BS-US-2479,2247,Paint Binder,-180,Gram,7.41,malikhashir85858@gmail.com,sir yasir,Variance: due to 2 pantone shades .....mixing against pantone7580c is issued | Re-issue: due to 3 differnt color,,,
TXN-260827-141,2026-08-27 03:41:43,issue,rework,BS-SM-16230,2764,Paint Mixing,-50,Gram,6.04,malikhashir85858@gmail.com,hasir,Repaint: shower for 2 letters,,,
TXN-260827-142,2026-08-27 03:41:43,issue,rework,BS-SM-16230,2354,Paint Matt Agent,-25,Gram,5.19,malikhashir85858@gmail.com,hasir,Repaint: shower for 2 letters,,,
TXN-260827-143,2026-08-27 03:41:43,issue,rework,BS-SM-16230,2352,Paint Harnder,-25,Gram,5.81,malikhashir85858@gmail.com,hasir,Repaint: shower for 2 letters,,,
TXN-260827-144,2026-08-27 03:41:43,issue,rework,BS-SM-16230,2355,Paint Thinner,-20,Gram,1.67,malikhashir85858@gmail.com,hasir,Repaint: shower for 2 letters,,,
TXN-260827-145,2026-08-27 04:16:49,issue,bom,BS-ET-16391,2764,Paint Mixing,-100,Gram,6.04,malikhashir85858@gmail.com,,Variance: sign done,,,
TXN-260827-146,2026-08-27 04:16:49,issue,bom,BS-ET-16391,2354,Paint Matt Agent,-50,Gram,5.19,malikhashir85858@gmail.com,,Variance: sign done,,,
TXN-260827-147,2026-08-27 04:16:49,issue,bom,BS-ET-16391,2352,Paint Harnder,-50,Gram,5.81,malikhashir85858@gmail.com,,Variance: sign done,,,
TXN-260827-148,2026-08-27 04:16:49,issue,bom,BS-ET-16391,2355,Paint Thinner,-40,Gram,1.67,malikhashir85858@gmail.com,,Variance: sign done,,,
TXN-260827-149,2026-08-27 04:27:14,issue,bom,BS-ET-16239,2214,Paint Mixing,-80,Gram,9.04,malikhashir85858@gmail.com,,Variance: due to 2 shades,PANTONE 7527 C,,
TXN-260827-150,2026-08-27 04:27:14,issue,bom,BS-ET-16239,2350,Paint Mixing,-40,Gram,6.44,malikhashir85858@gmail.com,,Variance: due to 2 shades,PANTONE 7527 C,,
TXN-260827-151,2026-08-27 04:27:14,issue,bom,BS-ET-16239,2257,Paint Mixing,-5,Gram,9.2,malikhashir85858@gmail.com,,Variance: due to 2 shades,PANTONE 7527 C,,
TXN-260827-152,2026-08-27 04:27:14,issue,bom,BS-ET-16239,2429,Paint Mixing,-5,Gram,16.09,malikhashir85858@gmail.com,,Variance: due to 2 shades,PANTONE 7527 C,,
TXN-260827-153,2026-08-27 04:27:14,issue,bom,BS-ET-16239,2354,Paint Matt Agent,-65,Gram,5.19,malikhashir85858@gmail.com,,Variance: due to 2 shades,,,
TXN-260827-154,2026-08-27 04:27:14,issue,bom,BS-ET-16239,2352,Paint Harnder,-65,Gram,5.81,malikhashir85858@gmail.com,,Variance: due to 2 shades,,,
TXN-260827-155,2026-08-27 04:27:14,issue,bom,BS-ET-16239,2355,Paint Thinner,-50,Gram,1.67,malikhashir85858@gmail.com,,Variance: due to 2 shades,,,
TXN-260827-156,2026-08-27 04:34:53,issue,bom,BS-ET-16239,2350,Paint Mixing,-80,Gram,6.44,malikhashir85858@gmail.com,hashir,Variance: due to 2 shades / bom issue | Re-issue: 2 pantones,PANTONE 7533 C,,
TXN-260827-157,2026-08-27 04:34:53,issue,bom,BS-ET-16239,2764,Paint Mixing,-10,Gram,6.04,malikhashir85858@gmail.com,hashir,Variance: due to 2 shades / bom issue | Re-issue: 2 pantones,PANTONE 7533 C,,
TXN-260827-158,2026-08-27 04:34:53,issue,bom,BS-ET-16239,2253,Paint Mixing,-2,Gram,9.04,malikhashir85858@gmail.com,hashir,Variance: due to 2 shades / bom issue | Re-issue: 2 pantones,PANTONE 7533 C,,
TXN-260827-159,2026-08-27 04:34:53,issue,bom,BS-ET-16239,2272,Paint Mixing,-2,Gram,9.04,malikhashir85858@gmail.com,hashir,Variance: due to 2 shades / bom issue | Re-issue: 2 pantones,PANTONE 7533 C,,
TXN-260827-160,2026-08-27 04:34:53,issue,bom,BS-ET-16239,2271,Paint Mixing,-4,Gram,9.04,malikhashir85858@gmail.com,hashir,Variance: due to 2 shades / bom issue | Re-issue: 2 pantones,PANTONE 7533 C,,
TXN-260827-161,2026-08-27 04:34:53,issue,bom,BS-ET-16239,2241,Paint Mixing,-10,Gram,9.04,malikhashir85858@gmail.com,hashir,Variance: due to 2 shades / bom issue | Re-issue: 2 pantones,PANTONE 7533 C,,
TXN-260827-162,2026-08-27 04:34:53,issue,bom,BS-ET-16239,2354,Paint Matt Agent,-52,Gram,5.19,malikhashir85858@gmail.com,hashir,Variance: due to 2 shades / bom issue | Re-issue: 2 pantones,,,
TXN-260827-163,2026-08-27 04:34:53,issue,bom,BS-ET-16239,2352,Paint Harnder,-52,Gram,5.81,malikhashir85858@gmail.com,hashir,Variance: due to 2 shades / bom issue | Re-issue: 2 pantones,,,
TXN-260827-164,2026-08-27 04:34:53,issue,bom,BS-ET-16239,2355,Paint Thinner,-45,Gram,1.67,malikhashir85858@gmail.com,hashir,Variance: due to 2 shades / bom issue | Re-issue: 2 pantones,,,
TXN-260827-165,2026-08-27 04:37:06,issue,bom,BS-LHET-341,2764,Paint Mixing,-40,Gram,6.04,malikhashir85858@gmail.com,,Variance: sign done,,,
TXN-260827-166,2026-08-27 04:37:06,issue,bom,BS-LHET-341,2350,Paint Mixing,-20,Gram,6.44,malikhashir85858@gmail.com,,Variance: sign done,,,
TXN-260827-167,2026-08-27 04:37:06,issue,bom,BS-LHET-341,2354,Paint Matt Agent,-30,Gram,5.19,malikhashir85858@gmail.com,,Variance: sign done,,,
TXN-260827-168,2026-08-27 04:37:06,issue,bom,BS-LHET-341,2352,Paint Harnder,-30,Gram,5.81,malikhashir85858@gmail.com,,Variance: sign done,,,
TXN-260827-169,2026-08-27 04:37:06,issue,bom,BS-LHET-341,2355,Paint Thinner,-23,Gram,1.67,malikhashir85858@gmail.com,,Variance: sign done,,,
TXN-260827-170,2026-08-27 04:40:05,issue,rework,BS-ET-16172-A,2764,Paint Mixing,-50,Gram,6.04,malikhashir85858@gmail.com,hashir,Repaint: rod paint,,,
TXN-260827-171,2026-08-27 04:40:05,issue,rework,BS-ET-16172-A,2354,Paint Matt Agent,-25,Gram,5.19,malikhashir85858@gmail.com,hashir,Repaint: rod paint,,,
TXN-260827-172,2026-08-27 04:40:05,issue,rework,BS-ET-16172-A,2352,Paint Harnder,-50,Gram,5.81,malikhashir85858@gmail.com,hashir,Repaint: rod paint,,,
TXN-260827-173,2026-08-27 04:40:05,issue,rework,BS-ET-16172-A,2355,Paint Thinner,-25,Gram,1.67,malikhashir85858@gmail.com,hashir,Repaint: rod paint,,,
TXN-260827-174,2026-08-27 04:41:56,issue,rework,BS-QS-16421-B,2764,Paint Mixing,-30,Gram,6.04,malikhashir85858@gmail.com,hashir,Repaint: shower,,,
TXN-260827-175,2026-08-27 04:41:56,issue,rework,BS-QS-16421-B,2354,Paint Matt Agent,-15,Gram,5.19,malikhashir85858@gmail.com,hashir,Repaint: shower,,,
TXN-260827-176,2026-08-27 04:41:56,issue,rework,BS-QS-16421-B,2352,Paint Harnder,-15,Gram,5.81,malikhashir85858@gmail.com,hashir,Repaint: shower,,,
TXN-260827-177,2026-08-27 04:41:56,issue,rework,BS-QS-16421-B,2355,Paint Thinner,-20,Gram,1.67,malikhashir85858@gmail.com,hashir,Repaint: shower,,,
TXN-260827-178,2026-08-27 04:51:56,receipt,,,17,Paint Thinner,30,Gram,0.3,malikhashir85858@gmail.com,,,,,2908
TXN-260827-179,2026-08-27 04:51:56,receipt,,,2764,Paint Mixing,900,Gram,6.04,malikhashir85858@gmail.com,,,,,2908
TXN-260827-180,2026-08-27 04:51:56,receipt,,,2525,Paint Mixing,900,Gram,1.97,malikhashir85858@gmail.com,,,,,2908
TXN-260827-181,2026-08-27 04:51:56,receipt,,,239,Miscellaneous,10,Nos,,malikhashir85858@gmail.com,,,,,2908
TXN-260827-182,2026-08-27 04:51:56,receipt,,,233,Miscellaneous,900,Nos,,malikhashir85858@gmail.com,,,,,2908
TXN-260827-183,2026-08-27 04:51:56,receipt,,,2352,Paint Harnder,1800,Gram,5.81,malikhashir85858@gmail.com,,,,,2908
TXN-260827-184,2026-08-27 04:51:56,receipt,,,2158,Epoxy Set,5900,Gram,7.79,malikhashir85858@gmail.com,,,,,2908
TXN-260827-185,2026-08-27 04:51:56,receipt,,,1145,Epoxy Set,900,Gram,3.8,malikhashir85858@gmail.com,,,,,2908
TXN-260827-186,2026-08-27 04:51:56,receipt,,,937,Miscellaneous,10,Nos,,malikhashir85858@gmail.com,,,,,2908
TXN-260827-187,2026-08-27 04:54:17,issue,rework,BS-LHET-338,2350,Paint Mixing,-100,Gram,6.44,malikhashir85858@gmail.com,hashir,Repaint: white shower,,,
TXN-260827-188,2026-08-27 04:54:17,issue,rework,BS-LHET-338,2354,Paint Matt Agent,-50,Gram,5.19,malikhashir85858@gmail.com,hashir,Repaint: white shower,,,
TXN-260827-189,2026-08-27 04:54:17,issue,rework,BS-LHET-338,2352,Paint Harnder,-50,Gram,5.81,malikhashir85858@gmail.com,hashir,Repaint: white shower,,,
TXN-260827-190,2026-08-27 04:54:17,issue,rework,BS-LHET-338,2355,Paint Thinner,-40,Gram,1.67,malikhashir85858@gmail.com,hashir,Repaint: white shower,,,
TXN-260827-191,2026-08-27 05:10:52,issue,rework,BS-US-2518,727,Paint Harnder,-150,Gram,3.2,malikhashir85858@gmail.com,hashir,Repaint: for wood sign lacker,,,
TXN-260827-192,2026-08-27 05:40:38,receipt,,,804,Paint Thinner,3100,Gram,0.56,malikhashir85858@gmail.com,,,,,2911
TXN-260827-193,2026-08-27 05:40:38,receipt,,,937,Miscellaneous,20,Nos,,malikhashir85858@gmail.com,,,,,2911
TXN-260827-194,2026-08-27 05:40:38,receipt,,,56,Miscellaneous,3,Nos,,malikhashir85858@gmail.com,,,,,2911
TXN-260827-195,2026-08-27 05:40:38,receipt,,,1053,Miscellaneous,5,Nos,,malikhashir85858@gmail.com,,,,,2911
TXN-260827-196,2026-08-27 05:40:38,receipt,,,169,Miscellaneous,2,Nos,,malikhashir85858@gmail.com,,,,,2911
TXN-260827-197,2026-08-27 05:40:38,receipt,,,388,Miscellaneous,1,Nos,,malikhashir85858@gmail.com,,,,,2911
TXN-260827-198,2026-08-27 05:40:38,receipt,,,428,Miscellaneous,18,Nos,,malikhashir85858@gmail.com,,,,,2911
TXN-260827-199,2026-08-27 05:40:38,receipt,,,372,Epoxy Set,900,Gram,1.44,malikhashir85858@gmail.com,,,,,2911
TXN-260827-200,2026-08-27 05:40:38,receipt,,,246,Miscellaneous,2000,Nos,,malikhashir85858@gmail.com,,,,,2911
TXN-260828-201,2026-08-27 23:34:39,issue,bom,BS-SN-16398,2350,Paint Mixing,-400,Gram,6.44,malikhashir85858@gmail.com,,Variance: night sign,,,
TXN-260828-202,2026-08-27 23:34:39,issue,bom,BS-SN-16398,2354,Paint Matt Agent,-200,Gram,5.19,malikhashir85858@gmail.com,,Variance: night sign,,,
TXN-260828-203,2026-08-27 23:34:39,issue,bom,BS-SN-16398,2352,Paint Harnder,-200,Gram,5.81,malikhashir85858@gmail.com,,Variance: night sign,,,
TXN-260828-204,2026-08-27 23:34:39,issue,bom,BS-SN-16398,2355,Paint Thinner,-160,Gram,1.67,malikhashir85858@gmail.com,,Variance: night sign,,,
TXN-260828-205,2026-08-27 23:34:39,issue,bom,BS-SN-16398,1053,Miscellaneous,-1,Nos,,malikhashir85858@gmail.com,,Variance: night sign,,,
TXN-260828-206,2026-08-27 23:34:39,issue,bom,BS-SN-16398,56,Miscellaneous,-2,Nos,,malikhashir85858@gmail.com,,Variance: night sign,,,
TXN-260828-207,2026-08-27 23:34:39,issue,bom,BS-SN-16398,937,Miscellaneous,-2,Nos,,malikhashir85858@gmail.com,,Variance: night sign,,,
TXN-260828-208,2026-08-27 23:34:39,issue,bom,BS-SN-16398,246,Miscellaneous,-200,Nos,,malikhashir85858@gmail.com,,Variance: night sign,,,
TXN-260828-209,2026-08-27 23:38:46,issue,bom,BS-LHET-350,2350,Paint Mixing,-150,Gram,6.44,malikhashir85858@gmail.com,,Variance: night sign,,,
TXN-260828-210,2026-08-27 23:38:46,issue,bom,BS-LHET-350,2354,Paint Matt Agent,-60,Gram,5.19,malikhashir85858@gmail.com,,Variance: night sign,,,
TXN-260828-211,2026-08-27 23:38:46,issue,bom,BS-LHET-350,2352,Paint Harnder,-60,Gram,5.81,malikhashir85858@gmail.com,,Variance: night sign,,,
TXN-260828-212,2026-08-27 23:38:46,issue,bom,BS-LHET-350,2355,Paint Thinner,-50,Gram,1.67,malikhashir85858@gmail.com,,Variance: night sign,,,
TXN-260828-213,2026-08-27 23:38:46,issue,bom,BS-LHET-350,937,Miscellaneous,-2,Nos,,malikhashir85858@gmail.com,,Variance: night sign,,,
TXN-260828-214,2026-08-27 23:38:46,issue,bom,BS-LHET-350,1053,Miscellaneous,-2,Nos,,malikhashir85858@gmail.com,,Variance: night sign,,,
TXN-260828-215,2026-08-27 23:38:46,issue,bom,BS-LHET-350,53,Miscellaneous,-1,Nos,,malikhashir85858@gmail.com,,Variance: night sign,,,
TXN-260828-216,2026-08-28 00:06:19,issue,bom,BS-ET-16464,520,Paint Mixing,-100,Gram,7.4,malikhashir85858@gmail.com,,Variance: golden paint so no hardner and matt agent issued,,,
TXN-260828-217,2026-08-28 00:06:19,issue,bom,BS-ET-16464,2355,Paint Thinner,-100,Gram,1.67,malikhashir85858@gmail.com,,Variance: golden paint so no hardner and matt agent issued,,,
TXN-260828-218,2026-08-28 00:12:50,issue,bom,BS-LHET-349,372,Epoxy Set,-300,Gram,1.44,malikhashir85858@gmail.com,,Variance: thinner extra used due to 1k aster apply,,,
TXN-260828-219,2026-08-28 00:12:50,issue,bom,BS-LHET-349,2764,Paint Mixing,-50,Gram,6.04,malikhashir85858@gmail.com,,Variance: thinner extra used due to 1k aster apply,,,
TXN-260828-220,2026-08-28 00:12:50,issue,bom,BS-LHET-349,2350,Paint Mixing,-100,Gram,6.44,malikhashir85858@gmail.com,,Variance: thinner extra used due to 1k aster apply,,,
TXN-260828-221,2026-08-28 00:12:50,issue,bom,BS-LHET-349,2354,Paint Matt Agent,-75,Gram,5.19,malikhashir85858@gmail.com,,Variance: thinner extra used due to 1k aster apply,,,
TXN-260828-222,2026-08-28 00:12:50,issue,bom,BS-LHET-349,2352,Paint Harnder,-75,Gram,5.81,malikhashir85858@gmail.com,,Variance: thinner extra used due to 1k aster apply,,,
TXN-260828-223,2026-08-28 00:12:50,issue,bom,BS-LHET-349,2355,Paint Thinner,-100,Gram,1.67,malikhashir85858@gmail.com,,Variance: thinner extra used due to 1k aster apply,,,
TXN-260828-224,2026-08-28 00:27:40,issue,bom,BS-ET-16452,2245 / 2673,Paint Mixing,-50,Gram,9.75,malikhashir85858@gmail.com,,Variance: due to 2 shades pantone and black mixing againt pantone 202c is issued,PANTONE 202 C,,
TXN-260828-225,2026-08-28 00:27:40,issue,bom,BS-ET-16452,2239,Paint Mixing,-10,Gram,8.7,malikhashir85858@gmail.com,,Variance: due to 2 shades pantone and black mixing againt pantone 202c is issued,PANTONE 202 C,,
TXN-260828-226,2026-08-28 00:27:40,issue,bom,BS-ET-16452,2353,Paint Mixing,-30,Gram,12.42,malikhashir85858@gmail.com,,Variance: due to 2 shades pantone and black mixing againt pantone 202c is issued,PANTONE 202 C,,
TXN-260828-227,2026-08-28 00:27:40,issue,bom,BS-ET-16452,2754,Paint Mixing,-10,Gram,7.78,malikhashir85858@gmail.com,,Variance: due to 2 shades pantone and black mixing againt pantone 202c is issued,PANTONE 202 C,,
TXN-260828-228,2026-08-28 00:27:40,issue,bom,BS-ET-16452,2354,Paint Matt Agent,-50,Gram,5.19,malikhashir85858@gmail.com,,Variance: due to 2 shades pantone and black mixing againt pantone 202c is issued,,,
TXN-260828-229,2026-08-28 00:27:40,issue,bom,BS-ET-16452,2352,Paint Harnder,-50,Gram,5.81,malikhashir85858@gmail.com,,Variance: due to 2 shades pantone and black mixing againt pantone 202c is issued,,,
TXN-260828-230,2026-08-28 00:27:40,issue,bom,BS-ET-16452,2355,Paint Thinner,-40,Gram,1.67,malikhashir85858@gmail.com,,Variance: due to 2 shades pantone and black mixing againt pantone 202c is issued,,,
TXN-260828-231,2026-08-28 00:30:22,issue,bom,BS-ET-16452,2350,Paint Mixing,-50,Gram,6.44,malikhashir85858@gmail.com,hashir,Variance: due to bom issue variance against hardener and matt agent | Re-issue: due to 2 shades,,,
TXN-260828-232,2026-08-28 00:30:22,issue,bom,BS-ET-16452,2764,Paint Mixing,-50,Gram,6.04,malikhashir85858@gmail.com,hashir,Variance: due to bom issue variance against hardener and matt agent | Re-issue: due to 2 shades,,,
TXN-260828-233,2026-08-28 00:30:22,issue,bom,BS-ET-16452,2354,Paint Matt Agent,-50,Gram,5.19,malikhashir85858@gmail.com,hashir,Variance: due to bom issue variance against hardener and matt agent | Re-issue: due to 2 shades,,,
TXN-260828-234,2026-08-28 00:30:22,issue,bom,BS-ET-16452,2352,Paint Harnder,-50,Gram,5.81,malikhashir85858@gmail.com,hashir,Variance: due to bom issue variance against hardener and matt agent | Re-issue: due to 2 shades,,,
TXN-260828-235,2026-08-28 00:30:22,issue,bom,BS-ET-16452,2355,Paint Thinner,-40,Gram,1.67,malikhashir85858@gmail.com,hashir,Variance: due to bom issue variance against hardener and matt agent | Re-issue: due to 2 shades,,,
TXN-260828-236,2026-08-28 02:24:37,receipt,,,169,Miscellaneous,3,Nos,,malikhashir85858@gmail.com,,,,,2912
TXN-260828-237,2026-08-28 02:24:37,receipt,,,56,Miscellaneous,3,Nos,,malikhashir85858@gmail.com,,,,,2912
TXN-260828-238,2026-08-28 02:24:37,receipt,,,937,Miscellaneous,10,Nos,,malikhashir85858@gmail.com,,,,,2912
TXN-260828-239,2026-08-28 02:24:37,receipt,,,804,Paint Thinner,3000,Gram,0.56,malikhashir85858@gmail.com,,,,,2912
TXN-260828-240,2026-08-28 02:24:37,receipt,,,2352,Paint Harnder,900,Gram,5.81,malikhashir85858@gmail.com,,,,,2912
TXN-260828-241,2026-08-28 02:24:37,receipt,,,285,Miscellaneous,10,Nos,,malikhashir85858@gmail.com,,,,,2912
TXN-260828-242,2026-08-28 02:24:37,receipt,,,239,Miscellaneous,10,Nos,,malikhashir85858@gmail.com,,,,,2912
TXN-260828-243,2026-08-28 02:24:37,receipt,,,2354,Paint Matt Agent,900,Gram,5.19,malikhashir85858@gmail.com,,,,,2912
TXN-260828-244,2026-08-28 02:31:34,issue,bom,BS-ET-15901 B,372,Epoxy Set,-300,Gram,1.44,malikhashir85858@gmail.com,,Variance: SIGN DONE,,,
TXN-260828-245,2026-08-28 02:31:34,issue,bom,BS-ET-15901 B,2764,Paint Mixing,-55,Gram,6.04,malikhashir85858@gmail.com,,Variance: SIGN DONE,,,
TXN-260828-246,2026-08-28 02:31:34,issue,bom,BS-ET-15901 B,2354,Paint Matt Agent,-28,Gram,5.19,malikhashir85858@gmail.com,,Variance: SIGN DONE,,,
TXN-260828-247,2026-08-28 02:31:34,issue,bom,BS-ET-15901 B,2352,Paint Harnder,-28,Gram,5.81,malikhashir85858@gmail.com,,Variance: SIGN DONE,,,
TXN-260828-248,2026-08-28 02:31:34,issue,bom,BS-ET-15901 B,2355,Paint Thinner,-25,Gram,1.67,malikhashir85858@gmail.com,,Variance: SIGN DONE,,,
TXN-260828-249,2026-08-28 02:31:34,issue,bom,BS-ET-15901 B,937,Miscellaneous,-5,Nos,,malikhashir85858@gmail.com,,Variance: SIGN DONE,,,
TXN-260828-250,2026-08-28 02:31:34,issue,bom,BS-ET-15901 B,1053,Miscellaneous,-1,Nos,,malikhashir85858@gmail.com,,Variance: SIGN DONE,,,
TXN-260828-251,2026-08-28 02:35:25,issue,bom,BS-ET-16417,372,Epoxy Set,-300,Gram,1.44,malikhashir85858@gmail.com,,Variance: SIGN DONE,,,
TXN-260828-252,2026-08-28 02:35:25,issue,bom,BS-ET-16417,2764,Paint Mixing,-55,Gram,6.04,malikhashir85858@gmail.com,,Variance: SIGN DONE,,,
TXN-260828-253,2026-08-28 02:35:25,issue,bom,BS-ET-16417,2354,Paint Matt Agent,-28,Gram,5.19,malikhashir85858@gmail.com,,Variance: SIGN DONE,,,
TXN-260828-254,2026-08-28 02:35:25,issue,bom,BS-ET-16417,2352,Paint Harnder,-28,Gram,5.81,malikhashir85858@gmail.com,,Variance: SIGN DONE,,,
TXN-260828-255,2026-08-28 02:35:25,issue,bom,BS-ET-16417,2355,Paint Thinner,-25,Gram,1.67,malikhashir85858@gmail.com,,Variance: SIGN DONE,,,
TXN-260828-256,2026-08-28 02:35:25,issue,bom,BS-ET-16417,937,Miscellaneous,-5,Nos,,malikhashir85858@gmail.com,,Variance: SIGN DONE,,,
TXN-260828-257,2026-08-28 02:35:25,issue,bom,BS-ET-16417,285,Miscellaneous,-2,Nos,,malikhashir85858@gmail.com,,Variance: SIGN DONE,,,
TXN-260828-258,2026-08-28 02:35:25,issue,bom,BS-ET-16417,169,Miscellaneous,-2,Nos,,malikhashir85858@gmail.com,,Variance: SIGN DONE,,,
TXN-260828-259,2026-08-28 02:35:25,issue,bom,BS-ET-16417,246,Miscellaneous,-150,Nos,,malikhashir85858@gmail.com,,Variance: SIGN DONE,,,
TXN-260828-260,2026-08-28 02:38:29,issue,bom,BS-SM-16312,372,Epoxy Set,-300,Gram,1.44,malikhashir85858@gmail.com,,Variance: SIGN DONE,,,
TXN-260828-261,2026-08-28 02:38:29,issue,bom,BS-SM-16312,2764,Paint Mixing,-85,Gram,6.04,malikhashir85858@gmail.com,,Variance: SIGN DONE,,,
TXN-260828-262,2026-08-28 02:38:29,issue,bom,BS-SM-16312,2354,Paint Matt Agent,-40,Gram,5.19,malikhashir85858@gmail.com,,Variance: SIGN DONE,,,
TXN-260828-263,2026-08-28 02:38:29,issue,bom,BS-SM-16312,2352,Paint Harnder,-40,Gram,5.81,malikhashir85858@gmail.com,,Variance: SIGN DONE,,,
TXN-260828-264,2026-08-28 02:38:29,issue,bom,BS-SM-16312,2355,Paint Thinner,-35,Gram,1.67,malikhashir85858@gmail.com,,Variance: SIGN DONE,,,
TXN-260828-265,2026-08-28 02:38:29,issue,bom,BS-SM-16312,937,Miscellaneous,-5,Nos,,malikhashir85858@gmail.com,,Variance: SIGN DONE,,,
TXN-260828-266,2026-08-28 02:38:29,issue,bom,BS-SM-16312,1053,Miscellaneous,-2,Nos,,malikhashir85858@gmail.com,,Variance: SIGN DONE,,,
TXN-260828-267,2026-08-28 02:38:29,issue,bom,BS-SM-16312,239,Miscellaneous,-2,Nos,,malikhashir85858@gmail.com,,Variance: SIGN DONE,,,
TXN-260828-268,2026-08-28 02:38:29,issue,bom,BS-SM-16312,285,Miscellaneous,-1,Nos,,malikhashir85858@gmail.com,,Variance: SIGN DONE,,,
TXN-260828-269,2026-08-28 02:38:29,issue,bom,BS-SM-16312,169,Miscellaneous,-1,Nos,,malikhashir85858@gmail.com,,Variance: SIGN DONE,,,
TXN-260828-270,2026-08-28 02:38:29,issue,bom,BS-SM-16312,428,Miscellaneous,-4,Nos,,malikhashir85858@gmail.com,,Variance: SIGN DONE,,,
TXN-260828-271,2026-08-28 02:38:44,issue,bom,BS-SM-16312,372,Epoxy Set,-300,Gram,1.44,malikhashir85858@gmail.com,,Variance: SIGN DONE,,,
TXN-260828-272,2026-08-28 02:38:44,issue,bom,BS-SM-16312,2764,Paint Mixing,-85,Gram,6.04,malikhashir85858@gmail.com,,Variance: SIGN DONE,,,
TXN-260828-273,2026-08-28 02:38:44,issue,bom,BS-SM-16312,2354,Paint Matt Agent,-40,Gram,5.19,malikhashir85858@gmail.com,,Variance: SIGN DONE,,,
TXN-260828-274,2026-08-28 02:38:44,issue,bom,BS-SM-16312,2352,Paint Harnder,-40,Gram,5.81,malikhashir85858@gmail.com,,Variance: SIGN DONE,,,
TXN-260828-275,2026-08-28 02:38:44,issue,bom,BS-SM-16312,2355,Paint Thinner,-35,Gram,1.67,malikhashir85858@gmail.com,,Variance: SIGN DONE,,,
TXN-260828-276,2026-08-28 02:38:44,issue,bom,BS-SM-16312,937,Miscellaneous,-5,Nos,,malikhashir85858@gmail.com,,Variance: SIGN DONE,,,
TXN-260828-277,2026-08-28 02:38:44,issue,bom,BS-SM-16312,1053,Miscellaneous,-2,Nos,,malikhashir85858@gmail.com,,Variance: SIGN DONE,,,
TXN-260828-278,2026-08-28 02:38:44,issue,bom,BS-SM-16312,239,Miscellaneous,-2,Nos,,malikhashir85858@gmail.com,,Variance: SIGN DONE,,,
TXN-260828-279,2026-08-28 02:38:44,issue,bom,BS-SM-16312,285,Miscellaneous,-1,Nos,,malikhashir85858@gmail.com,,Variance: SIGN DONE,,,
TXN-260828-280,2026-08-28 02:38:44,issue,bom,BS-SM-16312,169,Miscellaneous,-1,Nos,,malikhashir85858@gmail.com,,Variance: SIGN DONE,,,
TXN-260828-281,2026-08-28 02:38:44,issue,bom,BS-SM-16312,428,Miscellaneous,-4,Nos,,malikhashir85858@gmail.com,,Variance: SIGN DONE,,,
TXN-260828-282,2026-08-28 02:41:15,issue,bom,BS-ET-16455,372,Epoxy Set,-300,Gram,1.44,malikhashir85858@gmail.com,,Variance: SIGN DONE,,,
TXN-260828-283,2026-08-28 02:41:15,issue,bom,BS-ET-16455,2764,Paint Mixing,-50,Gram,6.04,malikhashir85858@gmail.com,,Variance: SIGN DONE,,,
TXN-260828-284,2026-08-28 02:41:15,issue,bom,BS-ET-16455,2354,Paint Matt Agent,-25,Gram,5.19,malikhashir85858@gmail.com,,Variance: SIGN DONE,,,
TXN-260828-285,2026-08-28 02:41:15,issue,bom,BS-ET-16455,2352,Paint Harnder,-25,Gram,5.81,malikhashir85858@gmail.com,,Variance: SIGN DONE,,,
TXN-260828-286,2026-08-28 02:41:15,issue,bom,BS-ET-16455,2355,Paint Thinner,-25,Gram,1.67,malikhashir85858@gmail.com,,Variance: SIGN DONE,,,
TXN-260828-287,2026-08-28 02:41:15,issue,bom,BS-ET-16455,937,Miscellaneous,-5,Nos,,malikhashir85858@gmail.com,,Variance: SIGN DONE,,,
TXN-260828-288,2026-08-28 02:41:15,issue,bom,BS-ET-16455,1053,Miscellaneous,-1,Nos,,malikhashir85858@gmail.com,,Variance: SIGN DONE,,,
TXN-260828-289,2026-08-28 02:41:15,issue,bom,BS-ET-16455,239,Miscellaneous,-2,Nos,,malikhashir85858@gmail.com,,Variance: SIGN DONE,,,
TXN-260828-290,2026-08-28 02:41:15,issue,bom,BS-ET-16455,285,Miscellaneous,-1,Nos,,malikhashir85858@gmail.com,,Variance: SIGN DONE,,,
TXN-260828-291,2026-08-28 02:41:15,issue,bom,BS-ET-16455,169,Miscellaneous,-1,Nos,,malikhashir85858@gmail.com,,Variance: SIGN DONE,,,
TXN-260828-292,2026-08-28 02:44:26,issue,rework,BS-SI-16451,2350,Paint Mixing,-100,Gram,6.44,malikhashir85858@gmail.com,HAHSIR,Repaint: uv plate side walls white,,,
TXN-260828-293,2026-08-28 02:44:26,issue,rework,BS-SI-16451,2354,Paint Matt Agent,-50,Gram,5.19,malikhashir85858@gmail.com,HAHSIR,Repaint: uv plate side walls white,,,
TXN-260828-294,2026-08-28 02:44:26,issue,rework,BS-SI-16451,2352,Paint Harnder,-50,Gram,5.81,malikhashir85858@gmail.com,HAHSIR,Repaint: uv plate side walls white,,,
TXN-260828-295,2026-08-28 02:44:26,issue,rework,BS-SI-16451,2355,Paint Thinner,-40,Gram,1.67,malikhashir85858@gmail.com,HAHSIR,Repaint: uv plate side walls white,,,
TXN-260828-296,2026-08-28 02:44:26,issue,rework,BS-SI-16451,937,Miscellaneous,-2,Nos,,malikhashir85858@gmail.com,HAHSIR,Repaint: uv plate side walls white,,,
TXN-260828-297,2026-08-28 02:44:26,issue,rework,BS-SI-16451,1053,Miscellaneous,-1,Nos,,malikhashir85858@gmail.com,HAHSIR,Repaint: uv plate side walls white,,,
TXN-260828-298,2026-08-28 03:41:25,issue,bom,BS-ET-16450,2350,Paint Mixing,-100,Gram,6.44,malikhashir85858@gmail.com,,Variance: due to 2 shades mixing against pantone 2c is issued,WARM GRAY 2C,,
TXN-260828-299,2026-08-28 03:41:25,issue,bom,BS-ET-16450,2353,Paint Mixing,-6,Gram,12.42,malikhashir85858@gmail.com,,Variance: due to 2 shades mixing against pantone 2c is issued,WARM GRAY 2C,,
TXN-260828-300,2026-08-28 03:41:25,issue,bom,BS-ET-16450,2257,Paint Mixing,-8,Gram,9.2,malikhashir85858@gmail.com,,Variance: due to 2 shades mixing against pantone 2c is issued,WARM GRAY 2C,,
TXN-260828-301,2026-08-28 03:41:25,issue,bom,BS-ET-16450,2272,Paint Mixing,-6,Gram,9.04,malikhashir85858@gmail.com,,Variance: due to 2 shades mixing against pantone 2c is issued,WARM GRAY 2C,,
TXN-260828-302,2026-08-28 03:41:25,issue,bom,BS-ET-16450,2195,Paint Matt Agent,-60,Gram,4.86,malikhashir85858@gmail.com,,Variance: due to 2 shades mixing against pantone 2c is issued,,,
TXN-260828-303,2026-08-28 03:41:25,issue,bom,BS-ET-16450,2352,Paint Harnder,-60,Gram,5.81,malikhashir85858@gmail.com,,Variance: due to 2 shades mixing against pantone 2c is issued,,,
TXN-260828-304,2026-08-28 03:41:25,issue,bom,BS-ET-16450,2355,Paint Thinner,-50,Gram,1.67,malikhashir85858@gmail.com,,Variance: due to 2 shades mixing against pantone 2c is issued,,,
TXN-260828-305,2026-08-28 03:41:25,issue,bom,BS-ET-16450,937,Miscellaneous,-3,Nos,,malikhashir85858@gmail.com,,Variance: due to 2 shades mixing against pantone 2c is issued,,,
TXN-260828-306,2026-08-28 03:41:25,issue,bom,BS-ET-16450,239,Miscellaneous,-2,Nos,,malikhashir85858@gmail.com,,Variance: due to 2 shades mixing against pantone 2c is issued,,,
TXN-260828-307,2026-08-28 03:41:25,issue,bom,BS-ET-16450,246,Miscellaneous,-200,Nos,,malikhashir85858@gmail.com,,Variance: due to 2 shades mixing against pantone 2c is issued,,,
TXN-260828-308,2026-08-28 05:26:52,issue,bom,BS-ET-16465,372,Epoxy Set,-200,Gram,1.44,malikhashir85858@gmail.com,,Variance: sign done,,,
TXN-260828-309,2026-08-28 05:26:52,issue,bom,BS-ET-16465,2764,Paint Mixing,-50,Gram,6.04,malikhashir85858@gmail.com,,Variance: sign done,,,
TXN-260828-310,2026-08-28 05:26:52,issue,bom,BS-ET-16465,2354,Paint Matt Agent,-25,Gram,5.19,malikhashir85858@gmail.com,,Variance: sign done,,,
TXN-260828-311,2026-08-28 05:26:52,issue,bom,BS-ET-16465,2352,Paint Harnder,-25,Gram,5.81,malikhashir85858@gmail.com,,Variance: sign done,,,
TXN-260828-312,2026-08-28 05:26:52,issue,bom,BS-ET-16465,2355,Paint Thinner,-23,Gram,1.67,malikhashir85858@gmail.com,,Variance: sign done,,,
TXN-260828-313,2026-08-28 05:26:52,issue,bom,BS-ET-16465,937,Miscellaneous,-2,Nos,,malikhashir85858@gmail.com,,Variance: sign done,,,
TXN-260828-314,2026-08-28 05:26:52,issue,bom,BS-ET-16465,239,Miscellaneous,-1,Nos,,malikhashir85858@gmail.com,,Variance: sign done,,,
TXN-260828-315,2026-08-28 05:29:15,issue,bom,BS-SM-16438,372,Epoxy Set,-300,Gram,1.44,malikhashir85858@gmail.com,,Variance: sign done,,,
TXN-260828-316,2026-08-28 05:29:15,issue,bom,BS-SM-16438,2350,Paint Mixing,-150,Gram,6.44,malikhashir85858@gmail.com,,Variance: sign done,,,
TXN-260828-317,2026-08-28 05:29:15,issue,bom,BS-SM-16438,2354,Paint Matt Agent,-65,Gram,5.19,malikhashir85858@gmail.com,,Variance: sign done,,,
TXN-260828-318,2026-08-28 05:29:15,issue,bom,BS-SM-16438,2352,Paint Harnder,-65,Gram,5.81,malikhashir85858@gmail.com,,Variance: sign done,,,
TXN-260828-319,2026-08-28 05:29:15,issue,bom,BS-SM-16438,2355,Paint Thinner,-60,Gram,1.67,malikhashir85858@gmail.com,,Variance: sign done,,,
TXN-260828-320,2026-08-28 05:29:15,issue,bom,BS-SM-16438,937,Miscellaneous,-5,Nos,,malikhashir85858@gmail.com,,Variance: sign done,,,
TXN-260828-321,2026-08-28 05:29:15,issue,bom,BS-SM-16438,246,Miscellaneous,-450,Nos,,malikhashir85858@gmail.com,,Variance: sign done,,,
TXN-260829-322,2026-08-28 22:45:31,issue,bom,BS-LHET-333-A,372,Epoxy Set,-200,Gram,1.44,malikhashir85858@gmail.com,,Variance: sign done,,,
TXN-260829-323,2026-08-28 22:45:31,issue,bom,BS-LHET-333-A,2764,Paint Mixing,-170,Gram,6.04,malikhashir85858@gmail.com,,Variance: sign done,,,
TXN-260829-324,2026-08-28 22:45:31,issue,bom,BS-LHET-333-A,2354,Paint Matt Agent,-86,Gram,5.19,malikhashir85858@gmail.com,,Variance: sign done,,,
TXN-260829-325,2026-08-28 22:45:31,issue,bom,BS-LHET-333-A,2352,Paint Harnder,-86,Gram,5.81,malikhashir85858@gmail.com,,Variance: sign done,,,
TXN-260829-326,2026-08-28 22:45:31,issue,bom,BS-LHET-333-A,2355,Paint Thinner,-70,Gram,1.67,malikhashir85858@gmail.com,,Variance: sign done,,,
TXN-260829-327,2026-08-28 22:45:31,issue,bom,BS-LHET-333-A,937,Miscellaneous,-3,Nos,,malikhashir85858@gmail.com,,Variance: sign done,,,
TXN-260829-328,2026-08-28 22:45:31,issue,bom,BS-LHET-333-A,239,Miscellaneous,-2,Nos,,malikhashir85858@gmail.com,,Variance: sign done,,,
TXN-260829-329,2026-08-28 22:45:31,issue,bom,BS-LHET-333-A,428,Miscellaneous,-2,Nos,,malikhashir85858@gmail.com,,Variance: sign done,,,
TXN-260829-330,2026-08-28 22:45:31,issue,bom,BS-LHET-333-A,1053,Miscellaneous,-1,Nos,,malikhashir85858@gmail.com,,Variance: sign done,,,
TXN-260829-331,2026-08-28 22:45:31,issue,bom,BS-LHET-333-A,285,Miscellaneous,-1,Nos,,malikhashir85858@gmail.com,,Variance: sign done,,,
TXN-260829-332,2026-08-28 22:45:31,issue,bom,BS-LHET-333-A,246,Miscellaneous,-200,Nos,,malikhashir85858@gmail.com,,Variance: sign done,,,
TXN-260829-333,2026-08-28 22:47:38,issue,bom,BS-LHET-333-B,1073,Epoxy Set,-200,Gram,,malikhashir85858@gmail.com,,Variance: sign done,,,
TXN-260829-334,2026-08-28 22:47:38,issue,bom,BS-LHET-333-B,2764,Paint Mixing,-170,Gram,6.04,malikhashir85858@gmail.com,,Variance: sign done,,,
TXN-260829-335,2026-08-28 22:47:38,issue,bom,BS-LHET-333-B,2354,Paint Matt Agent,-86,Gram,5.19,malikhashir85858@gmail.com,,Variance: sign done,,,
TXN-260829-336,2026-08-28 22:47:38,issue,bom,BS-LHET-333-B,2352,Paint Harnder,-86,Gram,5.81,malikhashir85858@gmail.com,,Variance: sign done,,,
TXN-260829-337,2026-08-28 22:47:38,issue,bom,BS-LHET-333-B,2355,Paint Thinner,-70,Gram,1.67,malikhashir85858@gmail.com,,Variance: sign done,,,
TXN-260829-338,2026-08-28 22:47:38,issue,bom,BS-LHET-333-B,246,Miscellaneous,-300,Nos,,malikhashir85858@gmail.com,,Variance: sign done,,,
TXN-260829-339,2026-08-28 22:47:38,issue,bom,BS-LHET-333-B,937,Miscellaneous,-2,Nos,,malikhashir85858@gmail.com,,Variance: sign done,,,
TXN-260829-340,2026-08-28 23:12:31,issue,bom,BS-US-2537 C,1073,Epoxy Set,-400,Gram,,malikhashir85858@gmail.com,,Variance: SATIN SIGN,,,
TXN-260829-341,2026-08-28 23:12:31,issue,bom,BS-US-2537 C,2764,Paint Mixing,-50,Gram,6.04,malikhashir85858@gmail.com,,Variance: SATIN SIGN,PANTONE 296 C,,
TXN-260829-342,2026-08-28 23:12:31,issue,bom,BS-US-2537 C,2272,Paint Mixing,-100,Gram,9.04,malikhashir85858@gmail.com,,Variance: SATIN SIGN,PANTONE 296 C,,
TXN-260829-343,2026-08-28 23:12:31,issue,bom,BS-US-2537 C,2350,Paint Mixing,-30,Gram,6.44,malikhashir85858@gmail.com,,Variance: SATIN SIGN,PANTONE 296 C,,
TXN-260829-344,2026-08-28 23:12:31,issue,bom,BS-US-2537 C,2754,Paint Mixing,-10,Gram,7.78,malikhashir85858@gmail.com,,Variance: SATIN SIGN,PANTONE 296 C,,
TXN-260829-345,2026-08-28 23:12:31,issue,bom,BS-US-2537 C,2241,Paint Mixing,-10,Gram,9.04,malikhashir85858@gmail.com,,Variance: SATIN SIGN,PANTONE 296 C,,
TXN-260829-346,2026-08-28 23:12:31,issue,bom,BS-US-2537 C,2352,Paint Harnder,-100,Gram,5.81,malikhashir85858@gmail.com,,Variance: SATIN SIGN,,,
TXN-260829-347,2026-08-28 23:12:31,issue,bom,BS-US-2537 C,2195,Paint Matt Agent,-45,Gram,4.86,malikhashir85858@gmail.com,,Variance: SATIN SIGN,,,
TXN-260829-348,2026-08-28 23:12:31,issue,bom,BS-US-2537 C,2355,Paint Thinner,-40,Gram,1.67,malikhashir85858@gmail.com,,Variance: SATIN SIGN,,,
TXN-260829-349,2026-08-28 23:12:31,issue,bom,BS-US-2537 C,2247,Paint Binder,-40,Gram,7.41,malikhashir85858@gmail.com,,Variance: SATIN SIGN,,,
TXN-260829-350,2026-08-28 23:12:31,issue,bom,BS-US-2537 C,937,Miscellaneous,-3,Nos,,malikhashir85858@gmail.com,,Variance: SATIN SIGN,,,
TXN-260829-351,2026-08-28 23:12:31,issue,bom,BS-US-2537 C,388,Miscellaneous,-1,Nos,,malikhashir85858@gmail.com,,Variance: SATIN SIGN,,,
TXN-260829-352,2026-08-28 23:12:31,issue,bom,BS-US-2537 C,246,Miscellaneous,-500,Nos,,malikhashir85858@gmail.com,,Variance: SATIN SIGN,,,
TXN-260829-353,2026-08-28 23:12:31,issue,bom,BS-US-2537 C,239,Miscellaneous,-1,Nos,,malikhashir85858@gmail.com,,Variance: SATIN SIGN,,,
TXN-260829-354,2026-08-28 23:18:17,issue,bom,BS-ET-16409,1073,Epoxy Set,-200,Gram,,malikhashir85858@gmail.com,,Variance: GLOSSY SIGN SO HARDNER EXTRA ISSUE,,,
TXN-260829-355,2026-08-28 23:18:17,issue,bom,BS-ET-16409,2272,Paint Mixing,-100,Gram,9.04,malikhashir85858@gmail.com,,Variance: GLOSSY SIGN SO HARDNER EXTRA ISSUE,PANTONE 4147C,,
TXN-260829-356,2026-08-28 23:18:17,issue,bom,BS-ET-16409,2764,Paint Mixing,-30,Gram,6.04,malikhashir85858@gmail.com,,Variance: GLOSSY SIGN SO HARDNER EXTRA ISSUE,PANTONE 4147C,,
TXN-260829-357,2026-08-28 23:18:17,issue,bom,BS-ET-16409,2754,Paint Mixing,-10,Gram,7.78,malikhashir85858@gmail.com,,Variance: GLOSSY SIGN SO HARDNER EXTRA ISSUE,PANTONE 4147C,,
TXN-260829-358,2026-08-28 23:18:17,issue,bom,BS-ET-16409,2350,Paint Mixing,-10,Gram,6.44,malikhashir85858@gmail.com,,Variance: GLOSSY SIGN SO HARDNER EXTRA ISSUE,PANTONE 4147C,,
TXN-260829-359,2026-08-28 23:18:17,issue,bom,BS-ET-16409,2352,Paint Harnder,-75,Gram,5.81,malikhashir85858@gmail.com,,Variance: GLOSSY SIGN SO HARDNER EXTRA ISSUE,,,
TXN-260829-360,2026-08-28 23:18:17,issue,bom,BS-ET-16409,2247,Paint Binder,-29,Gram,7.41,malikhashir85858@gmail.com,,Variance: GLOSSY SIGN SO HARDNER EXTRA ISSUE,,,
TXN-260829-361,2026-08-28 23:18:17,issue,bom,BS-ET-16409,2355,Paint Thinner,-20,Gram,1.67,malikhashir85858@gmail.com,,Variance: GLOSSY SIGN SO HARDNER EXTRA ISSUE,,,
TXN-260829-362,2026-08-28 23:18:17,issue,bom,BS-ET-16409,937,Miscellaneous,-2,Nos,,malikhashir85858@gmail.com,,Variance: GLOSSY SIGN SO HARDNER EXTRA ISSUE,,,
TXN-260829-363,2026-08-28 23:18:17,issue,bom,BS-ET-16409,246,Miscellaneous,-200,Nos,,malikhashir85858@gmail.com,,Variance: GLOSSY SIGN SO HARDNER EXTRA ISSUE,,,
TXN-260829-364,2026-08-28 23:18:17,issue,bom,BS-ET-16409,239,Miscellaneous,-1,Nos,,malikhashir85858@gmail.com,,Variance: GLOSSY SIGN SO HARDNER EXTRA ISSUE,,,
TXN-260829-365,2026-08-28 23:18:17,issue,bom,BS-ET-16409,285,Miscellaneous,-1,Nos,,malikhashir85858@gmail.com,,Variance: GLOSSY SIGN SO HARDNER EXTRA ISSUE,,,
TXN-260829-366,2026-08-28 23:24:49,issue,bom,BS-ET-16418,2350,Paint Mixing,-80,Gram,6.44,malikhashir85858@gmail.com,,Variance: bom issue,PANTONE 496 C,,
TXN-260829-367,2026-08-28 23:24:49,issue,bom,BS-ET-16418,2245 / 2673,Paint Mixing,-10,Gram,9.75,malikhashir85858@gmail.com,,Variance: bom issue,PANTONE 496 C,,
TXN-260829-368,2026-08-28 23:24:49,issue,bom,BS-ET-16418,2754,Paint Mixing,-10,Gram,7.78,malikhashir85858@gmail.com,,Variance: bom issue,PANTONE 496 C,,
TXN-260829-369,2026-08-28 23:24:49,issue,bom,BS-ET-16418,2350,Paint Mixing,-50,Gram,6.44,malikhashir85858@gmail.com,,Variance: bom issue,PANTONE 496 C,,
TXN-260829-370,2026-08-28 23:24:49,issue,bom,BS-ET-16418,2354,Paint Matt Agent,-75,Gram,5.19,malikhashir85858@gmail.com,,Variance: bom issue,,,
TXN-260829-371,2026-08-28 23:24:49,issue,bom,BS-ET-16418,2352,Paint Harnder,-75,Gram,5.81,malikhashir85858@gmail.com,,Variance: bom issue,,,
TXN-260829-372,2026-08-28 23:24:49,issue,bom,BS-ET-16418,2355,Paint Thinner,-60,Gram,1.67,malikhashir85858@gmail.com,,Variance: bom issue,,,
TXN-260829-373,2026-08-28 23:33:01,issue,bom,BS-US-2537 B,2350,Paint Mixing,-100,Gram,6.44,malikhashir85858@gmail.com,,Variance: SATIN SIGN,PANTONE 2330C,,
TXN-260829-374,2026-08-28 23:33:01,issue,bom,BS-US-2537 B,2764,Paint Mixing,-20,Gram,6.04,malikhashir85858@gmail.com,,Variance: SATIN SIGN,PANTONE 2330C,,
TXN-260829-375,2026-08-28 23:33:01,issue,bom,BS-US-2537 B,2241,Paint Mixing,-10,Gram,9.04,malikhashir85858@gmail.com,,Variance: SATIN SIGN,PANTONE 2330C,,
TXN-260829-376,2026-08-28 23:33:01,issue,bom,BS-US-2537 B,2245 / 2673,Paint Mixing,-10,Gram,9.75,malikhashir85858@gmail.com,,Variance: SATIN SIGN,PANTONE 2330C,,
TXN-260829-377,2026-08-28 23:33:01,issue,bom,BS-US-2537 B,2272,Paint Mixing,-10,Gram,9.04,malikhashir85858@gmail.com,,Variance: SATIN SIGN,PANTONE 2330C,,
TXN-260829-378,2026-08-28 23:33:01,issue,bom,BS-US-2537 B,2352,Paint Harnder,-70,Gram,5.81,malikhashir85858@gmail.com,,Variance: SATIN SIGN,,,
TXN-260829-379,2026-08-28 23:33:01,issue,bom,BS-US-2537 B,2354,Paint Matt Agent,-50,Gram,5.19,malikhashir85858@gmail.com,,Variance: SATIN SIGN,,,
TXN-260829-380,2026-08-28 23:33:01,issue,bom,BS-US-2537 B,2355,Paint Thinner,-30,Gram,1.67,malikhashir85858@gmail.com,,Variance: SATIN SIGN,,,
TXN-260829-381,2026-08-28 23:33:01,issue,bom,BS-US-2537 B,2247,Paint Binder,-25,Gram,7.41,malikhashir85858@gmail.com,,Variance: SATIN SIGN,,,
TXN-260829-382,2026-08-28 23:33:01,issue,bom,BS-US-2537 B,937,Miscellaneous,-3,Nos,,malikhashir85858@gmail.com,,Variance: SATIN SIGN,,,
TXN-260829-383,2026-08-28 23:40:03,issue,rework,BS-SM-16283-(Bulk),2350,Paint Mixing,-600,Gram,6.44,malikhashir85858@gmail.com,Hashir,Repaint: side walls issue due to welding repaint 2 times,,,
TXN-260829-384,2026-08-28 23:40:03,issue,rework,BS-SM-16283-(Bulk),2354,Paint Matt Agent,-300,Gram,5.19,malikhashir85858@gmail.com,Hashir,Repaint: side walls issue due to welding repaint 2 times,,,
TXN-260829-385,2026-08-28 23:40:03,issue,rework,BS-SM-16283-(Bulk),2352,Paint Harnder,-300,Gram,5.81,malikhashir85858@gmail.com,Hashir,Repaint: side walls issue due to welding repaint 2 times,,,
TXN-260829-386,2026-08-28 23:40:03,issue,rework,BS-SM-16283-(Bulk),2355,Paint Thinner,-240,Gram,1.67,malikhashir85858@gmail.com,Hashir,Repaint: side walls issue due to welding repaint 2 times,,,
TXN-260829-387,2026-08-28 23:40:21,issue,rework,BS-SM-16283-(Bulk),2350,Paint Mixing,-600,Gram,6.44,malikhashir85858@gmail.com,Hashir,Repaint: side walls issue due to welding repaint 2 times,,,
TXN-260829-388,2026-08-28 23:40:21,issue,rework,BS-SM-16283-(Bulk),2354,Paint Matt Agent,-300,Gram,5.19,malikhashir85858@gmail.com,Hashir,Repaint: side walls issue due to welding repaint 2 times,,,
TXN-260829-389,2026-08-28 23:40:21,issue,rework,BS-SM-16283-(Bulk),2352,Paint Harnder,-300,Gram,5.81,malikhashir85858@gmail.com,Hashir,Repaint: side walls issue due to welding repaint 2 times,,,
TXN-260829-390,2026-08-28 23:40:21,issue,rework,BS-SM-16283-(Bulk),2355,Paint Thinner,-240,Gram,1.67,malikhashir85858@gmail.com,Hashir,Repaint: side walls issue due to welding repaint 2 times,,,
TXN-260829-391,2026-08-28 23:45:22,receipt,,,2764,Paint Mixing,2700,Gram,6.04,malikhashir85858@gmail.com,,,,,2915
TXN-260829-392,2026-08-28 23:45:22,receipt,,,2354,Paint Matt Agent,1800,Gram,5.19,malikhashir85858@gmail.com,,,,,2915
TXN-260829-393,2026-08-28 23:45:22,receipt,,,2352,Paint Harnder,900,Gram,5.81,malikhashir85858@gmail.com,,,,,2915
TXN-260829-394,2026-08-28 23:45:22,receipt,,,2350,Paint Mixing,6100,Gram,6.44,malikhashir85858@gmail.com,,,,,2915
TXN-260829-395,2026-08-28 23:52:43,issue,bom,BS-US-2538,2764,Paint Mixing,-800,Gram,6.04,malikhashir85858@gmail.com,,Variance: matt agent extra used due to satin black paint,,,
TXN-260829-396,2026-08-28 23:52:43,issue,bom,BS-US-2538,2350,Paint Mixing,-450,Gram,6.44,malikhashir85858@gmail.com,,Variance: matt agent extra used due to satin black paint,,,
TXN-260829-397,2026-08-28 23:52:43,issue,bom,BS-US-2538,2352,Paint Harnder,-600,Gram,5.81,malikhashir85858@gmail.com,,Variance: matt agent extra used due to satin black paint,,,
TXN-260829-398,2026-08-28 23:52:43,issue,bom,BS-US-2538,2195,Paint Matt Agent,-500,Gram,4.86,malikhashir85858@gmail.com,,Variance: matt agent extra used due to satin black paint,,,
TXN-260829-399,2026-08-28 23:52:43,issue,bom,BS-US-2538,2354,Paint Matt Agent,-200,Gram,5.19,malikhashir85858@gmail.com,,Variance: matt agent extra used due to satin black paint,,,
TXN-260829-400,2026-08-28 23:52:43,issue,bom,BS-US-2538,2355,Paint Thinner,-250,Gram,1.67,malikhashir85858@gmail.com,,Variance: matt agent extra used due to satin black paint,,,
TXN-260829-401,2026-08-28 23:52:43,issue,bom,BS-US-2538,2247,Paint Binder,-240,Gram,7.41,malikhashir85858@gmail.com,,Variance: matt agent extra used due to satin black paint,,,
TXN-260829-402,2026-08-29 04:56:47,adjust,,,2245 / 2673,Paint Mixing,-100,Gram,9.75,comrade@yorkyankee.com,,Nippon Issued against Nexa red,,,Nippon Issued against Nexa red
TXN-260829-403,2026-08-29 04:58:27,adjust,,,2754,Paint Mixing,100,Gram,7.78,comrade@yorkyankee.com,,nippon against nexa,,,nippon against nexa
TXN-260829-404,2026-08-29 05:01:45,adjust,,,2274,Paint Mixing,200,Gram,9.04,comrade@yorkyankee.com,,No physical Stock,,,No physical Stock
TXN-260829-405,2026-08-29 05:03:31,adjust,,,2699,Paint Mixing,-200,Gram,6.93,comrade@yorkyankee.com,,adjustment against another color,,,adjustment against another color
TXN-260831-406,2026-08-30 23:21:55,issue,bom,BS-ET-16449,2158,Epoxy Set,-200,Gram,7.79,malikhashir85858@gmail.com,,Variance: golden sign so no matt agent and hardner is ussed,,,
TXN-260831-407,2026-08-30 23:21:55,issue,bom,BS-ET-16449,1145,Epoxy Set,-30,Gram,3.8,malikhashir85858@gmail.com,,Variance: golden sign so no matt agent and hardner is ussed,,,
TXN-260831-408,2026-08-30 23:21:55,issue,bom,BS-ET-16449,244,Epoxy Set,-18,Gram,0.54,malikhashir85858@gmail.com,,Variance: golden sign so no matt agent and hardner is ussed,,,
TXN-260831-409,2026-08-30 23:21:55,issue,bom,BS-ET-16449,520,Paint Mixing,-100,Gram,7.4,malikhashir85858@gmail.com,,Variance: golden sign so no matt agent and hardner is ussed,,,
TXN-260831-410,2026-08-30 23:21:55,issue,bom,BS-ET-16449,2355,Paint Thinner,-90,Gram,1.67,malikhashir85858@gmail.com,,Variance: golden sign so no matt agent and hardner is ussed,,,
TXN-260831-411,2026-08-30 23:21:55,issue,bom,BS-ET-16449,937,Miscellaneous,-2,Nos,,malikhashir85858@gmail.com,,Variance: golden sign so no matt agent and hardner is ussed,,,
TXN-260831-412,2026-08-30 23:53:09,issue,bom,BS-ET-16473,2158,Epoxy Set,-250,Gram,7.79,malikhashir85858@gmail.com,,Variance: SIGN DONE,,,
TXN-260831-413,2026-08-30 23:53:09,issue,bom,BS-ET-16473,1145,Epoxy Set,-80,Gram,3.8,malikhashir85858@gmail.com,,Variance: SIGN DONE,,,
TXN-260831-414,2026-08-30 23:53:09,issue,bom,BS-ET-16473,244,Epoxy Set,-50,Gram,0.54,malikhashir85858@gmail.com,,Variance: SIGN DONE,,,
TXN-260831-415,2026-08-30 23:53:09,issue,bom,BS-ET-16473,2245 / 2673,Paint Mixing,-25,Gram,9.75,malikhashir85858@gmail.com,,Variance: SIGN DONE,PANTONE 2357C,,
TXN-260831-416,2026-08-30 23:53:09,issue,bom,BS-ET-16473,2272,Paint Mixing,-11,Gram,9.04,malikhashir85858@gmail.com,,Variance: SIGN DONE,PANTONE 2357C,,
TXN-260831-417,2026-08-30 23:53:09,issue,bom,BS-ET-16473,2350,Paint Mixing,-30,Gram,6.44,malikhashir85858@gmail.com,,Variance: SIGN DONE,PANTONE 2357C,,
TXN-260831-418,2026-08-30 23:53:09,issue,bom,BS-ET-16473,2754,Paint Mixing,-34,Gram,7.78,malikhashir85858@gmail.com,,Variance: SIGN DONE,PANTONE 2357C,,
TXN-260831-419,2026-08-30 23:53:09,issue,bom,BS-ET-16473,2764,Paint Mixing,-2,Gram,6.04,malikhashir85858@gmail.com,,Variance: SIGN DONE,PANTONE 2357C,,
TXN-260831-420,2026-08-30 23:53:09,issue,bom,BS-ET-16473,2354,Paint Matt Agent,-55,Gram,5.19,malikhashir85858@gmail.com,,Variance: SIGN DONE,,,
TXN-260831-421,2026-08-30 23:53:09,issue,bom,BS-ET-16473,2352,Paint Harnder,-49,Gram,5.81,malikhashir85858@gmail.com,,Variance: SIGN DONE,,,
TXN-260831-422,2026-08-30 23:53:09,issue,bom,BS-ET-16473,2355,Paint Thinner,-28,Gram,1.67,malikhashir85858@gmail.com,,Variance: SIGN DONE,,,
TXN-260831-423,2026-08-30 23:53:09,issue,bom,BS-ET-16473,937,Miscellaneous,-2,Nos,,malikhashir85858@gmail.com,,Variance: SIGN DONE,,,
TXN-260831-424,2026-08-30 23:53:09,issue,bom,BS-ET-16473,246,Miscellaneous,-300,Nos,,malikhashir85858@gmail.com,,Variance: SIGN DONE,,,
TXN-260831-425,2026-08-30 23:53:09,issue,bom,BS-ET-16473,239,Miscellaneous,-2,Nos,,malikhashir85858@gmail.com,,Variance: SIGN DONE,,,
TXN-260831-426,2026-08-31 00:07:51,issue,bom,BS-QS-16485,2158,Epoxy Set,-180,Gram,7.79,malikhashir85858@gmail.com,,Variance: sign done,,,
TXN-260831-427,2026-08-31 00:07:51,issue,bom,BS-QS-16485,1145,Epoxy Set,-50,Gram,3.8,malikhashir85858@gmail.com,,Variance: sign done,,,
TXN-260831-428,2026-08-31 00:07:51,issue,bom,BS-QS-16485,244,Epoxy Set,-35,Gram,0.54,malikhashir85858@gmail.com,,Variance: sign done,,,
TXN-260831-429,2026-08-31 00:07:51,issue,bom,BS-QS-16485,2764,Paint Mixing,-60,Gram,6.04,malikhashir85858@gmail.com,,Variance: sign done,,,
TXN-260831-430,2026-08-31 00:07:51,issue,bom,BS-QS-16485,2354,Paint Matt Agent,-34,Gram,5.19,malikhashir85858@gmail.com,,Variance: sign done,,,
TXN-260831-431,2026-08-31 00:07:51,issue,bom,BS-QS-16485,2352,Paint Harnder,-30,Gram,5.81,malikhashir85858@gmail.com,,Variance: sign done,,,
TXN-260831-432,2026-08-31 00:07:51,issue,bom,BS-QS-16485,2355,Paint Thinner,-17,Gram,1.67,malikhashir85858@gmail.com,,Variance: sign done,,,
TXN-260831-433,2026-08-31 00:07:51,issue,bom,BS-QS-16485,937,Miscellaneous,-2,Nos,,malikhashir85858@gmail.com,,Variance: sign done,,,
TXN-260831-434,2026-08-31 00:07:51,issue,bom,BS-QS-16485,246,Miscellaneous,-200,Nos,,malikhashir85858@gmail.com,,Variance: sign done,,,
TXN-260831-435,2026-08-31 00:10:23,issue,bom,BS-SI-16476,2158,Epoxy Set,-170,Gram,7.79,malikhashir85858@gmail.com,,Variance: sign done,,,
TXN-260831-436,2026-08-31 00:10:23,issue,bom,BS-SI-16476,244,Epoxy Set,-37,Gram,0.54,malikhashir85858@gmail.com,,Variance: sign done,,,
TXN-260831-437,2026-08-31 00:10:23,issue,bom,BS-SI-16476,1145,Epoxy Set,-35,Gram,3.8,malikhashir85858@gmail.com,,Variance: sign done,,,
TXN-260831-438,2026-08-31 00:10:23,issue,bom,BS-SI-16476,2350,Paint Mixing,-55,Gram,6.44,malikhashir85858@gmail.com,,Variance: sign done,,,
TXN-260831-439,2026-08-31 00:10:23,issue,bom,BS-SI-16476,2354,Paint Matt Agent,-28,Gram,5.19,malikhashir85858@gmail.com,,Variance: sign done,,,
TXN-260831-440,2026-08-31 00:10:23,issue,bom,BS-SI-16476,2352,Paint Harnder,-28,Gram,5.81,malikhashir85858@gmail.com,,Variance: sign done,,,
TXN-260831-441,2026-08-31 00:10:23,issue,bom,BS-SI-16476,2355,Paint Thinner,-23,Gram,1.67,malikhashir85858@gmail.com,,Variance: sign done,,,
TXN-260831-442,2026-08-31 00:10:23,issue,bom,BS-SI-16476,937,Miscellaneous,-1,Nos,,malikhashir85858@gmail.com,,Variance: sign done,,,
TXN-260831-443,2026-08-31 00:10:23,issue,bom,BS-SI-16476,246,Miscellaneous,-100,Nos,,malikhashir85858@gmail.com,,Variance: sign done,,,
TXN-260831-444,2026-08-31 00:13:22,issue,bom,BS-US-2543,2158,Epoxy Set,-443,Gram,7.79,malikhashir85858@gmail.com,,Variance: sign done,,,
TXN-260831-445,2026-08-31 00:13:22,issue,bom,BS-US-2543,244,Epoxy Set,-93,Gram,0.54,malikhashir85858@gmail.com,,Variance: sign done,,,
TXN-260831-446,2026-08-31 00:13:22,issue,bom,BS-US-2543,1145,Epoxy Set,-85,Gram,3.8,malikhashir85858@gmail.com,,Variance: sign done,,,
TXN-260831-447,2026-08-31 00:13:22,issue,bom,BS-US-2543,2764,Paint Mixing,-150,Gram,6.04,malikhashir85858@gmail.com,,Variance: sign done,,,
TXN-260831-448,2026-08-31 00:13:22,issue,bom,BS-US-2543,2354,Paint Matt Agent,-70,Gram,5.19,malikhashir85858@gmail.com,,Variance: sign done,,,
TXN-260831-449,2026-08-31 00:13:22,issue,bom,BS-US-2543,2352,Paint Harnder,-70,Gram,5.81,malikhashir85858@gmail.com,,Variance: sign done,,,
TXN-260831-450,2026-08-31 00:13:22,issue,bom,BS-US-2543,2355,Paint Thinner,-55,Gram,1.67,malikhashir85858@gmail.com,,Variance: sign done,,,
TXN-260831-451,2026-08-31 00:19:27,issue,bom,BS-SM-16276,2158,Epoxy Set,-1500,Gram,7.79,malikhashir85858@gmail.com,,Variance: due to 2 shades mixing against one shade is issued,,,
TXN-260831-452,2026-08-31 00:19:27,issue,bom,BS-SM-16276,1145,Epoxy Set,-300,Gram,3.8,malikhashir85858@gmail.com,,Variance: due to 2 shades mixing against one shade is issued,,,
TXN-260831-453,2026-08-31 00:19:27,issue,bom,BS-SM-16276,244,Epoxy Set,-327,Gram,0.54,malikhashir85858@gmail.com,,Variance: due to 2 shades mixing against one shade is issued,,,
TXN-260831-454,2026-08-31 00:19:27,issue,bom,BS-SM-16276,2350,Paint Mixing,-220,Gram,6.44,malikhashir85858@gmail.com,,Variance: due to 2 shades mixing against one shade is issued,,,
TXN-260831-455,2026-08-31 00:19:27,issue,bom,BS-SM-16276,2354,Paint Matt Agent,-110,Gram,5.19,malikhashir85858@gmail.com,,Variance: due to 2 shades mixing against one shade is issued,,,
TXN-260831-456,2026-08-31 00:19:27,issue,bom,BS-SM-16276,2352,Paint Harnder,-110,Gram,5.81,malikhashir85858@gmail.com,,Variance: due to 2 shades mixing against one shade is issued,,,
TXN-260831-457,2026-08-31 00:19:27,issue,bom,BS-SM-16276,2355,Paint Thinner,-100,Gram,1.67,malikhashir85858@gmail.com,,Variance: due to 2 shades mixing against one shade is issued,,,
TXN-260831-458,2026-08-31 00:19:27,issue,bom,BS-SM-16276,937,Miscellaneous,-1,Nos,,malikhashir85858@gmail.com,,Variance: due to 2 shades mixing against one shade is issued,,,
TXN-260831-459,2026-08-31 00:19:27,issue,bom,BS-SM-16276,246,Miscellaneous,-400,Nos,,malikhashir85858@gmail.com,,Variance: due to 2 shades mixing against one shade is issued,,,
TXN-260831-460,2026-08-31 00:26:09,issue,bom,BS-SM-16276,2350,Paint Mixing,-150,Gram,6.44,malikhashir85858@gmail.com,hashir,Variance: due to 2 shades mixing against one shade is issued | Re-issue: due to 2 shades mixing against,PANTONE 1905 C,,
TXN-260831-461,2026-08-31 00:26:09,issue,bom,BS-SM-16276,2245 / 2673,Paint Mixing,-30,Gram,9.75,malikhashir85858@gmail.com,hashir,Variance: due to 2 shades mixing against one shade is issued | Re-issue: due to 2 shades mixing against,PANTONE 1905 C,,
TXN-260831-462,2026-08-31 00:26:09,issue,bom,BS-SM-16276,2699,Paint Mixing,-20,Gram,6.93,malikhashir85858@gmail.com,hashir,Variance: due to 2 shades mixing against one shade is issued | Re-issue: due to 2 shades mixing against,PANTONE 1905 C,,
TXN-260831-463,2026-08-31 00:26:09,issue,bom,BS-SM-16276,2354,Paint Matt Agent,-100,Gram,5.19,malikhashir85858@gmail.com,hashir,Variance: due to 2 shades mixing against one shade is issued | Re-issue: due to 2 shades mixing against,,,
TXN-260831-464,2026-08-31 00:26:09,issue,bom,BS-SM-16276,2352,Paint Harnder,-100,Gram,5.81,malikhashir85858@gmail.com,hashir,Variance: due to 2 shades mixing against one shade is issued | Re-issue: due to 2 shades mixing against,,,
TXN-260831-465,2026-08-31 00:26:09,issue,bom,BS-SM-16276,2355,Paint Thinner,-200,Gram,1.67,malikhashir85858@gmail.com,hashir,Variance: due to 2 shades mixing against one shade is issued | Re-issue: due to 2 shades mixing against,,,
TXN-260831-466,2026-08-31 01:02:08,issue,bom,BS-SM-16480,2158,Epoxy Set,-170,Gram,7.79,malikhashir85858@gmail.com,,Variance: SIGN DONE,,,
TXN-260831-467,2026-08-31 01:02:08,issue,bom,BS-SM-16480,1145,Epoxy Set,-35,Gram,3.8,malikhashir85858@gmail.com,,Variance: SIGN DONE,,,
TXN-260831-468,2026-08-31 01:02:08,issue,bom,BS-SM-16480,244,Epoxy Set,-37,Gram,0.54,malikhashir85858@gmail.com,,Variance: SIGN DONE,,,
TXN-260831-469,2026-08-31 01:02:08,issue,bom,BS-SM-16480,2350,Paint Mixing,-100,Gram,6.44,malikhashir85858@gmail.com,,Variance: SIGN DONE,,,
TXN-260831-470,2026-08-31 01:02:08,issue,bom,BS-SM-16480,2354,Paint Matt Agent,-28,Gram,5.19,malikhashir85858@gmail.com,,Variance: SIGN DONE,,,
TXN-260831-471,2026-08-31 01:02:08,issue,bom,BS-SM-16480,2352,Paint Harnder,-28,Gram,5.81,malikhashir85858@gmail.com,,Variance: SIGN DONE,,,
TXN-260831-472,2026-08-31 01:02:08,issue,bom,BS-SM-16480,2355,Paint Thinner,-25,Gram,1.67,malikhashir85858@gmail.com,,Variance: SIGN DONE,,,
TXN-260831-473,2026-08-31 01:05:01,issue,bom,BS-ET-16470,2158,Epoxy Set,-170,Gram,7.79,malikhashir85858@gmail.com,,Variance: GOLDEN paint so hardner and matt agent not issued,,,
TXN-260831-474,2026-08-31 01:05:01,issue,bom,BS-ET-16470,244,Epoxy Set,-33,Gram,0.54,malikhashir85858@gmail.com,,Variance: GOLDEN paint so hardner and matt agent not issued,,,
TXN-260831-475,2026-08-31 01:05:01,issue,bom,BS-ET-16470,1145,Epoxy Set,-52,Gram,3.8,malikhashir85858@gmail.com,,Variance: GOLDEN paint so hardner and matt agent not issued,,,
TXN-260831-476,2026-08-31 01:05:01,issue,bom,BS-ET-16470,520,Paint Mixing,-100,Gram,7.4,malikhashir85858@gmail.com,,Variance: GOLDEN paint so hardner and matt agent not issued,,,
TXN-260831-477,2026-08-31 01:05:01,issue,bom,BS-ET-16470,2355,Paint Thinner,-80,Gram,1.67,malikhashir85858@gmail.com,,Variance: GOLDEN paint so hardner and matt agent not issued,,,
TXN-260831-478,2026-08-31 01:16:33,issue,bom,BS-ET-16454,2764,Paint Mixing,-70,Gram,6.04,malikhashir85858@gmail.com,,Variance: extra mixing made against this pantone,SW 6990,,
TXN-260831-479,2026-08-31 01:16:33,issue,bom,BS-ET-16454,2350,Paint Mixing,-20,Gram,6.44,malikhashir85858@gmail.com,,Variance: extra mixing made against this pantone,SW 6990,,
TXN-260831-480,2026-08-31 01:16:33,issue,bom,BS-ET-16454,2272,Paint Mixing,-10,Gram,9.04,malikhashir85858@gmail.com,,Variance: extra mixing made against this pantone,SW 6990,,
TXN-260831-481,2026-08-31 01:16:33,issue,bom,BS-ET-16454,2754,Paint Mixing,-10,Gram,7.78,malikhashir85858@gmail.com,,Variance: extra mixing made against this pantone,SW 6990,,
TXN-260831-482,2026-08-31 01:16:33,issue,bom,BS-ET-16454,2354,Paint Matt Agent,-30,Gram,5.19,malikhashir85858@gmail.com,,Variance: extra mixing made against this pantone,,,
TXN-260831-483,2026-08-31 01:16:33,issue,bom,BS-ET-16454,2352,Paint Harnder,-30,Gram,5.81,malikhashir85858@gmail.com,,Variance: extra mixing made against this pantone,,,
TXN-260831-484,2026-08-31 01:16:33,issue,bom,BS-ET-16454,2355,Paint Thinner,-25,Gram,1.67,malikhashir85858@gmail.com,,Variance: extra mixing made against this pantone,,,
TXN-260831-485,2026-08-31 01:18:55,receipt,,,2195,Paint Matt Agent,900,Gram,4.86,malikhashir85858@gmail.com,,,,,2916
TXN-260831-486,2026-08-31 01:20:11,receipt,,,2404,Paint Thinner,4500,Gram,2.11,malikhashir85858@gmail.com,,,,,2917
TXN-260831-487,2026-08-31 01:26:57,receipt,,,727,Paint Harnder,1800,Gram,3.2,malikhashir85858@gmail.com,,,,,2921
TXN-260831-488,2026-08-31 01:26:57,receipt,,,2352,Paint Harnder,1800,Gram,5.81,malikhashir85858@gmail.com,,,,,2921
TXN-260831-489,2026-08-31 01:26:57,receipt,,,2195,Paint Matt Agent,1800,Gram,4.86,malikhashir85858@gmail.com,,,,,2921
TXN-260831-490,2026-08-31 01:26:57,receipt,,,124,Paint Mixing,1800,Gram,,malikhashir85858@gmail.com,,,,,2921
TXN-260831-491,2026-08-31 01:26:57,receipt,,,246,Miscellaneous,3000,Nos,,malikhashir85858@gmail.com,,,,,2921
TXN-260831-492,2026-08-31 01:26:57,receipt,,,804,Paint Thinner,2700,Gram,0.56,malikhashir85858@gmail.com,,,,,2921
TXN-260831-493,2026-08-31 01:26:57,receipt,,,2525,Paint Mixing,900,Gram,1.97,malikhashir85858@gmail.com,,,,,2921
TXN-260831-494,2026-08-31 01:26:57,receipt,,,56,Miscellaneous,2,Nos,,malikhashir85858@gmail.com,,,,,2921
TXN-260831-495,2026-08-31 01:26:57,receipt,,,239,Miscellaneous,10,Nos,,malikhashir85858@gmail.com,,,,,2921
TXN-260831-496,2026-08-31 01:26:57,receipt,,,285,Miscellaneous,15,Nos,,malikhashir85858@gmail.com,,,,,2921
TXN-260831-497,2026-08-31 01:26:57,receipt,,,1053,Miscellaneous,9,Nos,,malikhashir85858@gmail.com,,,,,2921
TXN-260831-498,2026-08-31 01:26:57,receipt,,,428,Miscellaneous,2,Nos,,malikhashir85858@gmail.com,,,,,2921
TXN-260831-499,2026-08-31 01:26:57,receipt,,,937,Miscellaneous,30,Nos,,malikhashir85858@gmail.com,,,,,2921
TXN-260831-500,2026-08-31 01:26:57,receipt,,,2254,Miscellaneous,1800,Nos,,malikhashir85858@gmail.com,,,,,2921
TXN-260831-501,2026-08-31 02:44:26,issue,bom,BS-US-500073 A,2158,Epoxy Set,-2000,Gram,7.79,malikhashir85858@gmail.com,,Variance: satin sign metallic color so lacker hardner and thinner extra used,,,
TXN-260831-502,2026-08-31 02:44:26,issue,bom,BS-US-500073 A,1145,Epoxy Set,-130,Gram,3.8,malikhashir85858@gmail.com,,Variance: satin sign metallic color so lacker hardner and thinner extra used,,,
TXN-260831-503,2026-08-31 02:44:26,issue,bom,BS-US-500073 A,520,Paint Mixing,-900,Gram,7.4,malikhashir85858@gmail.com,,Variance: satin sign metallic color so lacker hardner and thinner extra used,,,
TXN-260831-504,2026-08-31 02:44:26,issue,bom,BS-US-500073 A,727,Paint Harnder,-200,Gram,3.2,malikhashir85858@gmail.com,,Variance: satin sign metallic color so lacker hardner and thinner extra used,,,
TXN-260831-505,2026-08-31 02:44:26,issue,bom,BS-US-500073 A,2352,Paint Harnder,-200,Gram,5.81,malikhashir85858@gmail.com,,Variance: satin sign metallic color so lacker hardner and thinner extra used,,,
TXN-260831-506,2026-08-31 02:44:26,issue,bom,BS-US-500073 A,2195,Paint Matt Agent,-60,Gram,4.86,malikhashir85858@gmail.com,,Variance: satin sign metallic color so lacker hardner and thinner extra used,,,
TXN-260831-507,2026-08-31 02:44:26,issue,bom,BS-US-500073 A,2404,Paint Thinner,-500,Gram,2.11,malikhashir85858@gmail.com,,Variance: satin sign metallic color so lacker hardner and thinner extra used,,,
TXN-260831-508,2026-08-31 02:44:26,issue,bom,BS-US-500073 A,285,Miscellaneous,-3,Nos,,malikhashir85858@gmail.com,,Variance: satin sign metallic color so lacker hardner and thinner extra used,,,
TXN-260831-509,2026-08-31 02:44:26,issue,bom,BS-US-500073 A,246,Miscellaneous,-500,Nos,,malikhashir85858@gmail.com,,Variance: satin sign metallic color so lacker hardner and thinner extra used,,,
TXN-260831-510,2026-08-31 02:46:14,receipt,,,520,Paint Mixing,4300,Gram,7.4,malikhashir85858@gmail.com,,,,,
TXN-260831-511,2026-08-31 02:50:49,issue,bom,BS-US-500073 B,520,Paint Mixing,-2000,Gram,7.4,malikhashir85858@gmail.com,,Variance: satin sign and metalaic color so hardner and lacker extra used,,,
TXN-260831-512,2026-08-31 02:50:49,issue,bom,BS-US-500073 B,727,Paint Harnder,-1000,Gram,3.2,malikhashir85858@gmail.com,,Variance: satin sign and metalaic color so hardner and lacker extra used,,,
TXN-260831-513,2026-08-31 02:50:49,issue,bom,BS-US-500073 B,2352,Paint Harnder,-500,Gram,5.81,malikhashir85858@gmail.com,,Variance: satin sign and metalaic color so hardner and lacker extra used,,,
TXN-260831-514,2026-08-31 02:50:49,issue,bom,BS-US-500073 B,2195,Paint Matt Agent,-300,Gram,4.86,malikhashir85858@gmail.com,,Variance: satin sign and metalaic color so hardner and lacker extra used,,,
TXN-260831-515,2026-08-31 02:50:49,issue,bom,BS-US-500073 B,2404,Paint Thinner,-1200,Gram,2.11,malikhashir85858@gmail.com,,Variance: satin sign and metalaic color so hardner and lacker extra used,,,
TXN-260831-516,2026-08-31 02:50:49,issue,bom,BS-US-500073 B,246,Miscellaneous,-500,Nos,,malikhashir85858@gmail.com,,Variance: satin sign and metalaic color so hardner and lacker extra used,,,
TXN-260831-517,2026-08-31 02:56:32,issue,bom,BS-US-500073 C,520,Paint Mixing,-1500,Gram,7.4,malikhashir85858@gmail.com,,Variance: satin sign and metalaic color so hardner and lacker extra used,,,
TXN-260831-518,2026-08-31 02:56:32,issue,bom,BS-US-500073 C,727,Paint Harnder,-700,Gram,3.2,malikhashir85858@gmail.com,,Variance: satin sign and metalaic color so hardner and lacker extra used,,,
TXN-260831-519,2026-08-31 02:56:32,issue,bom,BS-US-500073 C,2352,Paint Harnder,-350,Gram,5.81,malikhashir85858@gmail.com,,Variance: satin sign and metalaic color so hardner and lacker extra used,,,
TXN-260831-520,2026-08-31 02:56:32,issue,bom,BS-US-500073 C,2195,Paint Matt Agent,-450,Gram,4.86,malikhashir85858@gmail.com,,Variance: satin sign and metalaic color so hardner and lacker extra used,,,
TXN-260831-521,2026-08-31 02:56:32,issue,bom,BS-US-500073 C,2404,Paint Thinner,-1200,Gram,2.11,malikhashir85858@gmail.com,,Variance: satin sign and metalaic color so hardner and lacker extra used,,,
TXN-260831-522,2026-08-31 02:56:32,issue,bom,BS-US-500073 C,246,Miscellaneous,-300,Nos,,malikhashir85858@gmail.com,,Variance: satin sign and metalaic color so hardner and lacker extra used,,,
TXN-260831-523,2026-08-31 03:11:05,issue,bom,BS-US-500073 D,2350,Paint Mixing,-1000,Gram,6.44,malikhashir85858@gmail.com,,Variance: satin sign so for metalic color hardner ar thinner extra used,,,
TXN-260831-524,2026-08-31 03:11:05,issue,bom,BS-US-500073 D,520,Paint Mixing,-1000,Gram,7.4,malikhashir85858@gmail.com,,Variance: satin sign so for metalic color hardner ar thinner extra used,,,
TXN-260831-525,2026-08-31 03:11:05,issue,bom,BS-US-500073 D,727,Paint Harnder,-1000,Gram,3.2,malikhashir85858@gmail.com,,Variance: satin sign so for metalic color hardner ar thinner extra used,,,
TXN-260831-526,2026-08-31 03:11:05,issue,bom,BS-US-500073 D,2195,Paint Matt Agent,-600,Gram,4.86,malikhashir85858@gmail.com,,Variance: satin sign so for metalic color hardner ar thinner extra used,,,
TXN-260831-527,2026-08-31 03:11:05,issue,bom,BS-US-500073 D,2404,Paint Thinner,-1000,Gram,2.11,malikhashir85858@gmail.com,,Variance: satin sign so for metalic color hardner ar thinner extra used,,,
TXN-260831-528,2026-08-31 03:11:05,issue,bom,BS-US-500073 D,2247,Paint Binder,-228,Gram,7.41,malikhashir85858@gmail.com,,Variance: satin sign so for metalic color hardner ar thinner extra used,,,
TXN-260831-529,2026-08-31 03:11:05,issue,bom,BS-US-500073 D,246,Miscellaneous,-500,Nos,,malikhashir85858@gmail.com,,Variance: satin sign so for metalic color hardner ar thinner extra used,,,
TXN-260831-530,2026-08-31 04:24:32,issue,bom,BS-US-500073 E,520,Paint Mixing,-1500,Gram,7.4,malikhashir85858@gmail.com,,Variance: satin sign so for metalic color hardner ar thinner extra used,,,
TXN-260831-531,2026-08-31 04:24:32,issue,bom,BS-US-500073 E,2352,Paint Harnder,-900,Gram,5.81,malikhashir85858@gmail.com,,Variance: satin sign so for metalic color hardner ar thinner extra used,,,
TXN-260831-532,2026-08-31 04:24:32,issue,bom,BS-US-500073 E,727,Paint Harnder,-875,Gram,3.2,malikhashir85858@gmail.com,,Variance: satin sign so for metalic color hardner ar thinner extra used,,,
TXN-260831-533,2026-08-31 04:24:32,issue,bom,BS-US-500073 E,2354,Paint Matt Agent,-700,Gram,5.19,malikhashir85858@gmail.com,,Variance: satin sign so for metalic color hardner ar thinner extra used,,,
TXN-260831-534,2026-08-31 04:24:32,issue,bom,BS-US-500073 E,2404,Paint Thinner,-600,Gram,2.11,malikhashir85858@gmail.com,,Variance: satin sign so for metalic color hardner ar thinner extra used,,,
TXN-260831-535,2026-08-31 04:24:32,issue,bom,BS-US-500073 E,2247,Paint Binder,-45,Gram,7.41,malikhashir85858@gmail.com,,Variance: satin sign so for metalic color hardner ar thinner extra used,,,
TXN-260831-536,2026-08-31 04:24:32,issue,bom,BS-US-500073 E,2254,Miscellaneous,-700,Nos,,malikhashir85858@gmail.com,,Variance: satin sign so for metalic color hardner ar thinner extra used,,,
TXN-260831-537,2026-08-31 04:24:32,issue,bom,BS-US-500073 E,246,Miscellaneous,-500,Nos,,malikhashir85858@gmail.com,,Variance: satin sign so for metalic color hardner ar thinner extra used,,,
TXN-260831-538,2026-08-31 04:36:30,issue,bom,BS-US-2506 B,2764,Paint Mixing,-700,Gram,6.04,malikhashir85858@gmail.com,,Variance: satin black sign,,,
TXN-260831-539,2026-08-31 04:36:30,issue,bom,BS-US-2506 B,2352,Paint Harnder,-275,Gram,5.81,malikhashir85858@gmail.com,,Variance: satin black sign,,,
TXN-260831-540,2026-08-31 04:36:30,issue,bom,BS-US-2506 B,2355,Paint Thinner,-200,Gram,1.67,malikhashir85858@gmail.com,,Variance: satin black sign,,,
TXN-260831-541,2026-08-31 04:36:30,issue,bom,BS-US-2506 B,2247,Paint Binder,-125,Gram,7.41,malikhashir85858@gmail.com,,Variance: satin black sign,,,
TXN-260831-542,2026-08-31 04:36:30,issue,bom,BS-US-2506 B,937,Miscellaneous,-12,Nos,,malikhashir85858@gmail.com,,Variance: satin black sign,,,
TXN-260831-543,2026-08-31 04:36:30,issue,bom,BS-US-2506 B,246,Miscellaneous,-500,Nos,,malikhashir85858@gmail.com,,Variance: satin black sign,,,
TXN-260901-544,2026-08-31 22:20:59,receipt,,,2241,Paint Mixing,900,Gram,9.04,malikhashir85858@gmail.com,,,,,2923
TXN-260901-545,2026-08-31 22:20:59,receipt,,,2352,Paint Harnder,1800,Gram,5.81,malikhashir85858@gmail.com,,,,,2923
TXN-260901-546,2026-08-31 22:20:59,receipt,,,2354,Paint Matt Agent,900,Gram,5.19,malikhashir85858@gmail.com,,,,,2923
TXN-260901-547,2026-08-31 22:20:59,receipt,,,2404,Paint Thinner,4500,Gram,2.11,malikhashir85858@gmail.com,,,,,2923
TXN-260901-548,2026-08-31 22:24:39,issue,bom,BS-ET-16514,2158,Epoxy Set,-170,Gram,7.79,malikhashir85858@gmail.com,,Variance: sign done\,,,
TXN-260901-549,2026-08-31 22:24:39,issue,bom,BS-ET-16514,1145,Epoxy Set,-35,Gram,3.8,malikhashir85858@gmail.com,,Variance: sign done\,,,
TXN-260901-550,2026-08-31 22:24:39,issue,bom,BS-ET-16514,244,Epoxy Set,-35,Gram,0.54,malikhashir85858@gmail.com,,Variance: sign done\,,,
TXN-260901-551,2026-08-31 22:24:39,issue,bom,BS-ET-16514,2764,Paint Mixing,-57,Gram,6.04,malikhashir85858@gmail.com,,Variance: sign done\,,,
TXN-260901-552,2026-08-31 22:24:39,issue,bom,BS-ET-16514,2354,Paint Matt Agent,-28,Gram,5.19,malikhashir85858@gmail.com,,Variance: sign done\,,,
TXN-260901-553,2026-08-31 22:24:39,issue,bom,BS-ET-16514,2352,Paint Harnder,-28,Gram,5.81,malikhashir85858@gmail.com,,Variance: sign done\,,,
TXN-260901-554,2026-08-31 22:24:39,issue,bom,BS-ET-16514,2355,Paint Thinner,-25,Gram,1.67,malikhashir85858@gmail.com,,Variance: sign done\,,,
TXN-260901-555,2026-08-31 22:24:39,issue,bom,BS-ET-16514,937,Miscellaneous,-2,Nos,,malikhashir85858@gmail.com,,Variance: sign done\,,,
TXN-260901-556,2026-08-31 22:28:35,issue,bom,BS-SM-16430,2158,Epoxy Set,-300,Gram,7.79,malikhashir85858@gmail.com,,Variance: sign done,,,
TXN-260901-557,2026-08-31 22:28:35,issue,bom,BS-SM-16430,1145,Epoxy Set,-60,Gram,3.8,malikhashir85858@gmail.com,,Variance: sign done,,,
TXN-260901-558,2026-08-31 22:28:35,issue,bom,BS-SM-16430,244,Epoxy Set,-60,Gram,0.54,malikhashir85858@gmail.com,,Variance: sign done,,,
TXN-260901-559,2026-08-31 22:28:35,issue,bom,BS-SM-16430,2350,Paint Mixing,-80,Gram,6.44,malikhashir85858@gmail.com,,Variance: sign done,PANTONE 427 C,,
TXN-260901-560,2026-08-31 22:28:35,issue,bom,BS-SM-16430,2272,Paint Mixing,-2,Gram,9.04,malikhashir85858@gmail.com,,Variance: sign done,PANTONE 427 C,,
TXN-260901-561,2026-08-31 22:28:35,issue,bom,BS-SM-16430,2271,Paint Mixing,-2,Gram,9.04,malikhashir85858@gmail.com,,Variance: sign done,PANTONE 427 C,,
TXN-260901-562,2026-08-31 22:28:35,issue,bom,BS-SM-16430,2764,Paint Mixing,-2,Gram,6.04,malikhashir85858@gmail.com,,Variance: sign done,PANTONE 427 C,,
TXN-260901-563,2026-08-31 22:28:35,issue,bom,BS-SM-16430,2354,Paint Matt Agent,-48,Gram,5.19,malikhashir85858@gmail.com,,Variance: sign done,,,
TXN-260901-564,2026-08-31 22:28:35,issue,bom,BS-SM-16430,2352,Paint Harnder,-48,Gram,5.81,malikhashir85858@gmail.com,,Variance: sign done,,,
TXN-260901-565,2026-08-31 22:28:35,issue,bom,BS-SM-16430,2355,Paint Thinner,-40,Gram,1.67,malikhashir85858@gmail.com,,Variance: sign done,,,
TXN-260901-566,2026-08-31 22:28:35,issue,bom,BS-SM-16430,937,Miscellaneous,-2,Nos,,malikhashir85858@gmail.com,,Variance: sign done,,,
TXN-260901-567,2026-08-31 22:36:23,issue,rework,BS-ET-16320-(Bulk),2350,Paint Mixing,-300,Gram,6.44,malikhashir85858@gmail.com,hashir,Repaint: uv printed mistake,,,
TXN-260901-568,2026-08-31 22:36:23,issue,rework,BS-ET-16320-(Bulk),2354,Paint Matt Agent,-150,Gram,5.19,malikhashir85858@gmail.com,hashir,Repaint: uv printed mistake,,,
TXN-260901-569,2026-08-31 22:36:23,issue,rework,BS-ET-16320-(Bulk),2352,Paint Harnder,-150,Gram,5.81,malikhashir85858@gmail.com,hashir,Repaint: uv printed mistake,,,
TXN-260901-570,2026-08-31 22:36:23,issue,rework,BS-ET-16320-(Bulk),2355,Paint Thinner,-130,Gram,1.67,malikhashir85858@gmail.com,hashir,Repaint: uv printed mistake,,,
TXN-260901-571,2026-08-31 22:36:23,issue,rework,BS-ET-16320-(Bulk),937,Miscellaneous,-2,Nos,,malikhashir85858@gmail.com,hashir,Repaint: uv printed mistake,,,
TXN-260901-572,2026-08-31 22:59:03,issue,bom,BS-LHET-355-A,2764,Paint Mixing,-80,Gram,6.04,malikhashir85858@gmail.com,,Variance: sign done,,BATCH-260901-105903 (BS-LHET-355-A + BS-LHET-355-B + BS-LHET-355-C + BS-LHET-355-D + BS-LHET-355-E + BS-LHET-355-F),
TXN-260901-573,2026-08-31 22:59:03,issue,bom,BS-LHET-355-B,2764,Paint Mixing,-80,Gram,6.04,malikhashir85858@gmail.com,,Variance: sign done,,BATCH-260901-105903 (BS-LHET-355-A + BS-LHET-355-B + BS-LHET-355-C + BS-LHET-355-D + BS-LHET-355-E + BS-LHET-355-F),
TXN-260901-574,2026-08-31 22:59:03,issue,bom,BS-LHET-355-C,2764,Paint Mixing,-80,Gram,6.04,malikhashir85858@gmail.com,,Variance: sign done,,BATCH-260901-105903 (BS-LHET-355-A + BS-LHET-355-B + BS-LHET-355-C + BS-LHET-355-D + BS-LHET-355-E + BS-LHET-355-F),
TXN-260901-575,2026-08-31 22:59:03,issue,bom,BS-LHET-355-D,2764,Paint Mixing,-80,Gram,6.04,malikhashir85858@gmail.com,,Variance: sign done,,BATCH-260901-105903 (BS-LHET-355-A + BS-LHET-355-B + BS-LHET-355-C + BS-LHET-355-D + BS-LHET-355-E + BS-LHET-355-F),
TXN-260901-576,2026-08-31 22:59:03,issue,bom,BS-LHET-355-E,2764,Paint Mixing,-80,Gram,6.04,malikhashir85858@gmail.com,,Variance: sign done,,BATCH-260901-105903 (BS-LHET-355-A + BS-LHET-355-B + BS-LHET-355-C + BS-LHET-355-D + BS-LHET-355-E + BS-LHET-355-F),
TXN-260901-577,2026-08-31 22:59:03,issue,bom,BS-LHET-355-F,2764,Paint Mixing,-80,Gram,6.04,malikhashir85858@gmail.com,,Variance: sign done,,BATCH-260901-105903 (BS-LHET-355-A + BS-LHET-355-B + BS-LHET-355-C + BS-LHET-355-D + BS-LHET-355-E + BS-LHET-355-F),
TXN-260901-578,2026-08-31 22:59:03,issue,bom,BS-LHET-355-A,2354,Paint Matt Agent,-41.67,Gram,5.19,malikhashir85858@gmail.com,,Variance: sign done,,BATCH-260901-105903 (BS-LHET-355-A + BS-LHET-355-B + BS-LHET-355-C + BS-LHET-355-D + BS-LHET-355-E + BS-LHET-355-F),
TXN-260901-579,2026-08-31 22:59:03,issue,bom,BS-LHET-355-B,2354,Paint Matt Agent,-41.67,Gram,5.19,malikhashir85858@gmail.com,,Variance: sign done,,BATCH-260901-105903 (BS-LHET-355-A + BS-LHET-355-B + BS-LHET-355-C + BS-LHET-355-D + BS-LHET-355-E + BS-LHET-355-F),
TXN-260901-580,2026-08-31 22:59:03,issue,bom,BS-LHET-355-C,2354,Paint Matt Agent,-41.67,Gram,5.19,malikhashir85858@gmail.com,,Variance: sign done,,BATCH-260901-105903 (BS-LHET-355-A + BS-LHET-355-B + BS-LHET-355-C + BS-LHET-355-D + BS-LHET-355-E + BS-LHET-355-F),
TXN-260901-581,2026-08-31 22:59:03,issue,bom,BS-LHET-355-D,2354,Paint Matt Agent,-41.67,Gram,5.19,malikhashir85858@gmail.com,,Variance: sign done,,BATCH-260901-105903 (BS-LHET-355-A + BS-LHET-355-B + BS-LHET-355-C + BS-LHET-355-D + BS-LHET-355-E + BS-LHET-355-F),
TXN-260901-582,2026-08-31 22:59:03,issue,bom,BS-LHET-355-E,2354,Paint Matt Agent,-41.67,Gram,5.19,malikhashir85858@gmail.com,,Variance: sign done,,BATCH-260901-105903 (BS-LHET-355-A + BS-LHET-355-B + BS-LHET-355-C + BS-LHET-355-D + BS-LHET-355-E + BS-LHET-355-F),
TXN-260901-583,2026-08-31 22:59:03,issue,bom,BS-LHET-355-F,2354,Paint Matt Agent,-41.65,Gram,5.19,malikhashir85858@gmail.com,,Variance: sign done,,BATCH-260901-105903 (BS-LHET-355-A + BS-LHET-355-B + BS-LHET-355-C + BS-LHET-355-D + BS-LHET-355-E + BS-LHET-355-F),
TXN-260901-584,2026-08-31 22:59:03,issue,bom,BS-LHET-355-A,2352,Paint Harnder,-40,Gram,5.81,malikhashir85858@gmail.com,,Variance: sign done,,BATCH-260901-105903 (BS-LHET-355-A + BS-LHET-355-B + BS-LHET-355-C + BS-LHET-355-D + BS-LHET-355-E + BS-LHET-355-F),
TXN-260901-585,2026-08-31 22:59:03,issue,bom,BS-LHET-355-B,2352,Paint Harnder,-40,Gram,5.81,malikhashir85858@gmail.com,,Variance: sign done,,BATCH-260901-105903 (BS-LHET-355-A + BS-LHET-355-B + BS-LHET-355-C + BS-LHET-355-D + BS-LHET-355-E + BS-LHET-355-F),
TXN-260901-586,2026-08-31 22:59:03,issue,bom,BS-LHET-355-C,2352,Paint Harnder,-40,Gram,5.81,malikhashir85858@gmail.com,,Variance: sign done,,BATCH-260901-105903 (BS-LHET-355-A + BS-LHET-355-B + BS-LHET-355-C + BS-LHET-355-D + BS-LHET-355-E + BS-LHET-355-F),
TXN-260901-587,2026-08-31 22:59:03,issue,bom,BS-LHET-355-D,2352,Paint Harnder,-40,Gram,5.81,malikhashir85858@gmail.com,,Variance: sign done,,BATCH-260901-105903 (BS-LHET-355-A + BS-LHET-355-B + BS-LHET-355-C + BS-LHET-355-D + BS-LHET-355-E + BS-LHET-355-F),
TXN-260901-588,2026-08-31 22:59:03,issue,bom,BS-LHET-355-E,2352,Paint Harnder,-40,Gram,5.81,malikhashir85858@gmail.com,,Variance: sign done,,BATCH-260901-105903 (BS-LHET-355-A + BS-LHET-355-B + BS-LHET-355-C + BS-LHET-355-D + BS-LHET-355-E + BS-LHET-355-F),
TXN-260901-589,2026-08-31 22:59:03,issue,bom,BS-LHET-355-F,2352,Paint Harnder,-40,Gram,5.81,malikhashir85858@gmail.com,,Variance: sign done,,BATCH-260901-105903 (BS-LHET-355-A + BS-LHET-355-B + BS-LHET-355-C + BS-LHET-355-D + BS-LHET-355-E + BS-LHET-355-F),
TXN-260901-590,2026-08-31 22:59:03,issue,bom,BS-LHET-355-A,2355,Paint Thinner,-25,Gram,1.67,malikhashir85858@gmail.com,,Variance: sign done,,BATCH-260901-105903 (BS-LHET-355-A + BS-LHET-355-B + BS-LHET-355-C + BS-LHET-355-D + BS-LHET-355-E + BS-LHET-355-F),
TXN-260901-591,2026-08-31 22:59:03,issue,bom,BS-LHET-355-B,2355,Paint Thinner,-25,Gram,1.67,malikhashir85858@gmail.com,,Variance: sign done,,BATCH-260901-105903 (BS-LHET-355-A + BS-LHET-355-B + BS-LHET-355-C + BS-LHET-355-D + BS-LHET-355-E + BS-LHET-355-F),
TXN-260901-592,2026-08-31 22:59:03,issue,bom,BS-LHET-355-C,2355,Paint Thinner,-25,Gram,1.67,malikhashir85858@gmail.com,,Variance: sign done,,BATCH-260901-105903 (BS-LHET-355-A + BS-LHET-355-B + BS-LHET-355-C + BS-LHET-355-D + BS-LHET-355-E + BS-LHET-355-F),
TXN-260901-593,2026-08-31 22:59:03,issue,bom,BS-LHET-355-D,2355,Paint Thinner,-25,Gram,1.67,malikhashir85858@gmail.com,,Variance: sign done,,BATCH-260901-105903 (BS-LHET-355-A + BS-LHET-355-B + BS-LHET-355-C + BS-LHET-355-D + BS-LHET-355-E + BS-LHET-355-F),
TXN-260901-594,2026-08-31 22:59:03,issue,bom,BS-LHET-355-E,2355,Paint Thinner,-25,Gram,1.67,malikhashir85858@gmail.com,,Variance: sign done,,BATCH-260901-105903 (BS-LHET-355-A + BS-LHET-355-B + BS-LHET-355-C + BS-LHET-355-D + BS-LHET-355-E + BS-LHET-355-F),
TXN-260901-595,2026-08-31 22:59:03,issue,bom,BS-LHET-355-F,2355,Paint Thinner,-25,Gram,1.67,malikhashir85858@gmail.com,,Variance: sign done,,BATCH-260901-105903 (BS-LHET-355-A + BS-LHET-355-B + BS-LHET-355-C + BS-LHET-355-D + BS-LHET-355-E + BS-LHET-355-F),
TXN-260901-596,2026-08-31 22:59:03,issue,bom,BS-LHET-355-A,937,Miscellaneous,-0.83,Nos,,malikhashir85858@gmail.com,,Variance: sign done,,BATCH-260901-105903 (BS-LHET-355-A + BS-LHET-355-B + BS-LHET-355-C + BS-LHET-355-D + BS-LHET-355-E + BS-LHET-355-F),
TXN-260901-597,2026-08-31 22:59:03,issue,bom,BS-LHET-355-B,937,Miscellaneous,-0.83,Nos,,malikhashir85858@gmail.com,,Variance: sign done,,BATCH-260901-105903 (BS-LHET-355-A + BS-LHET-355-B + BS-LHET-355-C + BS-LHET-355-D + BS-LHET-355-E + BS-LHET-355-F),
TXN-260901-598,2026-08-31 22:59:03,issue,bom,BS-LHET-355-C,937,Miscellaneous,-0.83,Nos,,malikhashir85858@gmail.com,,Variance: sign done,,BATCH-260901-105903 (BS-LHET-355-A + BS-LHET-355-B + BS-LHET-355-C + BS-LHET-355-D + BS-LHET-355-E + BS-LHET-355-F),
TXN-260901-599,2026-08-31 22:59:03,issue,bom,BS-LHET-355-D,937,Miscellaneous,-0.83,Nos,,malikhashir85858@gmail.com,,Variance: sign done,,BATCH-260901-105903 (BS-LHET-355-A + BS-LHET-355-B + BS-LHET-355-C + BS-LHET-355-D + BS-LHET-355-E + BS-LHET-355-F),
TXN-260901-600,2026-08-31 22:59:03,issue,bom,BS-LHET-355-E,937,Miscellaneous,-0.83,Nos,,malikhashir85858@gmail.com,,Variance: sign done,,BATCH-260901-105903 (BS-LHET-355-A + BS-LHET-355-B + BS-LHET-355-C + BS-LHET-355-D + BS-LHET-355-E + BS-LHET-355-F),
TXN-260901-601,2026-08-31 22:59:03,issue,bom,BS-LHET-355-F,937,Miscellaneous,-0.85,Nos,,malikhashir85858@gmail.com,,Variance: sign done,,BATCH-260901-105903 (BS-LHET-355-A + BS-LHET-355-B + BS-LHET-355-C + BS-LHET-355-D + BS-LHET-355-E + BS-LHET-355-F),
TXN-260901-602,2026-08-31 23:26:14,issue,bom,BS-QS-16522,2350,Paint Mixing,-17,Gram,6.44,malikhashir85858@gmail.com,,Variance: 2 SHADES OF SIGN SO MIXING AGAINST 1 PANTONE 349C IS ISSUED,PANTONE 349 C,,
TXN-260901-603,2026-08-31 23:26:14,issue,bom,BS-QS-16522,2764,Paint Mixing,-11,Gram,6.04,malikhashir85858@gmail.com,,Variance: 2 SHADES OF SIGN SO MIXING AGAINST 1 PANTONE 349C IS ISSUED,PANTONE 349 C,,
TXN-260901-604,2026-08-31 23:26:14,issue,bom,BS-QS-16522,2271,Paint Mixing,-41,Gram,9.04,malikhashir85858@gmail.com,,Variance: 2 SHADES OF SIGN SO MIXING AGAINST 1 PANTONE 349C IS ISSUED,PANTONE 349 C,,
TXN-260901-605,2026-08-31 23:26:14,issue,bom,BS-QS-16522,2257,Paint Mixing,-2,Gram,9.2,malikhashir85858@gmail.com,,Variance: 2 SHADES OF SIGN SO MIXING AGAINST 1 PANTONE 349C IS ISSUED,PANTONE 349 C,,
TXN-260901-606,2026-08-31 23:26:14,issue,bom,BS-QS-16522,2253,Paint Mixing,-15,Gram,9.04,malikhashir85858@gmail.com,,Variance: 2 SHADES OF SIGN SO MIXING AGAINST 1 PANTONE 349C IS ISSUED,PANTONE 349 C,,
TXN-260901-607,2026-08-31 23:26:14,issue,bom,BS-QS-16522,2354,Paint Matt Agent,-45,Gram,5.19,malikhashir85858@gmail.com,,Variance: 2 SHADES OF SIGN SO MIXING AGAINST 1 PANTONE 349C IS ISSUED,,,
TXN-260901-608,2026-08-31 23:26:14,issue,bom,BS-QS-16522,2352,Paint Harnder,-45,Gram,5.81,malikhashir85858@gmail.com,,Variance: 2 SHADES OF SIGN SO MIXING AGAINST 1 PANTONE 349C IS ISSUED,,,
TXN-260901-609,2026-08-31 23:26:14,issue,bom,BS-QS-16522,2355,Paint Thinner,-36,Gram,1.67,malikhashir85858@gmail.com,,Variance: 2 SHADES OF SIGN SO MIXING AGAINST 1 PANTONE 349C IS ISSUED,,,
TXN-260901-610,2026-08-31 23:26:34,issue,bom,BS-QS-16522,2350,Paint Mixing,-17,Gram,6.44,malikhashir85858@gmail.com,,Variance: 2 SHADES OF SIGN SO MIXING AGAINST 1 PANTONE 349C IS ISSUED,PANTONE 349 C,,
TXN-260901-611,2026-08-31 23:26:34,issue,bom,BS-QS-16522,2764,Paint Mixing,-11,Gram,6.04,malikhashir85858@gmail.com,,Variance: 2 SHADES OF SIGN SO MIXING AGAINST 1 PANTONE 349C IS ISSUED,PANTONE 349 C,,
TXN-260901-612,2026-08-31 23:26:34,issue,bom,BS-QS-16522,2271,Paint Mixing,-41,Gram,9.04,malikhashir85858@gmail.com,,Variance: 2 SHADES OF SIGN SO MIXING AGAINST 1 PANTONE 349C IS ISSUED,PANTONE 349 C,,
TXN-260901-613,2026-08-31 23:26:34,issue,bom,BS-QS-16522,2257,Paint Mixing,-2,Gram,9.2,malikhashir85858@gmail.com,,Variance: 2 SHADES OF SIGN SO MIXING AGAINST 1 PANTONE 349C IS ISSUED,PANTONE 349 C,,
TXN-260901-614,2026-08-31 23:26:34,issue,bom,BS-QS-16522,2253,Paint Mixing,-15,Gram,9.04,malikhashir85858@gmail.com,,Variance: 2 SHADES OF SIGN SO MIXING AGAINST 1 PANTONE 349C IS ISSUED,PANTONE 349 C,,
TXN-260901-615,2026-08-31 23:26:34,issue,bom,BS-QS-16522,2354,Paint Matt Agent,-45,Gram,5.19,malikhashir85858@gmail.com,,Variance: 2 SHADES OF SIGN SO MIXING AGAINST 1 PANTONE 349C IS ISSUED,,,
TXN-260901-616,2026-08-31 23:26:34,issue,bom,BS-QS-16522,2352,Paint Harnder,-45,Gram,5.81,malikhashir85858@gmail.com,,Variance: 2 SHADES OF SIGN SO MIXING AGAINST 1 PANTONE 349C IS ISSUED,,,
TXN-260901-617,2026-08-31 23:26:34,issue,bom,BS-QS-16522,2355,Paint Thinner,-36,Gram,1.67,malikhashir85858@gmail.com,,Variance: 2 SHADES OF SIGN SO MIXING AGAINST 1 PANTONE 349C IS ISSUED,,,
TXN-260901-618,2026-08-31 23:42:24,receipt,,,937,Miscellaneous,10,Nos,,malikhashir85858@gmail.com,,,,,2929
TXN-260901-619,2026-08-31 23:42:24,receipt,,,428,Miscellaneous,18,Nos,,malikhashir85858@gmail.com,,,,,2929
TXN-260901-620,2026-08-31 23:42:24,receipt,,,2352,Paint Harnder,900,Gram,5.81,malikhashir85858@gmail.com,,,,,2929
TXN-260901-621,2026-08-31 23:42:24,receipt,,,56,Miscellaneous,3,Nos,,malikhashir85858@gmail.com,,,,,2929
TXN-260901-622,2026-08-31 23:42:24,receipt,,,388,Miscellaneous,2,Nos,,malikhashir85858@gmail.com,,,,,2929
TXN-260901-623,2026-08-31 23:42:24,receipt,,,285,Miscellaneous,6,Nos,,malikhashir85858@gmail.com,,,,,2929
TXN-260901-624,2026-08-31 23:42:24,receipt,,,239,Miscellaneous,7,Nos,,malikhashir85858@gmail.com,,,,,2929
TXN-260901-625,2026-08-31 23:42:24,receipt,,,1490,Miscellaneous,10,Nos,,malikhashir85858@gmail.com,,,,,2929
TXN-260901-626,2026-08-31 23:42:24,receipt,,,1073,Epoxy Set,900,Gram,,malikhashir85858@gmail.com,,,,,2929
TXN-260901-627,2026-08-31 23:42:24,receipt,,,435,Miscellaneous,5,Nos,,malikhashir85858@gmail.com,,,,,2929
TXN-260901-628,2026-09-01 02:36:05,receipt,,,937,Miscellaneous,1,Nos,,malikhashir85858@gmail.com,,,,,Disposable Glass 450ml
TXN-260901-629,2026-09-01 05:10:20,issue,bom,BS-SM-16512,2350,Paint Mixing,-74,Gram,6.44,malikhashir85858@gmail.com,,Variance: DUE TO 2 SHADES,PANTONE 4292 C,,
TXN-260901-630,2026-09-01 05:10:20,issue,bom,BS-SM-16512,2764,Paint Mixing,-37,Gram,6.04,malikhashir85858@gmail.com,,Variance: DUE TO 2 SHADES,PANTONE 4292 C,,
TXN-260901-631,2026-09-01 05:10:20,issue,bom,BS-SM-16512,2242,Paint Mixing,-2,Gram,9.04,malikhashir85858@gmail.com,,Variance: DUE TO 2 SHADES,PANTONE 4292 C,,
TXN-260901-632,2026-09-01 05:10:20,issue,bom,BS-SM-16512,2699,Paint Mixing,-8,Gram,6.93,malikhashir85858@gmail.com,,Variance: DUE TO 2 SHADES,PANTONE 4292 C,,
TXN-260901-633,2026-09-01 05:10:20,issue,bom,BS-SM-16512,2245 / 2673,Paint Mixing,-5,Gram,9.75,malikhashir85858@gmail.com,,Variance: DUE TO 2 SHADES,PANTONE 4292 C,,
TXN-260901-634,2026-09-01 05:10:20,issue,bom,BS-SM-16512,2354,Paint Matt Agent,-31,Gram,5.19,malikhashir85858@gmail.com,,Variance: DUE TO 2 SHADES,,,
TXN-260901-635,2026-09-01 05:10:20,issue,bom,BS-SM-16512,2352,Paint Harnder,-28,Gram,5.81,malikhashir85858@gmail.com,,Variance: DUE TO 2 SHADES,,,
TXN-260901-636,2026-09-01 05:10:20,issue,bom,BS-SM-16512,2355,Paint Thinner,-16,Gram,1.67,malikhashir85858@gmail.com,,Variance: DUE TO 2 SHADES,,,
TXN-260901-637,2026-09-01 05:21:59,issue,bom,BS-QS-16522,2350,Paint Mixing,-32,Gram,6.44,malikhashir85858@gmail.com,hashir,Variance: ue to 2 pantone | Re-issue: due to 2 pantone,PANTONE 7738 C,,
TXN-260901-638,2026-09-01 05:21:59,issue,bom,BS-QS-16522,2271,Paint Mixing,-116,Gram,9.04,malikhashir85858@gmail.com,hashir,Variance: ue to 2 pantone | Re-issue: due to 2 pantone,PANTONE 7738 C,,
TXN-260901-639,2026-09-01 05:21:59,issue,bom,BS-QS-16522,2764,Paint Mixing,-7,Gram,6.04,malikhashir85858@gmail.com,hashir,Variance: ue to 2 pantone | Re-issue: due to 2 pantone,PANTONE 7738 C,,
TXN-260901-640,2026-09-01 05:21:59,issue,bom,BS-QS-16522,2253,Paint Mixing,-10,Gram,9.04,malikhashir85858@gmail.com,hashir,Variance: ue to 2 pantone | Re-issue: due to 2 pantone,PANTONE 7738 C,,
TXN-260901-641,2026-09-01 05:21:59,issue,bom,BS-QS-16522,2354,Paint Matt Agent,-45,Gram,5.19,malikhashir85858@gmail.com,hashir,Variance: ue to 2 pantone | Re-issue: due to 2 pantone,,,
TXN-260901-642,2026-09-01 05:21:59,issue,bom,BS-QS-16522,2352,Paint Harnder,-45,Gram,5.81,malikhashir85858@gmail.com,hashir,Variance: ue to 2 pantone | Re-issue: due to 2 pantone,,,
TXN-260901-643,2026-09-01 05:21:59,issue,bom,BS-QS-16522,2355,Paint Thinner,-36,Gram,1.67,malikhashir85858@gmail.com,hashir,Variance: ue to 2 pantone | Re-issue: due to 2 pantone,,,
TXN-260901-644,2026-09-01 05:26:58,issue,bom,BS-SM-16512,2353,Paint Mixing,-6,Gram,12.42,malikhashir85858@gmail.com,HASHIR,Variance: due to 2 shades | Re-issue: due to 2 shades,PANTONE 4212 C,,
TXN-260901-645,2026-09-01 05:26:58,issue,bom,BS-SM-16512,2350,Paint Mixing,-35,Gram,6.44,malikhashir85858@gmail.com,HASHIR,Variance: due to 2 shades | Re-issue: due to 2 shades,PANTONE 4212 C,,
TXN-260901-646,2026-09-01 05:26:58,issue,bom,BS-SM-16512,2253,Paint Mixing,-4,Gram,9.04,malikhashir85858@gmail.com,HASHIR,Variance: due to 2 shades | Re-issue: due to 2 shades,PANTONE 4212 C,,
TXN-260901-647,2026-09-01 05:26:58,issue,bom,BS-SM-16512,2271,Paint Mixing,-83,Gram,9.04,malikhashir85858@gmail.com,HASHIR,Variance: due to 2 shades | Re-issue: due to 2 shades,PANTONE 4212 C,,
TXN-260901-648,2026-09-01 05:26:58,issue,bom,BS-SM-16512,2242,Paint Mixing,-2,Gram,9.04,malikhashir85858@gmail.com,HASHIR,Variance: due to 2 shades | Re-issue: due to 2 shades,PANTONE 4212 C,,
TXN-260901-649,2026-09-01 05:26:58,issue,bom,BS-SM-16512,2354,Paint Matt Agent,-31,Gram,5.19,malikhashir85858@gmail.com,HASHIR,Variance: due to 2 shades | Re-issue: due to 2 shades,,,
TXN-260901-650,2026-09-01 05:26:58,issue,bom,BS-SM-16512,2352,Paint Harnder,-28,Gram,5.81,malikhashir85858@gmail.com,HASHIR,Variance: due to 2 shades | Re-issue: due to 2 shades,,,
TXN-260901-651,2026-09-01 05:26:58,issue,bom,BS-SM-16512,2355,Paint Thinner,-50,Gram,1.67,malikhashir85858@gmail.com,HASHIR,Variance: due to 2 shades | Re-issue: due to 2 shades,,,
TXN-260902-652,2026-09-02 00:22:31,issue,bom,BS-ET-16532-A,2158,Epoxy Set,-175,Gram,7.79,malikhashir85858@gmail.com,,Variance: sign done,,BATCH-260902-122231 (BS-ET-16532-A + BS-ET-16532-B),
TXN-260902-653,2026-09-02 00:22:31,issue,bom,BS-ET-16532-B,2158,Epoxy Set,-175,Gram,7.79,malikhashir85858@gmail.com,,Variance: sign done,,BATCH-260902-122231 (BS-ET-16532-A + BS-ET-16532-B),
TXN-260902-654,2026-09-02 00:22:31,issue,bom,BS-ET-16532-A,1145,Epoxy Set,-35,Gram,3.8,malikhashir85858@gmail.com,,Variance: sign done,,BATCH-260902-122231 (BS-ET-16532-A + BS-ET-16532-B),
TXN-260902-655,2026-09-02 00:22:31,issue,bom,BS-ET-16532-B,1145,Epoxy Set,-35,Gram,3.8,malikhashir85858@gmail.com,,Variance: sign done,,BATCH-260902-122231 (BS-ET-16532-A + BS-ET-16532-B),
TXN-260902-656,2026-09-02 00:22:31,issue,bom,BS-ET-16532-A,244,Epoxy Set,-35,Gram,0.54,malikhashir85858@gmail.com,,Variance: sign done,,BATCH-260902-122231 (BS-ET-16532-A + BS-ET-16532-B),
TXN-260902-657,2026-09-02 00:22:31,issue,bom,BS-ET-16532-B,244,Epoxy Set,-35,Gram,0.54,malikhashir85858@gmail.com,,Variance: sign done,,BATCH-260902-122231 (BS-ET-16532-A + BS-ET-16532-B),
TXN-260902-658,2026-09-02 00:22:31,issue,bom,BS-ET-16532-A,2764,Paint Mixing,-55,Gram,6.04,malikhashir85858@gmail.com,,Variance: sign done,,BATCH-260902-122231 (BS-ET-16532-A + BS-ET-16532-B),
TXN-260902-659,2026-09-02 00:22:31,issue,bom,BS-ET-16532-B,2764,Paint Mixing,-55,Gram,6.04,malikhashir85858@gmail.com,,Variance: sign done,,BATCH-260902-122231 (BS-ET-16532-A + BS-ET-16532-B),
TXN-260902-660,2026-09-02 00:22:31,issue,bom,BS-ET-16532-A,2354,Paint Matt Agent,-28.5,Gram,5.19,malikhashir85858@gmail.com,,Variance: sign done,,BATCH-260902-122231 (BS-ET-16532-A + BS-ET-16532-B),
TXN-260902-661,2026-09-02 00:22:31,issue,bom,BS-ET-16532-B,2354,Paint Matt Agent,-28.5,Gram,5.19,malikhashir85858@gmail.com,,Variance: sign done,,BATCH-260902-122231 (BS-ET-16532-A + BS-ET-16532-B),
TXN-260902-662,2026-09-02 00:22:31,issue,bom,BS-ET-16532-A,2352,Paint Harnder,-27.5,Gram,5.81,malikhashir85858@gmail.com,,Variance: sign done,,BATCH-260902-122231 (BS-ET-16532-A + BS-ET-16532-B),
TXN-260902-663,2026-09-02 00:22:31,issue,bom,BS-ET-16532-B,2352,Paint Harnder,-27.5,Gram,5.81,malikhashir85858@gmail.com,,Variance: sign done,,BATCH-260902-122231 (BS-ET-16532-A + BS-ET-16532-B),
TXN-260902-664,2026-09-02 00:22:31,issue,bom,BS-ET-16532-A,2355,Paint Thinner,-25,Gram,1.67,malikhashir85858@gmail.com,,Variance: sign done,,BATCH-260902-122231 (BS-ET-16532-A + BS-ET-16532-B),
TXN-260902-665,2026-09-02 00:22:31,issue,bom,BS-ET-16532-B,2355,Paint Thinner,-25,Gram,1.67,malikhashir85858@gmail.com,,Variance: sign done,,BATCH-260902-122231 (BS-ET-16532-A + BS-ET-16532-B),
TXN-260902-666,2026-09-02 00:30:40,issue,bom,BS-GL-0020,2158,Epoxy Set,-230,Gram,7.79,malikhashir85858@gmail.com,,Variance: sign done,,,
TXN-260902-667,2026-09-02 00:30:40,issue,bom,BS-GL-0020,244,Epoxy Set,-50,Gram,0.54,malikhashir85858@gmail.com,,Variance: sign done,,,
TXN-260902-668,2026-09-02 00:30:40,issue,bom,BS-GL-0020,1145,Epoxy Set,-46,Gram,3.8,malikhashir85858@gmail.com,,Variance: sign done,,,
TXN-260902-669,2026-09-02 00:30:40,issue,bom,BS-GL-0020,2764,Paint Mixing,-60,Gram,6.04,malikhashir85858@gmail.com,,Variance: sign done,,,
TXN-260902-670,2026-09-02 00:30:40,issue,bom,BS-GL-0020,2354,Paint Matt Agent,-38,Gram,5.19,malikhashir85858@gmail.com,,Variance: sign done,,,
TXN-260902-671,2026-09-02 00:30:40,issue,bom,BS-GL-0020,2352,Paint Harnder,-38,Gram,5.81,malikhashir85858@gmail.com,,Variance: sign done,,,
TXN-260902-672,2026-09-02 00:30:40,issue,bom,BS-GL-0020,2355,Paint Thinner,-30,Gram,1.67,malikhashir85858@gmail.com,,Variance: sign done,,,
TXN-260902-673,2026-09-02 03:01:01,issue,bom,BS-LHET-364-A,2764,Paint Mixing,-57,Gram,6.04,malikhashir85858@gmail.com,,Variance: SIGN DONE,,BATCH-260902-150101 (BS-LHET-364-A + BS-LHET-364-B),
TXN-260902-674,2026-09-02 03:01:01,issue,bom,BS-LHET-364-B,2764,Paint Mixing,-57,Gram,6.04,malikhashir85858@gmail.com,,Variance: SIGN DONE,,BATCH-260902-150101 (BS-LHET-364-A + BS-LHET-364-B),
TXN-260902-675,2026-09-02 03:01:01,issue,bom,BS-LHET-364-A,2354,Paint Matt Agent,-28.5,Gram,5.19,malikhashir85858@gmail.com,,Variance: SIGN DONE,,BATCH-260902-150101 (BS-LHET-364-A + BS-LHET-364-B),
TXN-260902-676,2026-09-02 03:01:01,issue,bom,BS-LHET-364-B,2354,Paint Matt Agent,-28.5,Gram,5.19,malikhashir85858@gmail.com,,Variance: SIGN DONE,,BATCH-260902-150101 (BS-LHET-364-A + BS-LHET-364-B),
TXN-260902-677,2026-09-02 03:01:01,issue,bom,BS-LHET-364-A,2352,Paint Harnder,-28.5,Gram,5.81,malikhashir85858@gmail.com,,Variance: SIGN DONE,,BATCH-260902-150101 (BS-LHET-364-A + BS-LHET-364-B),
TXN-260902-678,2026-09-02 03:01:01,issue,bom,BS-LHET-364-B,2352,Paint Harnder,-28.5,Gram,5.81,malikhashir85858@gmail.com,,Variance: SIGN DONE,,BATCH-260902-150101 (BS-LHET-364-A + BS-LHET-364-B),
TXN-260902-679,2026-09-02 03:01:01,issue,bom,BS-LHET-364-A,2355,Paint Thinner,-23,Gram,1.67,malikhashir85858@gmail.com,,Variance: SIGN DONE,,BATCH-260902-150101 (BS-LHET-364-A + BS-LHET-364-B),
TXN-260902-680,2026-09-02 03:01:01,issue,bom,BS-LHET-364-B,2355,Paint Thinner,-23,Gram,1.67,malikhashir85858@gmail.com,,Variance: SIGN DONE,,BATCH-260902-150101 (BS-LHET-364-A + BS-LHET-364-B),
TXN-260902-681,2026-09-02 03:04:29,issue,bom,BS-LHET-365-A,2764,Paint Mixing,-115,Gram,6.04,malikhashir85858@gmail.com,,Variance: SIGN DONE,,BATCH-260902-150429 (BS-LHET-365-A + BS-LHET-365-B),
TXN-260902-682,2026-09-02 03:04:29,issue,bom,BS-LHET-365-B,2764,Paint Mixing,-57,Gram,6.04,malikhashir85858@gmail.com,,Variance: SIGN DONE,,BATCH-260902-150429 (BS-LHET-365-A + BS-LHET-365-B),
TXN-260902-683,2026-09-02 03:04:29,issue,bom,BS-LHET-365-A,2354,Paint Matt Agent,-28.5,Gram,5.19,malikhashir85858@gmail.com,,Variance: SIGN DONE,,BATCH-260902-150429 (BS-LHET-365-A + BS-LHET-365-B),
TXN-260902-684,2026-09-02 03:04:29,issue,bom,BS-LHET-365-B,2354,Paint Matt Agent,-28.5,Gram,5.19,malikhashir85858@gmail.com,,Variance: SIGN DONE,,BATCH-260902-150429 (BS-LHET-365-A + BS-LHET-365-B),
TXN-260902-685,2026-09-02 03:04:29,issue,bom,BS-LHET-365-A,2352,Paint Harnder,-28.5,Gram,5.81,malikhashir85858@gmail.com,,Variance: SIGN DONE,,BATCH-260902-150429 (BS-LHET-365-A + BS-LHET-365-B),
TXN-260902-686,2026-09-02 03:04:29,issue,bom,BS-LHET-365-B,2352,Paint Harnder,-28.5,Gram,5.81,malikhashir85858@gmail.com,,Variance: SIGN DONE,,BATCH-260902-150429 (BS-LHET-365-A + BS-LHET-365-B),
TXN-260902-687,2026-09-02 03:04:29,issue,bom,BS-LHET-365-A,2355,Paint Thinner,-25,Gram,1.67,malikhashir85858@gmail.com,,Variance: SIGN DONE,,BATCH-260902-150429 (BS-LHET-365-A + BS-LHET-365-B),
TXN-260902-688,2026-09-02 03:04:29,issue,bom,BS-LHET-365-B,2355,Paint Thinner,-25,Gram,1.67,malikhashir85858@gmail.com,,Variance: SIGN DONE,,BATCH-260902-150429 (BS-LHET-365-A + BS-LHET-365-B),
TXN-260902-689,2026-09-02 03:07:14,issue,bom,BS-SM-16458-B (Bulk),2350,Paint Mixing,-98.86,Gram,6.44,malikhashir85858@gmail.com,,Variance: SIGN DONE,PANTONE 7533 C,,
TXN-260902-690,2026-09-02 03:07:14,issue,bom,BS-SM-16458-B (Bulk),2764,Paint Mixing,-12.36,Gram,6.04,malikhashir85858@gmail.com,,Variance: SIGN DONE,PANTONE 7533 C,,
TXN-260902-691,2026-09-02 03:07:14,issue,bom,BS-SM-16458-B (Bulk),2253,Paint Mixing,-2.47,Gram,9.04,malikhashir85858@gmail.com,,Variance: SIGN DONE,PANTONE 7533 C,,
TXN-260902-692,2026-09-02 03:07:14,issue,bom,BS-SM-16458-B (Bulk),2272,Paint Mixing,-2.47,Gram,9.04,malikhashir85858@gmail.com,,Variance: SIGN DONE,PANTONE 7533 C,,
TXN-260902-693,2026-09-02 03:07:14,issue,bom,BS-SM-16458-B (Bulk),2271,Paint Mixing,-4.94,Gram,9.04,malikhashir85858@gmail.com,,Variance: SIGN DONE,PANTONE 7533 C,,
TXN-260902-694,2026-09-02 03:07:14,issue,bom,BS-SM-16458-B (Bulk),2241,Paint Mixing,-12.36,Gram,9.04,malikhashir85858@gmail.com,,Variance: SIGN DONE,PANTONE 7533 C,,
TXN-260902-695,2026-09-02 03:07:14,issue,bom,BS-SM-16458-B (Bulk),2354,Paint Matt Agent,-66,Gram,5.19,malikhashir85858@gmail.com,,Variance: SIGN DONE,,,
TXN-260902-696,2026-09-02 03:07:14,issue,bom,BS-SM-16458-B (Bulk),2352,Paint Harnder,-66,Gram,5.81,malikhashir85858@gmail.com,,Variance: SIGN DONE,,,
TXN-260902-697,2026-09-02 03:07:14,issue,bom,BS-SM-16458-B (Bulk),2355,Paint Thinner,-54,Gram,1.67,malikhashir85858@gmail.com,,Variance: SIGN DONE,,,
TXN-260902-698,2026-09-02 03:48:29,issue,bom,BS-LHET-354-A,2245 / 2673,Paint Mixing,-7,Gram,9.75,malikhashir85858@gmail.com,,Variance: extra mixing made over the bom,PANTONE 7586C,BATCH-260902-154829 (BS-LHET-354-A + BS-LHET-354-B),
TXN-260902-699,2026-09-02 03:48:29,issue,bom,BS-LHET-354-A,2699,Paint Mixing,-36,Gram,6.93,malikhashir85858@gmail.com,,Variance: extra mixing made over the bom,PANTONE 7586C,BATCH-260902-154829 (BS-LHET-354-A + BS-LHET-354-B),
TXN-260902-700,2026-09-02 03:48:29,issue,bom,BS-LHET-354-A,2764,Paint Mixing,-89,Gram,6.04,malikhashir85858@gmail.com,,Variance: extra mixing made over the bom,PANTONE 7586C,BATCH-260902-154829 (BS-LHET-354-A + BS-LHET-354-B),
TXN-260902-701,2026-09-02 03:48:29,issue,bom,BS-LHET-354-A,2253,Paint Mixing,-20,Gram,9.04,malikhashir85858@gmail.com,,Variance: extra mixing made over the bom,PANTONE 7586C,BATCH-260902-154829 (BS-LHET-354-A + BS-LHET-354-B),
TXN-260902-702,2026-09-02 03:48:29,issue,bom,BS-LHET-354-A,2257,Paint Mixing,-45,Gram,9.2,malikhashir85858@gmail.com,,Variance: extra mixing made over the bom,PANTONE 7586C,BATCH-260902-154829 (BS-LHET-354-A + BS-LHET-354-B),
TXN-260902-703,2026-09-02 03:48:29,issue,bom,BS-LHET-354-A,2271,Paint Mixing,-31,Gram,9.04,malikhashir85858@gmail.com,,Variance: extra mixing made over the bom,PANTONE 7586C,BATCH-260902-154829 (BS-LHET-354-A + BS-LHET-354-B),
TXN-260902-704,2026-09-02 03:48:29,issue,bom,BS-LHET-354-A,2241,Paint Mixing,-64,Gram,9.04,malikhashir85858@gmail.com,,Variance: extra mixing made over the bom,PANTONE 7586C,BATCH-260902-154829 (BS-LHET-354-A + BS-LHET-354-B),
TXN-260902-705,2026-09-02 03:48:29,issue,bom,BS-LHET-354-A,2764,Paint Mixing,-16,Gram,6.04,malikhashir85858@gmail.com,,Variance: extra mixing made over the bom,PANTONE 7586C,BATCH-260902-154829 (BS-LHET-354-A + BS-LHET-354-B),
TXN-260902-706,2026-09-02 03:48:29,issue,bom,BS-LHET-354-A,2350,Paint Mixing,-35,Gram,6.44,malikhashir85858@gmail.com,,Variance: extra mixing made over the bom,PANTONE 7586C,BATCH-260902-154829 (BS-LHET-354-A + BS-LHET-354-B),
TXN-260902-707,2026-09-02 03:48:29,issue,bom,BS-LHET-354-A,2354,Paint Matt Agent,-44.5,Gram,5.19,malikhashir85858@gmail.com,,Variance: extra mixing made over the bom,,BATCH-260902-154829 (BS-LHET-354-A + BS-LHET-354-B),
TXN-260902-708,2026-09-02 03:48:29,issue,bom,BS-LHET-354-B,2354,Paint Matt Agent,-44.5,Gram,5.19,malikhashir85858@gmail.com,,Variance: extra mixing made over the bom,,BATCH-260902-154829 (BS-LHET-354-A + BS-LHET-354-B),
TXN-260902-709,2026-09-02 03:48:29,issue,bom,BS-LHET-354-A,2352,Paint Harnder,-44.5,Gram,5.81,malikhashir85858@gmail.com,,Variance: extra mixing made over the bom,,BATCH-260902-154829 (BS-LHET-354-A + BS-LHET-354-B),
TXN-260902-710,2026-09-02 03:48:29,issue,bom,BS-LHET-354-B,2352,Paint Harnder,-44.5,Gram,5.81,malikhashir85858@gmail.com,,Variance: extra mixing made over the bom,,BATCH-260902-154829 (BS-LHET-354-A + BS-LHET-354-B),
TXN-260902-711,2026-09-02 03:48:29,issue,bom,BS-LHET-354-A,2355,Paint Thinner,-36,Gram,1.67,malikhashir85858@gmail.com,,Variance: extra mixing made over the bom,,BATCH-260902-154829 (BS-LHET-354-A + BS-LHET-354-B),
TXN-260902-712,2026-09-02 03:48:29,issue,bom,BS-LHET-354-B,2355,Paint Thinner,-36,Gram,1.67,malikhashir85858@gmail.com,,Variance: extra mixing made over the bom,,BATCH-260902-154829 (BS-LHET-354-A + BS-LHET-354-B),
TXN-260902-713,2026-09-02 04:02:26,issue,bom,Gift-54,2350,Paint Mixing,-31,Gram,6.44,malikhashir85858@gmail.com,,Variance: DUE TO 2 SHADES,PANTONE 6118 C,,
TXN-260902-714,2026-09-02 04:02:26,issue,bom,Gift-54,2353,Paint Mixing,-46,Gram,12.42,malikhashir85858@gmail.com,,Variance: DUE TO 2 SHADES,PANTONE 6118 C,,
TXN-260902-715,2026-09-02 04:02:26,issue,bom,Gift-54,2245 / 2673,Paint Mixing,-2,Gram,9.75,malikhashir85858@gmail.com,,Variance: DUE TO 2 SHADES,PANTONE 6118 C,,
TXN-260902-716,2026-09-02 04:02:26,issue,bom,Gift-54,2271,Paint Mixing,-78,Gram,9.04,malikhashir85858@gmail.com,,Variance: DUE TO 2 SHADES,PANTONE 6118 C,,
TXN-260902-717,2026-09-02 04:02:26,issue,bom,Gift-54,2764,Paint Mixing,-1,Gram,6.04,malikhashir85858@gmail.com,,Variance: DUE TO 2 SHADES,PANTONE 6118 C,,
TXN-260902-718,2026-09-02 04:02:26,issue,bom,Gift-54,2354,Paint Matt Agent,-75,Gram,5.19,malikhashir85858@gmail.com,,Variance: DUE TO 2 SHADES,,,
TXN-260902-719,2026-09-02 04:02:26,issue,bom,Gift-54,2352,Paint Harnder,-75,Gram,5.81,malikhashir85858@gmail.com,,Variance: DUE TO 2 SHADES,,,
TXN-260902-720,2026-09-02 04:02:26,issue,bom,Gift-54,2355,Paint Thinner,-100,Gram,1.67,malikhashir85858@gmail.com,,Variance: DUE TO 2 SHADES,,,
TXN-260902-721,2026-09-02 04:11:44,issue,bom,BS-ET-16471,2350,Paint Mixing,-22,Gram,6.44,malikhashir85858@gmail.com,,Variance: SIGN DONE,PANTONE 485 C,,
TXN-260902-722,2026-09-02 04:11:44,issue,bom,BS-ET-16471,2271,Paint Mixing,-25,Gram,9.04,malikhashir85858@gmail.com,,Variance: SIGN DONE,PANTONE 485 C,,
TXN-260902-723,2026-09-02 04:11:44,issue,bom,BS-ET-16471,2257,Paint Mixing,-11,Gram,9.2,malikhashir85858@gmail.com,,Variance: SIGN DONE,PANTONE 485 C,,
TXN-260902-724,2026-09-02 04:11:44,issue,bom,BS-ET-16471,2245 / 2673,Paint Mixing,-58,Gram,9.75,malikhashir85858@gmail.com,,Variance: SIGN DONE,PANTONE 485 C,,
TXN-260902-725,2026-09-02 04:11:44,issue,bom,BS-ET-16471,2764,Paint Mixing,-66,Gram,6.04,malikhashir85858@gmail.com,,Variance: SIGN DONE,PANTONE 485 C,,
TXN-260902-726,2026-09-02 04:11:44,issue,bom,BS-ET-16471,2354,Paint Matt Agent,-138,Gram,5.19,malikhashir85858@gmail.com,,Variance: SIGN DONE,,,
TXN-260902-727,2026-09-02 04:11:44,issue,bom,BS-ET-16471,2352,Paint Harnder,-138,Gram,5.81,malikhashir85858@gmail.com,,Variance: SIGN DONE,,,
TXN-260902-728,2026-09-02 04:11:44,issue,bom,BS-ET-16471,2355,Paint Thinner,-112,Gram,1.67,malikhashir85858@gmail.com,,Variance: SIGN DONE,,,
TXN-260903-729,2026-09-02 22:17:52,receipt,,,2271,Paint Mixing,900,Gram,9.04,malikhashir85858@gmail.com,,,,,2930
TXN-260903-730,2026-09-02 22:19:10,receipt,,,2764,Paint Mixing,900,Gram,6.04,malikhashir85858@gmail.com,,,,,2931
TXN-260903-731,2026-09-02 22:19:10,receipt,,,2352,Paint Harnder,900,Gram,5.81,malikhashir85858@gmail.com,,,,,2931
TXN-260903-732,2026-09-02 22:19:10,receipt,,,2354,Paint Matt Agent,900,Gram,5.19,malikhashir85858@gmail.com,,,,,2931
TXN-260903-733,2026-09-02 22:21:27,receipt,,,2352,Paint Harnder,900,Gram,5.81,malikhashir85858@gmail.com,,,,,2932
TXN-260903-734,2026-09-02 22:21:27,receipt,,,2158,Epoxy Set,5900,Gram,7.79,malikhashir85858@gmail.com,,,,,2932
TXN-260903-735,2026-09-02 22:23:56,receipt,,,2352,Paint Harnder,900,Gram,5.81,malikhashir85858@gmail.com,,,,,2933
TXN-260903-736,2026-09-02 22:23:56,receipt,,,2354,Paint Matt Agent,900,Gram,5.19,malikhashir85858@gmail.com,,,,,2933
TXN-260903-737,2026-09-02 22:52:58,issue,bom,BS-SM-16382,2350,Paint Mixing,-150,Gram,6.44,malikhashir85858@gmail.com,,Variance: SIGN IN 2 SHADES SO MIXING AGAINST 1 SHADES IS ISSUED,,,
TXN-260903-738,2026-09-02 22:52:58,issue,bom,BS-SM-16382,2764,Paint Mixing,-250,Gram,6.04,malikhashir85858@gmail.com,,Variance: SIGN IN 2 SHADES SO MIXING AGAINST 1 SHADES IS ISSUED,,,
TXN-260903-739,2026-09-02 22:52:58,issue,bom,BS-SM-16382,2354,Paint Matt Agent,-200,Gram,5.19,malikhashir85858@gmail.com,,Variance: SIGN IN 2 SHADES SO MIXING AGAINST 1 SHADES IS ISSUED,,,
TXN-260903-740,2026-09-02 22:52:58,issue,bom,BS-SM-16382,2352,Paint Harnder,-200,Gram,5.81,malikhashir85858@gmail.com,,Variance: SIGN IN 2 SHADES SO MIXING AGAINST 1 SHADES IS ISSUED,,,
TXN-260903-741,2026-09-02 22:52:58,issue,bom,BS-SM-16382,2355,Paint Thinner,-125,Gram,1.67,malikhashir85858@gmail.com,,Variance: SIGN IN 2 SHADES SO MIXING AGAINST 1 SHADES IS ISSUED,,,
TXN-260903-742,2026-09-02 23:02:51,issue,bom,BS-SM-16382,2158,Epoxy Set,-1500,Gram,7.79,malikhashir85858@gmail.com,HASHIR,Variance: SIGN IN 2 SHADES SO MIXING AGAINST 1 SHADES IS ISSUED | Re-issue: DUE TO 2 SHADES,,,
TXN-260903-743,2026-09-02 23:02:51,issue,bom,BS-SM-16382,1145,Epoxy Set,-300,Gram,3.8,malikhashir85858@gmail.com,HASHIR,Variance: SIGN IN 2 SHADES SO MIXING AGAINST 1 SHADES IS ISSUED | Re-issue: DUE TO 2 SHADES,,,
TXN-260903-744,2026-09-02 23:02:51,issue,bom,BS-SM-16382,244,Epoxy Set,-334,Gram,0.54,malikhashir85858@gmail.com,HASHIR,Variance: SIGN IN 2 SHADES SO MIXING AGAINST 1 SHADES IS ISSUED | Re-issue: DUE TO 2 SHADES,,,
TXN-260903-745,2026-09-02 23:02:51,issue,bom,BS-SM-16382,2754,Paint Mixing,-10,Gram,7.78,malikhashir85858@gmail.com,HASHIR,Variance: SIGN IN 2 SHADES SO MIXING AGAINST 1 SHADES IS ISSUED | Re-issue: DUE TO 2 SHADES,PANTONE 289 C,,
TXN-260903-746,2026-09-02 23:02:51,issue,bom,BS-SM-16382,2764,Paint Mixing,-30,Gram,6.04,malikhashir85858@gmail.com,HASHIR,Variance: SIGN IN 2 SHADES SO MIXING AGAINST 1 SHADES IS ISSUED | Re-issue: DUE TO 2 SHADES,PANTONE 289 C,,
TXN-260903-747,2026-09-02 23:02:51,issue,bom,BS-SM-16382,2272,Paint Mixing,-150,Gram,9.04,malikhashir85858@gmail.com,HASHIR,Variance: SIGN IN 2 SHADES SO MIXING AGAINST 1 SHADES IS ISSUED | Re-issue: DUE TO 2 SHADES,PANTONE 289 C,,
TXN-260903-748,2026-09-02 23:02:51,issue,bom,BS-SM-16382,2350,Paint Mixing,-100,Gram,6.44,malikhashir85858@gmail.com,HASHIR,Variance: SIGN IN 2 SHADES SO MIXING AGAINST 1 SHADES IS ISSUED | Re-issue: DUE TO 2 SHADES,PANTONE 289 C,,
TXN-260903-749,2026-09-02 23:02:51,issue,bom,BS-SM-16382,2354,Paint Matt Agent,-100,Gram,5.19,malikhashir85858@gmail.com,HASHIR,Variance: SIGN IN 2 SHADES SO MIXING AGAINST 1 SHADES IS ISSUED | Re-issue: DUE TO 2 SHADES,,,
TXN-260903-750,2026-09-02 23:02:51,issue,bom,BS-SM-16382,2352,Paint Harnder,-100,Gram,5.81,malikhashir85858@gmail.com,HASHIR,Variance: SIGN IN 2 SHADES SO MIXING AGAINST 1 SHADES IS ISSUED | Re-issue: DUE TO 2 SHADES,,,
TXN-260903-751,2026-09-02 23:02:51,issue,bom,BS-SM-16382,2355,Paint Thinner,-100,Gram,1.67,malikhashir85858@gmail.com,HASHIR,Variance: SIGN IN 2 SHADES SO MIXING AGAINST 1 SHADES IS ISSUED | Re-issue: DUE TO 2 SHADES,,,
TXN-260903-752,2026-09-02 23:08:53,issue,bom,BS-US-2548 A,2214,Paint Mixing,-250,Gram,9.04,malikhashir85858@gmail.com,,Variance: DUE TO BLACK SATIN MATT AGENT IEXTRA USED,,BATCH-260903-110853 (BS-US-2548 A + BS-US-2548 B),
TXN-260903-753,2026-09-02 23:08:53,issue,bom,BS-US-2548 A,2350,Paint Mixing,-350,Gram,6.44,malikhashir85858@gmail.com,,Variance: DUE TO BLACK SATIN MATT AGENT IEXTRA USED,,BATCH-260903-110853 (BS-US-2548 A + BS-US-2548 B),
TXN-260903-754,2026-09-02 23:08:53,issue,bom,BS-US-2548 B,2214,Paint Mixing,-250,Gram,9.04,malikhashir85858@gmail.com,,Variance: DUE TO BLACK SATIN MATT AGENT IEXTRA USED,,BATCH-260903-110853 (BS-US-2548 A + BS-US-2548 B),
TXN-260903-755,2026-09-02 23:08:53,issue,bom,BS-US-2548 B,2350,Paint Mixing,-350,Gram,6.44,malikhashir85858@gmail.com,,Variance: DUE TO BLACK SATIN MATT AGENT IEXTRA USED,,BATCH-260903-110853 (BS-US-2548 A + BS-US-2548 B),
TXN-260903-756,2026-09-02 23:08:53,issue,bom,BS-US-2548 A,2352,Paint Harnder,-310,Gram,5.81,malikhashir85858@gmail.com,,Variance: DUE TO BLACK SATIN MATT AGENT IEXTRA USED,,BATCH-260903-110853 (BS-US-2548 A + BS-US-2548 B),
TXN-260903-757,2026-09-02 23:08:53,issue,bom,BS-US-2548 B,2352,Paint Harnder,-310,Gram,5.81,malikhashir85858@gmail.com,,Variance: DUE TO BLACK SATIN MATT AGENT IEXTRA USED,,BATCH-260903-110853 (BS-US-2548 A + BS-US-2548 B),
TXN-260903-758,2026-09-02 23:08:53,issue,bom,BS-US-2548 A,2195,Paint Matt Agent,-225,Gram,4.86,malikhashir85858@gmail.com,,Variance: DUE TO BLACK SATIN MATT AGENT IEXTRA USED,,BATCH-260903-110853 (BS-US-2548 A + BS-US-2548 B),
TXN-260903-759,2026-09-02 23:08:53,issue,bom,BS-US-2548 B,2195,Paint Matt Agent,-225,Gram,4.86,malikhashir85858@gmail.com,,Variance: DUE TO BLACK SATIN MATT AGENT IEXTRA USED,,BATCH-260903-110853 (BS-US-2548 A + BS-US-2548 B),
TXN-260903-760,2026-09-02 23:08:53,issue,bom,BS-US-2548 A,2404,Paint Thinner,-125,Gram,2.11,malikhashir85858@gmail.com,,Variance: DUE TO BLACK SATIN MATT AGENT IEXTRA USED,,BATCH-260903-110853 (BS-US-2548 A + BS-US-2548 B),
TXN-260903-761,2026-09-02 23:08:53,issue,bom,BS-US-2548 B,2404,Paint Thinner,-125,Gram,2.11,malikhashir85858@gmail.com,,Variance: DUE TO BLACK SATIN MATT AGENT IEXTRA USED,,BATCH-260903-110853 (BS-US-2548 A + BS-US-2548 B),
TXN-260903-762,2026-09-02 23:08:53,issue,bom,BS-US-2548 A,2247,Paint Binder,-125,Gram,7.41,malikhashir85858@gmail.com,,Variance: DUE TO BLACK SATIN MATT AGENT IEXTRA USED,,BATCH-260903-110853 (BS-US-2548 A + BS-US-2548 B),
TXN-260903-763,2026-09-02 23:08:53,issue,bom,BS-US-2548 B,2247,Paint Binder,-125,Gram,7.41,malikhashir85858@gmail.com,,Variance: DUE TO BLACK SATIN MATT AGENT IEXTRA USED,,BATCH-260903-110853 (BS-US-2548 A + BS-US-2548 B),
TXN-260903-764,2026-09-02 23:24:37,issue,bom,BS-LHET-352,2350,Paint Mixing,-180,Gram,6.44,malikhashir85858@gmail.com,,Variance: NIGHT SIGN,,,
TXN-260903-765,2026-09-02 23:24:37,issue,bom,BS-LHET-352,2354,Paint Matt Agent,-91,Gram,5.19,malikhashir85858@gmail.com,,Variance: NIGHT SIGN,,,
TXN-260903-766,2026-09-02 23:24:37,issue,bom,BS-LHET-352,2352,Paint Harnder,-91,Gram,5.81,malikhashir85858@gmail.com,,Variance: NIGHT SIGN,,,
TXN-260903-767,2026-09-02 23:24:37,issue,bom,BS-LHET-352,2404,Paint Thinner,-70,Gram,2.11,malikhashir85858@gmail.com,,Variance: NIGHT SIGN,,,
TXN-260903-768,2026-09-02 23:28:12,issue,bom,BS-LHET-335,2350,Paint Mixing,-122,Gram,6.44,malikhashir85858@gmail.com,,Variance: SIGN DONE,PANTONE 9081 C,,
TXN-260903-769,2026-09-02 23:28:12,issue,bom,BS-LHET-335,2764,Paint Mixing,-2,Gram,6.04,malikhashir85858@gmail.com,,Variance: SIGN DONE,PANTONE 9081 C,,
TXN-260903-770,2026-09-02 23:28:12,issue,bom,BS-LHET-335,2241,Paint Mixing,-1,Gram,9.04,malikhashir85858@gmail.com,,Variance: SIGN DONE,PANTONE 9081 C,,
TXN-260903-771,2026-09-02 23:28:12,issue,bom,BS-LHET-335,2243,Paint Mixing,-1,Gram,9.04,malikhashir85858@gmail.com,,Variance: SIGN DONE,PANTONE 9081 C,,
TXN-260903-772,2026-09-02 23:28:12,issue,bom,BS-LHET-335,2271,Paint Mixing,-8,Gram,9.04,malikhashir85858@gmail.com,,Variance: SIGN DONE,PANTONE 9081 C,,
TXN-260903-773,2026-09-02 23:28:12,issue,bom,BS-LHET-335,2354,Paint Matt Agent,-64,Gram,5.19,malikhashir85858@gmail.com,,Variance: SIGN DONE,,,
TXN-260903-774,2026-09-02 23:28:12,issue,bom,BS-LHET-335,2352,Paint Harnder,-64,Gram,5.81,malikhashir85858@gmail.com,,Variance: SIGN DONE,,,
TXN-260903-775,2026-09-02 23:28:12,issue,bom,BS-LHET-335,2404,Paint Thinner,-50,Gram,2.11,malikhashir85858@gmail.com,,Variance: SIGN DONE,,,
TXN-260903-776,2026-09-03 00:02:17,issue,bom,BS-SI-16521,2699,Paint Mixing,-8,Gram,6.93,malikhashir85858@gmail.com,,Variance: DUE TO 3 SHADES,PANTONE 7483 C,,
TXN-260903-777,2026-09-03 00:02:17,issue,bom,BS-SI-16521,2754,Paint Mixing,-6,Gram,7.78,malikhashir85858@gmail.com,,Variance: DUE TO 3 SHADES,PANTONE 7483 C,,
TXN-260903-778,2026-09-03 00:02:17,issue,bom,BS-SI-16521,2253,Paint Mixing,-28,Gram,9.04,malikhashir85858@gmail.com,,Variance: DUE TO 3 SHADES,PANTONE 7483 C,,
TXN-260903-779,2026-09-03 00:02:17,issue,bom,BS-SI-16521,2257,Paint Mixing,-40,Gram,9.2,malikhashir85858@gmail.com,,Variance: DUE TO 3 SHADES,PANTONE 7483 C,,
TXN-260903-780,2026-09-03 00:02:17,issue,bom,BS-SI-16521,2271,Paint Mixing,-12,Gram,9.04,malikhashir85858@gmail.com,,Variance: DUE TO 3 SHADES,PANTONE 7483 C,,
TXN-260903-781,2026-09-03 00:02:17,issue,bom,BS-SI-16521,2243,Paint Mixing,-2,Gram,9.04,malikhashir85858@gmail.com,,Variance: DUE TO 3 SHADES,PANTONE 7483 C,,
TXN-260903-782,2026-09-03 00:02:17,issue,bom,BS-SI-16521,2764,Paint Mixing,-30,Gram,6.04,malikhashir85858@gmail.com,,Variance: DUE TO 3 SHADES,PANTONE 7483 C,,
TXN-260903-783,2026-09-03 00:02:17,issue,bom,BS-SI-16521,2350,Paint Mixing,-48,Gram,6.44,malikhashir85858@gmail.com,,Variance: DUE TO 3 SHADES,PANTONE 7483 C,,
TXN-260903-784,2026-09-03 00:02:17,issue,bom,BS-SI-16521,2354,Paint Matt Agent,-50,Gram,5.19,malikhashir85858@gmail.com,,Variance: DUE TO 3 SHADES,,,
TXN-260903-785,2026-09-03 00:02:17,issue,bom,BS-SI-16521,2352,Paint Harnder,-50,Gram,5.81,malikhashir85858@gmail.com,,Variance: DUE TO 3 SHADES,,,
TXN-260903-786,2026-09-03 00:02:17,issue,bom,BS-SI-16521,2404,Paint Thinner,-60,Gram,2.11,malikhashir85858@gmail.com,,Variance: DUE TO 3 SHADES,,,
TXN-260903-787,2026-09-03 00:05:35,issue,bom,BS-SI-16521,2764,Paint Mixing,-15,Gram,6.04,malikhashir85858@gmail.com,HAHSIR,Variance: DUE TO 3 SHADES | Re-issue: DUE TO 3 SHADES,PANTONE 4207C,,
TXN-260903-788,2026-09-03 00:05:35,issue,bom,BS-SI-16521,2350,Paint Mixing,-77,Gram,6.44,malikhashir85858@gmail.com,HAHSIR,Variance: DUE TO 3 SHADES | Re-issue: DUE TO 3 SHADES,PANTONE 4207C,,
TXN-260903-789,2026-09-03 00:05:35,issue,bom,BS-SI-16521,2243,Paint Mixing,-11,Gram,9.04,malikhashir85858@gmail.com,HAHSIR,Variance: DUE TO 3 SHADES | Re-issue: DUE TO 3 SHADES,PANTONE 4207C,,
TXN-260903-790,2026-09-03 00:05:35,issue,bom,BS-SI-16521,2271,Paint Mixing,-24,Gram,9.04,malikhashir85858@gmail.com,HAHSIR,Variance: DUE TO 3 SHADES | Re-issue: DUE TO 3 SHADES,PANTONE 4207C,,
TXN-260903-791,2026-09-03 00:05:35,issue,bom,BS-SI-16521,2257,Paint Mixing,-15,Gram,9.2,malikhashir85858@gmail.com,HAHSIR,Variance: DUE TO 3 SHADES | Re-issue: DUE TO 3 SHADES,PANTONE 4207C,,
TXN-260903-792,2026-09-03 00:05:35,issue,bom,BS-SI-16521,2253,Paint Mixing,-2,Gram,9.04,malikhashir85858@gmail.com,HAHSIR,Variance: DUE TO 3 SHADES | Re-issue: DUE TO 3 SHADES,PANTONE 4207C,,
TXN-260903-793,2026-09-03 00:05:35,issue,bom,BS-SI-16521,2754,Paint Mixing,-6,Gram,7.78,malikhashir85858@gmail.com,HAHSIR,Variance: DUE TO 3 SHADES | Re-issue: DUE TO 3 SHADES,PANTONE 4207C,,
TXN-260903-794,2026-09-03 00:05:35,issue,bom,BS-SI-16521,2699,Paint Mixing,-3,Gram,6.93,malikhashir85858@gmail.com,HAHSIR,Variance: DUE TO 3 SHADES | Re-issue: DUE TO 3 SHADES,PANTONE 4207C,,
TXN-260903-795,2026-09-03 00:05:35,issue,bom,BS-SI-16521,2354,Paint Matt Agent,-50,Gram,5.19,malikhashir85858@gmail.com,HAHSIR,Variance: DUE TO 3 SHADES | Re-issue: DUE TO 3 SHADES,,,
TXN-260903-796,2026-09-03 00:05:35,issue,bom,BS-SI-16521,2352,Paint Harnder,-50,Gram,5.81,malikhashir85858@gmail.com,HAHSIR,Variance: DUE TO 3 SHADES | Re-issue: DUE TO 3 SHADES,,,
TXN-260903-797,2026-09-03 00:05:35,issue,bom,BS-SI-16521,2404,Paint Thinner,-50,Gram,2.11,malikhashir85858@gmail.com,HAHSIR,Variance: DUE TO 3 SHADES | Re-issue: DUE TO 3 SHADES,,,
TXN-260903-798,2026-09-03 00:08:23,issue,bom,BS-SI-16521,2350,Paint Mixing,-25,Gram,6.44,malikhashir85858@gmail.com,HAHSIR,Variance: DUE TO 3 SHADES | Re-issue: DUE TO 3 SHADES,PANTONE 2026 C,,
TXN-260903-799,2026-09-03 00:08:23,issue,bom,BS-SI-16521,2271,Paint Mixing,-18,Gram,9.04,malikhashir85858@gmail.com,HAHSIR,Variance: DUE TO 3 SHADES | Re-issue: DUE TO 3 SHADES,PANTONE 2026 C,,
TXN-260903-800,2026-09-03 00:08:23,issue,bom,BS-SI-16521,2241,Paint Mixing,-1,Gram,9.04,malikhashir85858@gmail.com,HAHSIR,Variance: DUE TO 3 SHADES | Re-issue: DUE TO 3 SHADES,PANTONE 2026 C,,
TXN-260903-801,2026-09-03 00:08:23,issue,bom,BS-SI-16521,2257,Paint Mixing,-1,Gram,9.2,malikhashir85858@gmail.com,HAHSIR,Variance: DUE TO 3 SHADES | Re-issue: DUE TO 3 SHADES,PANTONE 2026 C,,
TXN-260903-802,2026-09-03 00:08:23,issue,bom,BS-SI-16521,2353,Paint Mixing,-51,Gram,12.42,malikhashir85858@gmail.com,HAHSIR,Variance: DUE TO 3 SHADES | Re-issue: DUE TO 3 SHADES,PANTONE 2026 C,,
TXN-260903-803,2026-09-03 00:08:23,issue,bom,BS-SI-16521,2354,Paint Matt Agent,-30,Gram,5.19,malikhashir85858@gmail.com,HAHSIR,Variance: DUE TO 3 SHADES | Re-issue: DUE TO 3 SHADES,,,
TXN-260903-804,2026-09-03 00:08:23,issue,bom,BS-SI-16521,2352,Paint Harnder,-30,Gram,5.81,malikhashir85858@gmail.com,HAHSIR,Variance: DUE TO 3 SHADES | Re-issue: DUE TO 3 SHADES,,,
TXN-260903-805,2026-09-03 00:08:23,issue,bom,BS-SI-16521,2404,Paint Thinner,-40,Gram,2.11,malikhashir85858@gmail.com,HAHSIR,Variance: DUE TO 3 SHADES | Re-issue: DUE TO 3 SHADES,,,
TXN-260903-806,2026-09-03 00:11:05,issue,bom,BS-S.inc-16350,2764,Paint Mixing,-150,Gram,6.04,malikhashir85858@gmail.com,,Variance: NIGHT SIGN,,,
TXN-260903-807,2026-09-03 00:11:05,issue,bom,BS-S.inc-16350,2350,Paint Mixing,-100,Gram,6.44,malikhashir85858@gmail.com,,Variance: NIGHT SIGN,,,
TXN-260903-808,2026-09-03 00:11:05,issue,bom,BS-S.inc-16350,2354,Paint Matt Agent,-124,Gram,5.19,malikhashir85858@gmail.com,,Variance: NIGHT SIGN,,,
TXN-260903-809,2026-09-03 00:11:05,issue,bom,BS-S.inc-16350,2352,Paint Harnder,-124,Gram,5.81,malikhashir85858@gmail.com,,Variance: NIGHT SIGN,,,
TXN-260903-810,2026-09-03 00:11:05,issue,bom,BS-S.inc-16350,2404,Paint Thinner,-100,Gram,2.11,malikhashir85858@gmail.com,,Variance: NIGHT SIGN,,,
TXN-260903-811,2026-09-03 00:11:58,receipt,,,2355,Paint Thinner,3100,Gram,1.67,malikhashir85858@gmail.com,,,,,2933
TXN-260903-812,2026-09-03 00:20:59,issue,bom,BS-SM-16462,2353,Paint Mixing,-20,Gram,12.42,malikhashir85858@gmail.com,,Variance: sign done,PANTONE 4625 C,,
TXN-260903-813,2026-09-03 00:20:59,issue,bom,BS-SM-16462,2764,Paint Mixing,-59,Gram,6.04,malikhashir85858@gmail.com,,Variance: sign done,PANTONE 4625 C,,
TXN-260903-814,2026-09-03 00:20:59,issue,bom,BS-SM-16462,2271,Paint Mixing,-28,Gram,9.04,malikhashir85858@gmail.com,,Variance: sign done,PANTONE 4625 C,,
TXN-260903-815,2026-09-03 00:20:59,issue,bom,BS-SM-16462,2241,Paint Mixing,-13,Gram,9.04,malikhashir85858@gmail.com,,Variance: sign done,PANTONE 4625 C,,
TXN-260903-816,2026-09-03 00:20:59,issue,bom,BS-SM-16462,2245 / 2673,Paint Mixing,-27,Gram,9.75,malikhashir85858@gmail.com,,Variance: sign done,PANTONE 4625 C,,
TXN-260903-817,2026-09-03 00:20:59,issue,bom,BS-SM-16462,2354,Paint Matt Agent,-60,Gram,5.19,malikhashir85858@gmail.com,,Variance: sign done,,,
TXN-260903-818,2026-09-03 00:20:59,issue,bom,BS-SM-16462,2352,Paint Harnder,-64,Gram,5.81,malikhashir85858@gmail.com,,Variance: sign done,,,
TXN-260903-819,2026-09-03 00:20:59,issue,bom,BS-SM-16462,2355,Paint Thinner,-52,Gram,1.67,malikhashir85858@gmail.com,,Variance: sign done,,,
TXN-260903-820,2026-09-03 00:22:29,issue,bom,BS-QS-16554,2350,Paint Mixing,-60,Gram,6.44,malikhashir85858@gmail.com,,Variance: sign done,,,
TXN-260903-821,2026-09-03 00:22:29,issue,bom,BS-QS-16554,2764,Paint Mixing,-50,Gram,6.04,malikhashir85858@gmail.com,,Variance: sign done,,,
TXN-260903-822,2026-09-03 00:22:29,issue,bom,BS-QS-16554,2354,Paint Matt Agent,-61,Gram,5.19,malikhashir85858@gmail.com,,Variance: sign done,,,
TXN-260903-823,2026-09-03 00:22:29,issue,bom,BS-QS-16554,2352,Paint Harnder,-61,Gram,5.81,malikhashir85858@gmail.com,,Variance: sign done,,,
TXN-260903-824,2026-09-03 00:22:29,issue,bom,BS-QS-16554,2355,Paint Thinner,-50,Gram,1.67,malikhashir85858@gmail.com,,Variance: sign done,,,
TXN-260903-825,2026-09-03 00:53:52,issue,bom,BS-SI-16489,2350,Paint Mixing,-86,Gram,6.44,malikhashir85858@gmail.com,,Variance: DUE TO 2 SHADES,PANTONE 534 C,,
TXN-260903-826,2026-09-03 00:53:52,issue,bom,BS-SI-16489,2764,Paint Mixing,-74,Gram,6.04,malikhashir85858@gmail.com,,Variance: DUE TO 2 SHADES,PANTONE 534 C,,
TXN-260903-827,2026-09-03 00:53:52,issue,bom,BS-SI-16489,2699,Paint Mixing,-171,Gram,6.93,malikhashir85858@gmail.com,,Variance: DUE TO 2 SHADES,PANTONE 534 C,,
TXN-260903-828,2026-09-03 00:53:52,issue,bom,BS-SI-16489,2754,Paint Mixing,-82,Gram,7.78,malikhashir85858@gmail.com,,Variance: DUE TO 2 SHADES,PANTONE 534 C,,
TXN-260903-829,2026-09-03 00:53:52,issue,bom,BS-SI-16489,2243,Paint Mixing,-42,Gram,9.04,malikhashir85858@gmail.com,,Variance: DUE TO 2 SHADES,PANTONE 534 C,,
TXN-260903-830,2026-09-03 00:53:52,issue,bom,BS-SI-16489,2354,Paint Matt Agent,-220,Gram,5.19,malikhashir85858@gmail.com,,Variance: DUE TO 2 SHADES,,,
TXN-260903-831,2026-09-03 00:53:52,issue,bom,BS-SI-16489,2352,Paint Harnder,-220,Gram,5.81,malikhashir85858@gmail.com,,Variance: DUE TO 2 SHADES,,,
TXN-260903-832,2026-09-03 00:53:52,issue,bom,BS-SI-16489,2355,Paint Thinner,-150,Gram,1.67,malikhashir85858@gmail.com,,Variance: DUE TO 2 SHADES,,,
TXN-260903-833,2026-09-03 00:54:10,issue,bom,BS-SI-16489,2350,Paint Mixing,-86,Gram,6.44,malikhashir85858@gmail.com,,Variance: DUE TO 2 SHADES,PANTONE 534 C,,
TXN-260903-834,2026-09-03 00:54:10,issue,bom,BS-SI-16489,2764,Paint Mixing,-74,Gram,6.04,malikhashir85858@gmail.com,,Variance: DUE TO 2 SHADES,PANTONE 534 C,,
TXN-260903-835,2026-09-03 00:54:10,issue,bom,BS-SI-16489,2699,Paint Mixing,-171,Gram,6.93,malikhashir85858@gmail.com,,Variance: DUE TO 2 SHADES,PANTONE 534 C,,
TXN-260903-836,2026-09-03 00:54:10,issue,bom,BS-SI-16489,2754,Paint Mixing,-82,Gram,7.78,malikhashir85858@gmail.com,,Variance: DUE TO 2 SHADES,PANTONE 534 C,,
TXN-260903-837,2026-09-03 00:54:10,issue,bom,BS-SI-16489,2243,Paint Mixing,-42,Gram,9.04,malikhashir85858@gmail.com,,Variance: DUE TO 2 SHADES,PANTONE 534 C,,
TXN-260903-838,2026-09-03 00:54:10,issue,bom,BS-SI-16489,2354,Paint Matt Agent,-220,Gram,5.19,malikhashir85858@gmail.com,,Variance: DUE TO 2 SHADES,,,
TXN-260903-839,2026-09-03 00:54:10,issue,bom,BS-SI-16489,2352,Paint Harnder,-220,Gram,5.81,malikhashir85858@gmail.com,,Variance: DUE TO 2 SHADES,,,
TXN-260903-840,2026-09-03 00:54:10,issue,bom,BS-SI-16489,2355,Paint Thinner,-150,Gram,1.67,malikhashir85858@gmail.com,,Variance: DUE TO 2 SHADES,,,
TXN-260903-841,2026-09-03 00:55:30,issue,bom,BS-SI-16489,2764,Paint Mixing,-200,Gram,6.04,malikhashir85858@gmail.com,HASHIR,Variance: DUE TO 2 SHADES | Re-issue: DUE TO 2 SHADES,,,
TXN-260903-842,2026-09-03 00:55:30,issue,bom,BS-SI-16489,2354,Paint Matt Agent,-100,Gram,5.19,malikhashir85858@gmail.com,HASHIR,Variance: DUE TO 2 SHADES | Re-issue: DUE TO 2 SHADES,,,
TXN-260903-843,2026-09-03 00:55:30,issue,bom,BS-SI-16489,2352,Paint Harnder,-100,Gram,5.81,malikhashir85858@gmail.com,HASHIR,Variance: DUE TO 2 SHADES | Re-issue: DUE TO 2 SHADES,,,
TXN-260903-844,2026-09-03 00:55:30,issue,bom,BS-SI-16489,2355,Paint Thinner,-150,Gram,1.67,malikhashir85858@gmail.com,HASHIR,Variance: DUE TO 2 SHADES | Re-issue: DUE TO 2 SHADES,,,
TXN-260903-845,2026-09-03 01:00:17,receipt,,,2354,Paint Matt Agent,900,Gram,5.19,malikhashir85858@gmail.com,,,,,2934
TXN-260903-846,2026-09-03 01:00:17,receipt,,,2754,Paint Mixing,900,Gram,7.78,malikhashir85858@gmail.com,,,,,2934
TXN-260903-847,2026-09-03 01:06:11,receipt,,,2350,Paint Mixing,6100,Gram,6.44,malikhashir85858@gmail.com,,,,,2935
TXN-260903-848,2026-09-03 03:52:51,issue,bom,BS-SI-16103,2239,Paint Mixing,-1,Gram,8.7,malikhashir85858@gmail.com,,Variance: ascasc,Bright White,,
TXN-260903-849,2026-09-03 03:55:04,issue,bom,BS-SI-16103,2269,Paint Mixing,-1,Gram,8.36,malikhashir85858@gmail.com,asca,Variance: sdfvssfdvsd | Re-issue: ascasdfvsv,PANTONE Black 6 C,,
TXN-260903-850,2026-09-03 03:56:25,issue,bom,BS-SI-16103,2241,Paint Mixing,-1,Gram,9.04,malikhashir85858@gmail.com,ascas,Variance: asca | Re-issue: ascac,PANTONE 125 C,,
TXN-260903-851,2026-09-03 03:58:41,issue,bom,BS-ET-16188,2242,Paint Mixing,-1,Gram,9.04,malikhashir85858@gmail.com,ascac,Variance: asca | Re-issue: ascasca,pantone 4063C,,
TXN-260903-852,2026-09-03 03:59:49,issue,bom,BS-US-2501 B,2243,Paint Mixing,-1,Gram,9.04,malikhashir85858@gmail.com,,Variance: ascs,PANTONE 268 C,,
TXN-260903-853,2026-09-03 04:04:07,issue,bom,BS-US-2489 B,2290,Paint Mixing,-1,Gram,8.36,malikhashir85858@gmail.com,,Variance: acsaca,PANTONE 185 C,,
TXN-260903-854,2026-09-03 04:06:07,issue,bom,BS-SI-16436-(Bulk),2271,Paint Mixing,-1,Gram,9.04,malikhashir85858@gmail.com,asca,Variance: ascasca | Re-issue: ascas,PANTONE 102 C,,
TXN-260903-855,2026-09-03 04:07:02,issue,bom,BS-SI-16436-(Bulk),2245 / 2673,Paint Mixing,-1,Gram,9.75,malikhashir85858@gmail.com,asca,Variance: ascasca | Re-issue: ascac,PANTONE 200 C,,
TXN-260903-856,2026-09-03 04:08:12,issue,bom,BS-US-2501 B,2214,Paint Mixing,-1,Gram,9.04,malikhashir85858@gmail.com,asca,Variance: acsa | Re-issue: ascasc,PANTONE Black 6 C,,
TXN-260903-857,2026-09-03 04:10:12,issue,bom,BS-US-2501 B,2272,Paint Mixing,-1,Gram,9.04,malikhashir85858@gmail.com,ascas,Variance: acsa | Re-issue: ascasc,PANTONE 2757 C,,
TXN-260903-858,2026-09-03 04:11:05,issue,bom,BS-US-2501 B,2253,Paint Mixing,-1,Gram,9.04,malikhashir85858@gmail.com,asca,Variance: acsa | Re-issue: ascac,PANTONE 567 C,,
TXN-260903-859,2026-09-03 04:15:03,issue,bom,BS-ET-16169,2350,Paint Mixing,-1,Gram,6.44,malikhashir85858@gmail.com,,Variance: acsasc,Bright White,,
TXN-260903-860,2026-09-03 04:17:50,issue,bom,BS-ET-16169,2257,Paint Mixing,-1,Gram,9.2,malikhashir85858@gmail.com,asca,Variance: acsasc | Re-issue: ascasc,PANTONE 2428C,,
TXN-260903-861,2026-09-03 04:19:32,issue,bom,BS-ET-16188,2351,Paint Mixing,-1,Gram,6.04,malikhashir85858@gmail.com,asca,Variance: ascascac | Re-issue: ascac,PANTONE Black C,,
TXN-260903-862,2026-09-03 04:19:55,issue,bom,BS-ET-16188,2351,Paint Mixing,-1,Gram,6.04,malikhashir85858@gmail.com,asca,Variance: ascascac | Re-issue: ascac,PANTONE Black C,,
TXN-260903-863,2026-09-03 04:21:25,issue,bom,BS-US-2501 B,2428,Paint Mixing,-1,Gram,12.97,malikhashir85858@gmail.com,acas,Variance: asdcas | Re-issue: acsasc,PANTONE 199 C,,
TXN-260903-864,2026-09-03 04:22:08,issue,bom,BS-US-2501 B,2429,Paint Mixing,-1,Gram,16.09,malikhashir85858@gmail.com,sdfvsf,Variance: asdcas | Re-issue: sdfvsdf,PANTONE 185 C,,
TXN-260903-865,2026-09-03 04:24:24,issue,bom,BS-US-2501 B,2353,Paint Mixing,-1,Gram,12.42,malikhashir85858@gmail.com,ascas,Variance: asdcas | Re-issue: acsasca,PANTONE Orange 021 C,,
TXN-260903-866,2026-09-03 04:26:27,issue,bom,BS-US-2501 B,2758,Paint Mixing,-1,Gram,8.3,malikhashir85858@gmail.com,ascacs,Variance: acasc | Re-issue: acsasc,pantone 7722 C,,
TXN-260903-867,2026-09-03 04:27:08,issue,bom,BS-US-2501 B,2754,Paint Mixing,-1,Gram,7.78,malikhashir85858@gmail.com,asca,Variance: acasc | Re-issue: acasc,PANTONE 1955 C,,
TXN-260903-868,2026-09-03 04:27:40,issue,bom,BS-US-2501 B,2755,Paint Mixing,-1,Gram,5.19,malikhashir85858@gmail.com,ascas,Variance: acasc | Re-issue: ascasc,PANTONE 1675 C,,
TXN-260903-869,2026-09-03 04:28:11,issue,bom,BS-US-2501 B,2756,Paint Mixing,-1,Gram,11.42,malikhashir85858@gmail.com,ascasc,Variance: acasc | Re-issue: ascasca,PANTONE 267 C,,
TXN-260903-870,2026-09-03 04:28:48,issue,bom,BS-US-2501 B,2697,Paint Mixing,-1,Gram,7.78,malikhashir85858@gmail.com,ascas,Variance: acasc | Re-issue: ascasca,PANTONE 117 C,,
TXN-260903-871,2026-09-03 04:29:34,issue,bom,BS-US-2501 B,2764,Paint Mixing,-1,Gram,6.04,malikhashir85858@gmail.com,ascasc,Variance: acasc | Re-issue: ascascacs,PANTONE Black 6 C,,
TXN-260903-872,2026-09-03 04:30:18,issue,bom,BS-US-2501 B,2438,Paint Mixing,-1,Gram,10.27,malikhashir85858@gmail.com,ascasc,Variance: acasc | Re-issue: ascasc,PANTONE 2766 C,,
TXN-260903-873,2026-09-03 04:36:38,issue,bom,BS-ET-16211,2244,Paint Mixing,-1,Gram,9.04,malikhashir85858@gmail.com,,Variance: ascasca,PANTONE 216 C,,
TXN-260904-874,2026-09-03 22:52:48,issue,bom,BS-SI-16439,2158,Epoxy Set,-950,Gram,7.79,malikhashir85858@gmail.com,,Variance: under cost,,,
TXN-260904-875,2026-09-03 22:52:48,issue,bom,BS-SI-16439,1145,Epoxy Set,-185,Gram,3.8,malikhashir85858@gmail.com,,Variance: under cost,,,
TXN-260904-876,2026-09-03 22:52:48,issue,bom,BS-SI-16439,244,Epoxy Set,-200,Gram,0.54,malikhashir85858@gmail.com,,Variance: under cost,,,
TXN-260904-877,2026-09-03 22:52:48,issue,bom,BS-SI-16439,2350,Paint Mixing,-150,Gram,6.44,malikhashir85858@gmail.com,,Variance: under cost,,,
TXN-260904-878,2026-09-03 22:52:48,issue,bom,BS-SI-16439,2354,Paint Matt Agent,-75,Gram,5.19,malikhashir85858@gmail.com,,Variance: under cost,,,
TXN-260904-879,2026-09-03 22:52:48,issue,bom,BS-SI-16439,2352,Paint Harnder,-75,Gram,5.81,malikhashir85858@gmail.com,,Variance: under cost,,,
TXN-260904-880,2026-09-03 22:52:48,issue,bom,BS-SI-16439,804,Paint Thinner,-80,Gram,0.56,malikhashir85858@gmail.com,,Variance: under cost,,,
TXN-260904-881,2026-09-04 00:29:37,issue,bom,BS-ET-16531,2158,Epoxy Set,-150,Gram,7.79,malikhashir85858@gmail.com,,Variance: due to 2 shades / bom issue | Re-issue: 2 pantones,,,
TXN-260904-882,2026-09-04 00:29:37,issue,bom,BS-ET-16531,1145,Epoxy Set,-30,Gram,3.8,malikhashir85858@gmail.com,,Variance: due to 2 shades / bom issue | Re-issue: 2 pantones,,,
TXN-260904-883,2026-09-04 00:29:37,issue,bom,BS-ET-16531,244,Epoxy Set,-30,Gram,0.54,malikhashir85858@gmail.com,,Variance: due to 2 shades / bom issue | Re-issue: 2 pantones,,,
TXN-260904-884,2026-09-04 00:29:37,issue,bom,BS-ET-16531,2350,Paint Mixing,-120,Gram,6.44,malikhashir85858@gmail.com,,Variance: due to 2 shades / bom issue | Re-issue: 2 pantones,,,
TXN-260904-885,2026-09-04 00:29:37,issue,bom,BS-ET-16531,2354,Paint Matt Agent,-100,Gram,5.19,malikhashir85858@gmail.com,,Variance: due to 2 shades / bom issue | Re-issue: 2 pantones,,,
TXN-260905-886,2026-09-04 22:52:16,issue,bom,BS-SI-16579-A,2764,Paint Mixing,-55,Gram,6.04,malikhashir85858@gmail.com,,Variance: sign done,,BATCH-260905-105216 (BS-SI-16579-A + BS-SI-16579-B + BS-SI-16579-C),
TXN-260905-887,2026-09-04 22:52:16,issue,bom,BS-SI-16579-B,2764,Paint Mixing,-55,Gram,6.04,malikhashir85858@gmail.com,,Variance: sign done,,BATCH-260905-105216 (BS-SI-16579-A + BS-SI-16579-B + BS-SI-16579-C),
TXN-260905-888,2026-09-04 22:52:16,issue,bom,BS-SI-16579-C,2764,Paint Mixing,-55,Gram,6.04,malikhashir85858@gmail.com,,Variance: sign done,,BATCH-260905-105216 (BS-SI-16579-A + BS-SI-16579-B + BS-SI-16579-C),
TXN-260905-889,2026-09-04 22:52:16,issue,bom,BS-SI-16579-A,2354,Paint Matt Agent,-28.67,Gram,5.19,malikhashir85858@gmail.com,,Variance: sign done,,BATCH-260905-105216 (BS-SI-16579-A + BS-SI-16579-B + BS-SI-16579-C),
TXN-260905-890,2026-09-04 22:52:16,issue,bom,BS-SI-16579-B,2354,Paint Matt Agent,-28.67,Gram,5.19,malikhashir85858@gmail.com,,Variance: sign done,,BATCH-260905-105216 (BS-SI-16579-A + BS-SI-16579-B + BS-SI-16579-C),
TXN-260905-891,2026-09-04 22:52:16,issue,bom,BS-SI-16579-C,2354,Paint Matt Agent,-28.66,Gram,5.19,malikhashir85858@gmail.com,,Variance: sign done,,BATCH-260905-105216 (BS-SI-16579-A + BS-SI-16579-B + BS-SI-16579-C),
TXN-260905-892,2026-09-04 22:52:16,issue,bom,BS-SI-16579-A,2352,Paint Harnder,-28.67,Gram,5.81,malikhashir85858@gmail.com,,Variance: sign done,,BATCH-260905-105216 (BS-SI-16579-A + BS-SI-16579-B + BS-SI-16579-C),
TXN-260905-893,2026-09-04 22:52:16,issue,bom,BS-SI-16579-B,2352,Paint Harnder,-28.67,Gram,5.81,malikhashir85858@gmail.com,,Variance: sign done,,BATCH-260905-105216 (BS-SI-16579-A + BS-SI-16579-B + BS-SI-16579-C),
TXN-260905-894,2026-09-04 22:52:16,issue,bom,BS-SI-16579-C,2352,Paint Harnder,-28.66,Gram,5.81,malikhashir85858@gmail.com,,Variance: sign done,,BATCH-260905-105216 (BS-SI-16579-A + BS-SI-16579-B + BS-SI-16579-C),
TXN-260905-895,2026-09-04 22:52:16,issue,bom,BS-SI-16579-A,2355,Paint Thinner,-23.33,Gram,1.67,malikhashir85858@gmail.com,,Variance: sign done,,BATCH-260905-105216 (BS-SI-16579-A + BS-SI-16579-B + BS-SI-16579-C),
TXN-260905-896,2026-09-04 22:52:16,issue,bom,BS-SI-16579-B,2355,Paint Thinner,-23.33,Gram,1.67,malikhashir85858@gmail.com,,Variance: sign done,,BATCH-260905-105216 (BS-SI-16579-A + BS-SI-16579-B + BS-SI-16579-C),
TXN-260905-897,2026-09-04 22:52:16,issue,bom,BS-SI-16579-C,2355,Paint Thinner,-23.34,Gram,1.67,malikhashir85858@gmail.com,,Variance: sign done,,BATCH-260905-105216 (BS-SI-16579-A + BS-SI-16579-B + BS-SI-16579-C),
TXN-260905-898,2026-09-05 01:21:24,receipt,,,2764,Paint Mixing,1518,Gram,6.04,malikhashir85858@gmail.com,,,,,0
TXN-260905-899,2026-09-05 01:21:24,receipt,,,2195,Paint Matt Agent,1620,Gram,4.86,malikhashir85858@gmail.com,,,,,0
TXN-260905-900,2026-09-05 01:21:24,receipt,,,1145,Epoxy Set,693,Gram,3.8,malikhashir85858@gmail.com,,,,,0
TXN-260905-901,2026-09-05 01:21:24,receipt,,,244,Epoxy Set,1609,Gram,0.54,malikhashir85858@gmail.com,,,,,0
TXN-260905-902,2026-09-05 01:21:24,receipt,,,1003,Epoxy Set,93,Gram,1.18,malikhashir85858@gmail.com,,,,,0
TXN-260905-903,2026-09-05 01:21:24,receipt,,,520,Paint Mixing,1410,Gram,7.4,malikhashir85858@gmail.com,,,,,0
TXN-260905-904,2026-09-05 01:21:24,receipt,,,502,Paint Mixing,1220,Gram,3.59,malikhashir85858@gmail.com,,,,,0
TXN-260905-905,2026-09-05 01:21:24,receipt,,,2763,Paint Binder,340,Gram,3.66,malikhashir85858@gmail.com,,,,,0
TXN-260905-906,2026-09-05 01:28:30,adjust,,,804,Paint Thinner,-11945,Gram,0.56,malikhashir85858@gmail.com,,us,,,
TXN-260905-907,2026-09-05 01:28:30,adjust,,,2158,Epoxy Set,-2879,Gram,7.79,malikhashir85858@gmail.com,,u,,,
TXN-260905-908,2026-09-05 01:28:30,adjust,,,2354,Paint Matt Agent,-584,Gram,5.19,malikhashir85858@gmail.com,,u,,,
TXN-260905-909,2026-09-05 01:28:30,adjust,,,2214,Paint Mixing,-708,Gram,9.04,malikhashir85858@gmail.com,,u,,,
TXN-260905-910,2026-09-05 01:28:30,adjust,,,2525,Paint Mixing,-2578,Gram,1.97,malikhashir85858@gmail.com,,u,,,
TXN-260905-911,2026-09-05 01:28:30,adjust,,,124,Paint Mixing,-3424,Gram,,malikhashir85858@gmail.com,,u,,,
TXN-260905-912,2026-09-05 01:31:39,receipt,,,2404,Paint Thinner,332,Gram,2.11,malikhashir85858@gmail.com,,,,,0
TXN-260905-913,2026-09-05 01:31:39,receipt,,,2247,Paint Binder,447,Gram,7.41,malikhashir85858@gmail.com,,,,,0
TXN-260905-914,2026-09-05 01:33:26,issue,rework,BS-ET-16456,2354,Paint Matt Agent,-584,Gram,5.19,malikhashir85858@gmail.com,hashir,Repaint: ....,,,
TXN-260905-915,2026-09-05 01:33:26,issue,rework,BS-ET-16456,2352,Paint Harnder,-87,Gram,5.81,malikhashir85858@gmail.com,hashir,Repaint: ....,,,
TXN-260905-916,2026-09-05 01:33:26,issue,rework,BS-ET-16456,2254,Miscellaneous,-115,Nos,,malikhashir85858@gmail.com,hashir,Repaint: ....,,,
TXN-260905-917,2026-09-05 01:54:37,receipt,,,2764,Paint Mixing,2305,Gram,6.04,malikhashir85858@gmail.com,,,,,
TXN-260905-918,2026-09-05 01:56:17,adjust,,,2764,Paint Mixing,-2305,Gram,6.04,malikhashir85858@gmail.com,,d,,,
TXN-260905-919,2026-09-05 02:21:24,receipt,,,2354,Paint Matt Agent,584,Gram,5.19,malikhashir85858@gmail.com,,,,,
TXN-260905-920,2026-09-05 02:21:24,receipt,,,2352,Paint Harnder,174,Gram,5.81,malikhashir85858@gmail.com,,,,,
TXN-260905-921,2026-09-05 02:24:24,issue,bom,BS-ET-16498,2764,Paint Mixing,-90,Gram,6.04,malikhashir85858@gmail.com,,Variance: sign done,,,
TXN-260905-922,2026-09-05 02:24:24,issue,bom,BS-ET-16498,2354,Paint Matt Agent,-45,Gram,5.19,malikhashir85858@gmail.com,,Variance: sign done,,,
TXN-260905-923,2026-09-05 02:24:24,issue,bom,BS-ET-16498,2352,Paint Harnder,-45,Gram,5.81,malikhashir85858@gmail.com,,Variance: sign done,,,
TXN-260905-924,2026-09-05 02:24:24,issue,bom,BS-ET-16498,2355,Paint Thinner,-46,Gram,1.67,malikhashir85858@gmail.com,,Variance: sign done,,,
TXN-260905-925,2026-09-05 02:26:51,issue,bom,BS-LHET-376-A,2350,Paint Mixing,-55,Gram,6.44,malikhashir85858@gmail.com,,Variance: sign done,,BATCH-260905-142651 (BS-LHET-376-A + BS-LHET-376-B + BS-LHET-376-C),
TXN-260905-926,2026-09-05 02:26:51,issue,bom,BS-LHET-376-B,2350,Paint Mixing,-55,Gram,6.44,malikhashir85858@gmail.com,,Variance: sign done,,BATCH-260905-142651 (BS-LHET-376-A + BS-LHET-376-B + BS-LHET-376-C),
TXN-260905-927,2026-09-05 02:26:51,issue,bom,BS-LHET-376-C,2350,Paint Mixing,-55,Gram,6.44,malikhashir85858@gmail.com,,Variance: sign done,,BATCH-260905-142651 (BS-LHET-376-A + BS-LHET-376-B + BS-LHET-376-C),
TXN-260905-928,2026-09-05 02:26:51,issue,bom,BS-LHET-376-A,2354,Paint Matt Agent,-28.33,Gram,5.19,malikhashir85858@gmail.com,,Variance: sign done,,BATCH-260905-142651 (BS-LHET-376-A + BS-LHET-376-B + BS-LHET-376-C),
TXN-260905-929,2026-09-05 02:26:51,issue,bom,BS-LHET-376-B,2354,Paint Matt Agent,-28.33,Gram,5.19,malikhashir85858@gmail.com,,Variance: sign done,,BATCH-260905-142651 (BS-LHET-376-A + BS-LHET-376-B + BS-LHET-376-C),
TXN-260905-930,2026-09-05 02:26:51,issue,bom,BS-LHET-376-C,2354,Paint Matt Agent,-28.34,Gram,5.19,malikhashir85858@gmail.com,,Variance: sign done,,BATCH-260905-142651 (BS-LHET-376-A + BS-LHET-376-B + BS-LHET-376-C),
TXN-260905-931,2026-09-05 02:26:51,issue,bom,BS-LHET-376-A,2352,Paint Harnder,-28.33,Gram,5.81,malikhashir85858@gmail.com,,Variance: sign done,,BATCH-260905-142651 (BS-LHET-376-A + BS-LHET-376-B + BS-LHET-376-C),
TXN-260905-932,2026-09-05 02:26:51,issue,bom,BS-LHET-376-B,2352,Paint Harnder,-28.33,Gram,5.81,malikhashir85858@gmail.com,,Variance: sign done,,BATCH-260905-142651 (BS-LHET-376-A + BS-LHET-376-B + BS-LHET-376-C),
TXN-260905-933,2026-09-05 02:26:51,issue,bom,BS-LHET-376-C,2352,Paint Harnder,-28.34,Gram,5.81,malikhashir85858@gmail.com,,Variance: sign done,,BATCH-260905-142651 (BS-LHET-376-A + BS-LHET-376-B + BS-LHET-376-C),
TXN-260905-934,2026-09-05 02:26:51,issue,bom,BS-LHET-376-A,2404,Paint Thinner,-21.67,Gram,2.11,malikhashir85858@gmail.com,,Variance: sign done,,BATCH-260905-142651 (BS-LHET-376-A + BS-LHET-376-B + BS-LHET-376-C),
TXN-260905-935,2026-09-05 02:26:51,issue,bom,BS-LHET-376-B,2404,Paint Thinner,-21.67,Gram,2.11,malikhashir85858@gmail.com,,Variance: sign done,,BATCH-260905-142651 (BS-LHET-376-A + BS-LHET-376-B + BS-LHET-376-C),
TXN-260905-936,2026-09-05 02:26:51,issue,bom,BS-LHET-376-C,2404,Paint Thinner,-21.66,Gram,2.11,malikhashir85858@gmail.com,,Variance: sign done,,BATCH-260905-142651 (BS-LHET-376-A + BS-LHET-376-B + BS-LHET-376-C),
TXN-260905-937,2026-09-05 02:28:32,issue,bom,BS-SM-16457,2350,Paint Mixing,-100,Gram,6.44,malikhashir85858@gmail.com,,Variance: done,,,
TXN-260905-938,2026-09-05 02:28:32,issue,bom,BS-SM-16457,2354,Paint Matt Agent,-50,Gram,5.19,malikhashir85858@gmail.com,,Variance: done,,,
TXN-260905-939,2026-09-05 02:28:32,issue,bom,BS-SM-16457,2352,Paint Harnder,-50,Gram,5.81,malikhashir85858@gmail.com,,Variance: done,,,
TXN-260905-940,2026-09-05 02:28:32,issue,bom,BS-SM-16457,2404,Paint Thinner,-23,Gram,2.11,malikhashir85858@gmail.com,,Variance: done,,,
TXN-260905-941,2026-09-05 02:34:17,issue,bom,BS-ET-16560,2764,Paint Mixing,-55,Gram,6.04,malikhashir85858@gmail.com,,Variance: sign done,,,
TXN-260905-942,2026-09-05 02:34:17,issue,bom,BS-ET-16560,2354,Paint Matt Agent,-28,Gram,5.19,malikhashir85858@gmail.com,,Variance: sign done,,,
TXN-260905-943,2026-09-05 02:34:17,issue,bom,BS-ET-16560,2352,Paint Harnder,-28,Gram,5.81,malikhashir85858@gmail.com,,Variance: sign done,,,
TXN-260905-944,2026-09-05 02:34:17,issue,bom,BS-ET-16560,2404,Paint Thinner,-23,Gram,2.11,malikhashir85858@gmail.com,,Variance: sign done,,,
TXN-260905-945,2026-09-05 02:38:35,issue,bom,BS-LHET-360,2350,Paint Mixing,-100,Gram,6.44,malikhashir85858@gmail.com,,Variance: done,,,
TXN-260905-946,2026-09-05 02:38:35,issue,bom,BS-LHET-360,2354,Paint Matt Agent,-28,Gram,5.19,malikhashir85858@gmail.com,,Variance: done,,,
TXN-260905-947,2026-09-05 02:38:35,issue,bom,BS-LHET-360,2352,Paint Harnder,-28,Gram,5.81,malikhashir85858@gmail.com,,Variance: done,,,
TXN-260905-948,2026-09-05 02:38:35,issue,bom,BS-LHET-360,2404,Paint Thinner,-23,Gram,2.11,malikhashir85858@gmail.com,,Variance: done,,,
TXN-260905-949,2026-09-05 02:42:29,issue,bom,BS-SM-15743 RE,2241,Paint Mixing,-21,Gram,9.04,malikhashir85858@gmail.com,,Variance: SIGN DONE,pantone 2312C,,
TXN-260905-950,2026-09-05 02:42:29,issue,bom,BS-SM-15743 RE,2242,Paint Mixing,-3,Gram,9.04,malikhashir85858@gmail.com,,Variance: SIGN DONE,pantone 2312C,,
TXN-260905-951,2026-09-05 02:42:29,issue,bom,BS-SM-15743 RE,2350,Paint Mixing,-77,Gram,6.44,malikhashir85858@gmail.com,,Variance: SIGN DONE,pantone 2312C,,
TXN-260905-952,2026-09-05 02:42:29,issue,bom,BS-SM-15743 RE,2764,Paint Mixing,-13,Gram,6.04,malikhashir85858@gmail.com,,Variance: SIGN DONE,pantone 2312C,,
TXN-260905-953,2026-09-05 02:42:29,issue,bom,BS-SM-15743 RE,2353,Paint Mixing,-11,Gram,12.42,malikhashir85858@gmail.com,,Variance: SIGN DONE,pantone 2312C,,
TXN-260905-954,2026-09-05 02:42:29,issue,bom,BS-SM-15743 RE,2253,Paint Mixing,-1,Gram,9.04,malikhashir85858@gmail.com,,Variance: SIGN DONE,pantone 2312C,,
TXN-260905-955,2026-09-05 02:42:29,issue,bom,BS-SM-15743 RE,2354,Paint Matt Agent,-28,Gram,5.19,malikhashir85858@gmail.com,,Variance: SIGN DONE,,,
TXN-260905-956,2026-09-05 02:42:29,issue,bom,BS-SM-15743 RE,2352,Paint Harnder,-28,Gram,5.81,malikhashir85858@gmail.com,,Variance: SIGN DONE,,,
TXN-260905-957,2026-09-05 02:42:29,issue,bom,BS-SM-15743 RE,2404,Paint Thinner,-23,Gram,2.11,malikhashir85858@gmail.com,,Variance: SIGN DONE,,,
TXN-260905-958,2026-09-05 05:25:47,receipt,,,2758,Paint Mixing,900,Gram,8.3,malikhashir85858@gmail.com,,,,,NIPPON MIXING
TXN-260905-959,2026-09-05 05:25:47,receipt,,,2428,Paint Mixing,900,Gram,12.97,malikhashir85858@gmail.com,,,,,NIPPON MIXING
TXN-260905-960,2026-09-05 05:25:47,receipt,,,2697,Paint Mixing,900,Gram,7.78,malikhashir85858@gmail.com,,,,,NIPPON MIXING
TXN-260905-961,2026-09-05 05:25:47,receipt,,,2438,Paint Mixing,900,Gram,10.27,malikhashir85858@gmail.com,,,,,NIPPON MIXING
TXN-260905-962,2026-09-05 05:28:01,issue,bom,BS-LHET-368,2438,Paint Mixing,-2,Gram,10.27,malikhashir85858@gmail.com,,Variance: SIGN DONE,PANTONE 695 C,,
TXN-260905-963,2026-09-05 05:28:01,issue,bom,BS-LHET-368,2245 / 2673,Paint Mixing,-14,Gram,9.75,malikhashir85858@gmail.com,,Variance: SIGN DONE,PANTONE 695 C,,
TXN-260905-964,2026-09-05 05:28:01,issue,bom,BS-LHET-368,2353,Paint Mixing,-19,Gram,12.42,malikhashir85858@gmail.com,,Variance: SIGN DONE,PANTONE 695 C,,
TXN-260905-965,2026-09-05 05:28:01,issue,bom,BS-LHET-368,2764,Paint Mixing,-11,Gram,6.04,malikhashir85858@gmail.com,,Variance: SIGN DONE,PANTONE 695 C,,
TXN-260905-966,2026-09-05 05:28:01,issue,bom,BS-LHET-368,2350,Paint Mixing,-81,Gram,6.44,malikhashir85858@gmail.com,,Variance: SIGN DONE,PANTONE 695 C,,
TXN-260905-967,2026-09-05 05:28:01,issue,bom,BS-LHET-368,2354,Paint Matt Agent,-28,Gram,5.19,malikhashir85858@gmail.com,,Variance: SIGN DONE,,,
TXN-260905-968,2026-09-05 05:28:01,issue,bom,BS-LHET-368,2352,Paint Harnder,-28,Gram,5.81,malikhashir85858@gmail.com,,Variance: SIGN DONE,,,
TXN-260905-969,2026-09-05 05:28:01,issue,bom,BS-LHET-368,2404,Paint Thinner,-23,Gram,2.11,malikhashir85858@gmail.com,,Variance: SIGN DONE,,,
TXN-260905-970,2026-09-05 05:33:09,issue,rework,BS-SI-16500,2350,Paint Mixing,-100,Gram,6.44,malikhashir85858@gmail.com,HAHSIR,Repaint: BUSH ISSUE,,,
TXN-260905-971,2026-09-05 05:33:09,issue,rework,BS-SI-16500,2525,Paint Mixing,-50,Gram,1.97,malikhashir85858@gmail.com,HAHSIR,Repaint: BUSH ISSUE,,,
TXN-260905-972,2026-09-05 05:33:09,issue,rework,BS-SI-16500,2354,Paint Matt Agent,-75,Gram,5.19,malikhashir85858@gmail.com,HAHSIR,Repaint: BUSH ISSUE,,,
TXN-260905-973,2026-09-05 05:33:09,issue,rework,BS-SI-16500,2352,Paint Harnder,-75,Gram,5.81,malikhashir85858@gmail.com,HAHSIR,Repaint: BUSH ISSUE,,,
TXN-260905-974,2026-09-05 05:33:09,issue,rework,BS-SI-16500,2404,Paint Thinner,-40,Gram,2.11,malikhashir85858@gmail.com,HAHSIR,Repaint: BUSH ISSUE,,,
TXN-260907-975,2026-09-06 23:32:37,adjust,,,2269,Paint Mixing,-1225,Gram,8.36,malikhashir85858@gmail.com,,a,,,due to color mixing
TXN-260907-976,2026-09-06 23:32:37,adjust,,,2239,Paint Mixing,-1722,Gram,8.7,malikhashir85858@gmail.com,,a,,,due to color mixing
TXN-260907-977,2026-09-06 23:32:37,adjust,,,2271,Paint Mixing,-915,Gram,9.04,malikhashir85858@gmail.com,,a,,,due to color mixing
TXN-260907-978,2026-09-06 23:32:37,adjust,,,2241,Paint Mixing,-55,Gram,9.04,malikhashir85858@gmail.com,,a,,,due to color mixing
TXN-260907-979,2026-09-06 23:32:37,adjust,,,2257,Paint Mixing,-317,Gram,9.2,malikhashir85858@gmail.com,,a,,,due to color mixing
TXN-260907-980,2026-09-06 23:32:37,adjust,,,2253,Paint Mixing,-257,Gram,9.04,malikhashir85858@gmail.com,,a,,,due to color mixing
TXN-260907-981,2026-09-06 23:32:37,adjust,,,2245 / 2673,Paint Mixing,-233,Gram,9.75,malikhashir85858@gmail.com,,a,,,due to color mixing
TXN-260907-982,2026-09-06 23:32:37,adjust,,,2438,Paint Mixing,-243,Gram,10.27,malikhashir85858@gmail.com,,a,,,due to color mixing
TXN-260907-983,2026-09-06 23:32:37,adjust,,,2699,Paint Mixing,-472,Gram,6.93,malikhashir85858@gmail.com,,a,,,due to color mixing
TXN-260907-984,2026-09-06 23:32:37,adjust,,,2353,Paint Mixing,-264,Gram,12.42,malikhashir85858@gmail.com,,a,,,due to color mixing
TXN-260907-985,2026-09-06 23:32:37,adjust,,,2754,Paint Mixing,-635,Gram,7.78,malikhashir85858@gmail.com,,a,,,due to color mixing
TXN-260907-986,2026-09-06 23:32:37,adjust,,,2758,Paint Mixing,222,Gram,8.3,malikhashir85858@gmail.com,,a,,,due to color mixing
TXN-260907-987,2026-09-06 23:32:37,adjust,,,2438,Paint Mixing,-358,Gram,10.27,malikhashir85858@gmail.com,,a,,,due to color mixing
TXN-260907-988,2026-09-06 23:32:37,adjust,,,2428,Paint Mixing,227,Gram,12.97,malikhashir85858@gmail.com,,a,,,due to color mixing
TXN-260907-989,2026-09-06 23:32:37,adjust,,,2756,Paint Mixing,1114,Gram,11.42,malikhashir85858@gmail.com,,a,,,due to color mixing
TXN-260907-990,2026-09-06 23:32:37,adjust,,,2697,Paint Mixing,551,Gram,7.78,malikhashir85858@gmail.com,,a,,,due to color mixing
TXN-260907-991,2026-09-06 23:45:00,adjust,,,2350,Paint Mixing,-2200,Gram,6.44,malikhashir85858@gmail.com,,a,,,
TXN-260907-992,2026-09-06 23:50:06,issue,bom,BS-US-2552 A,2195,Paint Matt Agent,-537,Gram,4.86,malikhashir85858@gmail.com,,Variance: done,,,
TXN-260907-993,2026-09-06 23:53:15,receipt,,,2352,Paint Harnder,1050,Gram,5.81,malikhashir85858@gmail.com,,,,,2943
TXN-260907-994,2026-09-06 23:53:15,receipt,,,2438,Paint Mixing,1258,Gram,10.27,malikhashir85858@gmail.com,,,,,2943
TXN-260907-995,2026-09-06 23:53:15,receipt,,,2195,Paint Matt Agent,550,Gram,4.86,malikhashir85858@gmail.com,,,,,2943
TXN-260907-996,2026-09-06 23:53:15,receipt,,,2764,Paint Mixing,900,Gram,6.04,malikhashir85858@gmail.com,,,,,2943
TXN-260907-997,2026-09-07 00:13:57,issue,bom,BS-ET-16565,2158,Epoxy Set,-1300,Gram,7.79,malikhashir85858@gmail.com,,Variance: due to 2 shades,,,
TXN-260907-998,2026-09-07 00:13:57,issue,bom,BS-ET-16565,1145,Epoxy Set,-256,Gram,3.8,malikhashir85858@gmail.com,,Variance: due to 2 shades,,,
TXN-260907-999,2026-09-07 00:13:57,issue,bom,BS-ET-16565,244,Epoxy Set,-256,Gram,0.54,malikhashir85858@gmail.com,,Variance: due to 2 shades,,,
TXN-260907-1000,2026-09-07 00:13:57,issue,bom,BS-ET-16565,2241,Paint Mixing,-3,Gram,9.04,malikhashir85858@gmail.com,,Variance: due to 2 shades,PANTONE 5415 C,,
TXN-260907-1001,2026-09-07 00:13:57,issue,bom,BS-ET-16565,2271,Paint Mixing,-3,Gram,9.04,malikhashir85858@gmail.com,,Variance: due to 2 shades,PANTONE 5415 C,,
TXN-260907-1002,2026-09-07 00:13:57,issue,bom,BS-ET-16565,2438,Paint Mixing,-10,Gram,10.27,malikhashir85858@gmail.com,,Variance: due to 2 shades,PANTONE 5415 C,,
TXN-260907-1003,2026-09-07 00:13:57,issue,bom,BS-ET-16565,2754,Paint Mixing,-8,Gram,7.78,malikhashir85858@gmail.com,,Variance: due to 2 shades,PANTONE 5415 C,,
TXN-260907-1004,2026-09-07 00:13:57,issue,bom,BS-ET-16565,2350,Paint Mixing,-70,Gram,6.44,malikhashir85858@gmail.com,,Variance: due to 2 shades,PANTONE 5415 C,,
TXN-260907-1005,2026-09-07 00:13:57,issue,bom,BS-ET-16565,2764,Paint Mixing,-28,Gram,6.04,malikhashir85858@gmail.com,,Variance: due to 2 shades,PANTONE 5415 C,,
TXN-260907-1006,2026-09-07 00:13:57,issue,bom,BS-ET-16565,2354,Paint Matt Agent,-60,Gram,5.19,malikhashir85858@gmail.com,,Variance: due to 2 shades,,,
TXN-260907-1007,2026-09-07 00:13:57,issue,bom,BS-ET-16565,2352,Paint Harnder,-60,Gram,5.81,malikhashir85858@gmail.com,,Variance: due to 2 shades,,,
TXN-260907-1008,2026-09-07 00:13:57,issue,bom,BS-ET-16565,2355,Paint Thinner,-100,Gram,1.67,malikhashir85858@gmail.com,,Variance: due to 2 shades,,,
TXN-260907-1009,2026-09-07 00:13:57,issue,bom,BS-ET-16565,246,Miscellaneous,-200,Nos,,malikhashir85858@gmail.com,,Variance: due to 2 shades,,,
TXN-260907-1010,2026-09-07 00:18:57,issue,bom,BS-ET-16565,2350,Paint Mixing,-200,Gram,6.44,malikhashir85858@gmail.com,hahsir,Variance: due to 2 shades | Re-issue: due to 2 shades,,,
TXN-260907-1011,2026-09-07 00:18:57,issue,bom,BS-ET-16565,2764,Paint Mixing,-100,Gram,6.04,malikhashir85858@gmail.com,hahsir,Variance: due to 2 shades | Re-issue: due to 2 shades,,,
TXN-260907-1012,2026-09-07 00:18:57,issue,bom,BS-ET-16565,2354,Paint Matt Agent,-150,Gram,5.19,malikhashir85858@gmail.com,hahsir,Variance: due to 2 shades | Re-issue: due to 2 shades,,,
TXN-260907-1013,2026-09-07 00:18:57,issue,bom,BS-ET-16565,2352,Paint Harnder,-150,Gram,5.81,malikhashir85858@gmail.com,hahsir,Variance: due to 2 shades | Re-issue: due to 2 shades,,,
TXN-260907-1014,2026-09-07 00:18:57,issue,bom,BS-ET-16565,2404,Paint Thinner,-169,Gram,2.11,malikhashir85858@gmail.com,hahsir,Variance: due to 2 shades | Re-issue: due to 2 shades,,,
TXN-260907-1015,2026-09-07 00:24:18,issue,bom,BS-GL-0023,2350,Paint Mixing,-118,Gram,6.44,malikhashir85858@gmail.com,,Variance: done,,,
TXN-260907-1016,2026-09-07 00:24:18,issue,bom,BS-GL-0023,2354,Paint Matt Agent,-59,Gram,5.19,malikhashir85858@gmail.com,,Variance: done,,,
TXN-260907-1017,2026-09-07 00:24:18,issue,bom,BS-GL-0023,2352,Paint Harnder,-59,Gram,5.81,malikhashir85858@gmail.com,,Variance: done,,,
TXN-260907-1018,2026-09-07 00:24:18,issue,bom,BS-GL-0023,2404,Paint Thinner,-47,Gram,2.11,malikhashir85858@gmail.com,,Variance: done,,,
