code,hex,lab_l,lab_a,lab_b
"PANTONE 100 C",#FFE966,92,-8,65
"PANTONE 101 C",#FFEA4F,92,-9,74
"PANTONE 10101 C",#D4D4D4,85,0,0
"PANTONE 10102 C",#C2C8C6,80,-2,0
"PANTONE 10103 C",#B9BCBB,76,-1,0
"PANTONE 10104 C",#ADB1B4,72,-1,-2
"PANTONE 10105 C",#ABAEB0,71,-1,-1
"PANTONE 10106 C",#B0AA77,69,-6,27
"PANTONE 10107 C",#B1AB64,69,-8,37
"PANTONE 10108 C",#B5AB53,69,-8,46
"PANTONE 10109 C",#B7AA41,69,-8,54
"PANTONE 10110 C",#BDA92A,69,-6,63
"PANTONE 10111 C",#C8B112,72,-6,72
"PANTONE 10112 C",#ACAA8A,69,-5,17
"PANTONE 10113 C",#AEA76F,68,-6,30
"PANTONE 10114 C",#B1A85E,68,-7,39
"PANTONE 10115 C",#B7A64E,68,-5,47
"PANTONE 10116 C",#BCA53A,68,-4,56
"PANTONE 10117 C",#C1A425,68,-2,64
"PANTONE 10118 C",#B0A36F,67,-3,29
"PANTONE 10119 C",#B8A25E,67,-1,38
"PANTONE 10120 C",#BB9D4C,66,1,46
"PANTONE 10121 C",#BD9938,65,3,54
"PANTONE 10122 C",#C69626,65,8,61
"PANTONE 10123 C",#CD930B,65,12,68
"PANTONE 10124 C",#B0A378,67,-2,24
"PANTONE 10125 C",#AE9D64,65,-2,32
"PANTONE 10126 C",#AE9652,63,0,39
"PANTONE 10127 C",#B29246,62,3,44
"PANTONE 10128 C",#B88C35,61,8,51
"PANTONE 10129 C",#BF852A,60,14,55
"PANTONE 10130 C",#B28F71,62,9,21
"PANTONE 10131 C",#B3855D,59,13,28
"PANTONE 10132 C",#B47D4E,57,16,34
"PANTONE 10133 C",#AE713B,53,19,39
"PANTONE 10134 C",#AD6931,51,22,42
"PANTONE 10135 C",#A96021,48,25,46
"PANTONE 10136 C",#AE9B89,65,4,12
"PANTONE 10137 C",#B18F75,62,9,19
"PANTONE 10138 C",#AF8260,58,13,25
"PANTONE 10139 C",#AC794E,55,15,31
"PANTONE 10140 C",#AD7143,53,19,35
"PANTONE 10141 C",#A56534,49,21,38
"PANTONE 10142 C",#B88D6C,62,12,24
"PANTONE 10143 C",#BD845B,60,17,31
"PANTONE 10144 C",#C27B49,58,23,38
"PANTONE 10145 C",#C7743A,57,28,45
"PANTONE 10146 C",#C96A29,55,33,51
"PANTONE 10147 C",#CD6318,54,38,57
"PANTONE 10148 C",#BA877B,61,18,14
"PANTONE 10149 C",#BD7B6B,58,24,19
"PANTONE 10150 C",#C06D58,55,31,26
"PANTONE 10151 C",#C26448,53,35,33
"PANTONE 10152 C",#C85B39,52,41,40
"PANTONE 10153 C",#CC532C,51,46,46
"PANTONE 10154 C",#AE9691,64,8,6
"PANTONE 10155 C",#B2877C,60,15,12
"PANTONE 10156 C",#B3776D,56,22,15
"PANTONE 10157 C",#B0695B,52,27,20
"PANTONE 10158 C",#B15C4E,49,33,24
"PANTONE 10159 C",#B45143,47,39,28
"PANTONE 10160 C",#B87E8F,59,25,0
"PANTONE 10161 C",#BC7082,56,32,3
"PANTONE 10162 C",#BE6276,53,39,6
"PANTONE 10163 C",#BF5565,50,44,12
"PANTONE 10164 C",#C34D59,49,48,18
"PANTONE 10165 C",#C94249,48,54,26
"PANTONE 10166 C",#B27C95,58,25,-5
"PANTONE 10167 C",#B26C8B,54,32,-5
"PANTONE 10168 C",#B55E7C,51,39,-1
"PANTONE 10169 C",#B34D71,47,45,0
"PANTONE 10170 C",#B54164,45,50,5
"PANTONE 10171 C",#B93156,43,56,11
"PANTONE 10172 C",#A37D9C,57,20,-11
"PANTONE 10173 C",#A26E95,53,27,-13
"PANTONE 10174 C",#A4628C,50,33,-12
"PANTONE 10175 C",#A15284,46,39,-13
"PANTONE 10176 C",#A7457A,44,46,-10
"PANTONE 10177 C",#AC3670,42,53,-7
"PANTONE 10178 C",#AE8CA4,62,17,-8
"PANTONE 10179 C",#AD7D9D,58,24,-10
"PANTONE 10180 C",#AC7197,55,29,-11
"PANTONE 10181 C",#AD6590,52,35,-11
"PANTONE 10182 C",#AF5688,49,42,-11
"PANTONE 10183 C",#B54880,47,50,-9
"PANTONE 10184 C",#AA91AA,63,14,-10
"PANTONE 10185 C",#AA85A8,60,20,-13
"PANTONE 10186 C",#A976A1,56,27,-15
"PANTONE 10187 C",#AA699C,53,34,-17
"PANTONE 10188 C",#AF5D99,51,41,-18
"PANTONE 10189 C",#AE5093,48,47,-19
"PANTONE 10190 C",#9D96A0,63,4,-4
"PANTONE 10191 C",#948894,58,7,-5
"PANTONE 10192 C",#8C7987,53,10,-5
"PANTONE 10193 C",#836B7B,48,12,-5
"PANTONE 10194 C",#755C6F,42,14,-7
"PANTONE 10195 C",#6D4E5F,37,16,-5
"PANTONE 10196 C",#A091A8,62,10,-10
"PANTONE 10197 C",#9F7F9E,57,18,-12
"PANTONE 10198 C",#9B6D96,52,25,-15
"PANTONE 10199 C",#945D8B,47,30,-16
"PANTONE 102 C",#FFE119,90,-5,87
"PANTONE 10200 C",#964F85,44,37,-17
"PANTONE 10201 C",#914179,40,41,-16
"PANTONE 10202 C",#9A80A1,57,16,-14
"PANTONE 10203 C",#926D95,51,22,-16
"PANTONE 10204 C",#8C618C,47,25,-17
"PANTONE 10205 C",#835283,42,29,-19
"PANTONE 10206 C",#81477D,39,33,-20
"PANTONE 10207 C",#793772,34,37,-21
"PANTONE 10208 C",#9F8DA8,61,12,-12
"PANTONE 10209 C",#9A7CA4,56,19,-17
"PANTONE 10210 C",#936F9E,52,23,-20
"PANTONE 10211 C",#8F619B,48,29,-24
"PANTONE 10212 C",#8C5796,45,33,-26
"PANTONE 10213 C",#834690,40,38,-30
"PANTONE 10214 C",#8C7DA5,55,14,-19
"PANTONE 10215 C",#7F6EA3,50,18,-26
"PANTONE 10216 C",#72619E,45,21,-31
"PANTONE 10217 C",#664F97,39,26,-36
"PANTONE 10218 C",#5A4192,34,30,-41
"PANTONE 10219 C",#4C3088,28,34,-45
"PANTONE 10220 C",#9693AB,62,6,-12
"PANTONE 10221 C",#8F87A6,58,9,-15
"PANTONE 10222 C",#847CA2,54,11,-19
"PANTONE 10223 C",#7B70A1,50,15,-25
"PANTONE 10224 C",#73649E,46,19,-29
"PANTONE 10225 C",#6A599A,42,22,-33
"PANTONE 10226 C",#9394AD,62,5,-13
"PANTONE 10227 C",#8889A7,58,6,-16
"PANTONE 10228 C",#8280A6,55,9,-20
"PANTONE 10229 C",#7373A1,50,11,-25
"PANTONE 10230 C",#68689D,46,13,-29
"PANTONE 10231 C",#585B9A,41,16,-35
"PANTONE 10232 C",#7E82A3,55,6,-18
"PANTONE 10233 C",#6E759C,50,7,-22
"PANTONE 10234 C",#616495,44,11,-27
"PANTONE 10235 C",#53578E,39,13,-31
"PANTONE 10236 C",#494A88,34,17,-35
"PANTONE 10237 C",#4B4F8B,36,15,-34
"PANTONE 10238 C",#838AA9,58,4,-17
"PANTONE 10239 C",#757FAC,54,7,-25
"PANTONE 10240 C",#6070A4,48,8,-30
"PANTONE 10241 C",#52639F,43,11,-35
"PANTONE 10242 C",#41559E,38,15,-42
"PANTONE 10243 C",#304897,33,18,-46
"PANTONE 10244 C",#6587A9,55,-3,-22
"PANTONE 10245 C",#507AA8,50,-1,-29
"PANTONE 10246 C",#346BA4,44,1,-36
"PANTONE 10247 C",#1B5E9D,39,3,-40
"PANTONE 10248 C",#005199,34,7,-46
"PANTONE 10249 C",#004494,29,12,-51
"PANTONE 10250 C",#8D9DAE,64,-2,-11
"PANTONE 10251 C",#7C93AC,60,-2,-16
"PANTONE 10252 C",#6886AB,55,-1,-23
"PANTONE 10253 C",#5A7BA9,51,1,-28
"PANTONE 10254 C",#436FA6,46,2,-34
"PANTONE 10255 C",#2D62A2,41,5,-40
"PANTONE 10256 C",#7594AC,60,-5,-16
"PANTONE 10257 C",#658AAC,56,-4,-22
"PANTONE 10258 C",#4F80AC,52,-4,-28
"PANTONE 10259 C",#3977A8,48,-4,-32
"PANTONE 10260 C",#1D6CA9,44,-1,-39
"PANTONE 10261 C",#0060A5,39,1,-45
"PANTONE 10262 C",#889CA5,63,-5,-7
"PANTONE 10263 C",#738D9A,57,-6,-10
"PANTONE 10264 C",#5C7E91,51,-7,-14
"PANTONE 10265 C",#4C7286,46,-8,-15
"PANTONE 10266 C",#3A667E,41,-8,-18
"PANTONE 10267 C",#255B71,36,-10,-18
"PANTONE 10268 C",#6D9AAD,61,-10,-15
"PANTONE 10269 C",#5291AD,57,-12,-21
"PANTONE 10270 C",#3D89AD,54,-12,-26
"PANTONE 10271 C",#0980A9,50,-14,-30
"PANTONE 10272 C",#0079AB,47,-14,-36
"PANTONE 10273 C",#006EA9,43,-9,-41
"PANTONE 10274 C",#6EA0AF,63,-13,-13
"PANTONE 10275 C",#549AB0,60,-16,-18
"PANTONE 10276 C",#3494AE,57,-19,-22
"PANTONE 10277 C",#008EAD,54,-23,-26
"PANTONE 10278 C",#0089AF,52,-22,-30
"PANTONE 10279 C",#0085B3,51,-18,-34
"PANTONE 10280 C",#779FA6,63,-12,-8
"PANTONE 10281 C",#6196A1,59,-15,-11
"PANTONE 10282 C",#49909C,56,-19,-13
"PANTONE 10283 C",#2F8A98,53,-22,-15
"PANTONE 10284 C",#00818F,49,-26,-16
"PANTONE 10285 C",#00798A,46,-25,-18
"PANTONE 10286 C",#74A3A7,64,-15,-7
"PANTONE 10287 C",#61A0A5,62,-19,-9
"PANTONE 10288 C",#409EA5,60,-25,-12
"PANTONE 10289 C",#149AA1,58,-30,-13
"PANTONE 10290 C",#00969D,56,-33,-14
"PANTONE 10291 C",#009197,54,-32,-13
"PANTONE 10292 C",#7BA9A5,66,-16,-3
"PANTONE 10293 C",#67A6A0,64,-22,-3
"PANTONE 10294 C",#52A39A,62,-27,-3
"PANTONE 10295 C",#32A193,60,-34,-2
"PANTONE 10296 C",#00A08F,59,-41,-1
"PANTONE 10297 C",#009E88,58,-41,1
"PANTONE 10298 C",#86A289,64,-15,10
"PANTONE 10299 C",#769C7C,61,-20,13
"PANTONE 103 C",#CBA80F,70,0,71
"PANTONE 10300 C",#689971,59,-25,16
"PANTONE 10301 C",#599665,57,-31,20
"PANTONE 10302 C",#469058,54,-36,23
"PANTONE 10303 C",#2B8A4D,51,-42,25
"PANTONE 10304 C",#8EA484,65,-14,14
"PANTONE 10305 C",#83A174,63,-19,20
"PANTONE 10306 C",#769E68,61,-24,24
"PANTONE 10307 C",#68975B,58,-28,27
"PANTONE 10308 C",#5A9450,56,-33,30
"PANTONE 10309 C",#499141,54,-39,35
"PANTONE 10310 C",#96A195,65,-6,5
"PANTONE 10311 C",#869582,60,-9,8
"PANTONE 10312 C",#7A8E77,57,-12,10
"PANTONE 10313 C",#6D8267,52,-13,12
"PANTONE 10314 C",#61785A,48,-15,14
"PANTONE 10315 C",#556F50,44,-16,14
"PANTONE 10316 C",#99A980,67,-13,19
"PANTONE 10317 C",#92A86F,66,-18,27
"PANTONE 10318 C",#85A560,64,-23,32
"PANTONE 10319 C",#7EA452,63,-27,38
"PANTONE 10320 C",#75A646,63,-33,44
"PANTONE 10321 C",#67A335,61,-38,49
"PANTONE 10322 C",#A8AC79,69,-10,26
"PANTONE 10323 C",#A2A863,67,-13,35
"PANTONE 10324 C",#A2A955,67,-15,42
"PANTONE 10325 C",#9CA744,66,-18,49
"PANTONE 10326 C",#96A633,65,-21,55
"PANTONE 10327 C",#94AA21,66,-25,62
"PANTONE 10328 C",#999E7D,64,-8,17
"PANTONE 10329 C",#8E986C,61,-11,22
"PANTONE 10330 C",#848E5B,57,-12,26
"PANTONE 10331 C",#7C8650,54,-13,28
"PANTONE 10332 C",#727F43,51,-15,31
"PANTONE 10333 C",#677636,47,-16,33
"PANTONE 10334 C",#9D9985,63,-2,11
"PANTONE 10335 C",#969176,60,-3,15
"PANTONE 10336 C",#8F8665,56,-2,19
"PANTONE 10337 C",#867C58,52,-2,21
"PANTONE 10338 C",#7E754C,49,-3,24
"PANTONE 10339 C",#756B3D,45,-3,27
"PANTONE 10340 C",#A1947F,62,1,13
"PANTONE 10341 C",#9E8F71,60,1,18
"PANTONE 10342 C",#96845E,56,1,23
"PANTONE 10343 C",#8E7A51,52,2,25
"PANTONE 10344 C",#887243,49,2,29
"PANTONE 10345 C",#7E6836,45,2,31
"PANTONE 10346 C",#A8967E,63,3,15
"PANTONE 10347 C",#A28A6B,59,4,20
"PANTONE 10348 C",#9E815F,56,6,23
"PANTONE 10349 C",#987A4F,53,6,28
"PANTONE 10350 C",#927144,50,7,30
"PANTONE 10351 C",#8B6A37,47,7,33
"PANTONE 10352 C",#AB9F90,66,2,9
"PANTONE 10353 C",#A89278,62,4,17
"PANTONE 10354 C",#A68966,59,6,23
"PANTONE 10355 C",#A38058,56,8,27
"PANTONE 10356 C",#9C7849,53,8,31
"PANTONE 10357 C",#946D3C,49,10,33
"PANTONE 10358 C",#A68F7B,61,5,14
"PANTONE 10359 C",#A0876B,58,5,19
"PANTONE 10360 C",#9B7B5C,54,8,22
"PANTONE 10361 C",#92714D,50,8,25
"PANTONE 10362 C",#86643E,45,9,27
"PANTONE 10363 C",#7E5A31,41,10,29
"PANTONE 10364 C",#AA9888,64,4,11
"PANTONE 10365 C",#A7886F,59,8,18
"PANTONE 10366 C",#A37C5C,55,11,23
"PANTONE 10367 C",#9C704E,51,13,26
"PANTONE 10368 C",#96643F,47,16,29
"PANTONE 10369 C",#8E5933,43,18,31
"PANTONE 10370 C",#A39A92,64,2,5
"PANTONE 10371 C",#98897A,58,3,10
"PANTONE 10372 C",#927D6D,54,5,12
"PANTONE 10373 C",#866D5B,48,7,14
"PANTONE 10374 C",#7B604F,43,8,14
"PANTONE 10375 C",#715742,39,8,16
"PANTONE 10376 C",#948983,58,3,5
"PANTONE 10377 C",#8A7C74,53,4,6
"PANTONE 10378 C",#826E63,48,6,9
"PANTONE 10379 C",#796459,44,7,9
"PANTONE 10380 C",#6F5A4D,40,6,11
"PANTONE 10381 C",#614C3F,34,7,11
"PANTONE 10382 C",#938F92,60,2,-1
"PANTONE 10383 C",#837D80,53,3,-1
"PANTONE 10384 C",#766D71,47,4,-1
"PANTONE 10385 C",#675F62,41,4,-1
"PANTONE 10386 C",#575152,35,3,0
"PANTONE 10387 C",#4B4244,29,4,0
"PANTONE 10388 C",#8A9296,60,-2,-3
"PANTONE 10389 C",#778085,53,-2,-4
"PANTONE 10390 C",#687176,47,-2,-4
"PANTONE 10391 C",#5A6267,41,-2,-4
"PANTONE 10392 C",#4C5459,35,-2,-4
"PANTONE 10393 C",#40484D,30,-2,-4
"PANTONE 10394 C",#7D7C7A,52,0,1
"PANTONE 10395 C",#6E6D6A,46,0,2
"PANTONE 10396 C",#5F5B59,39,1,2
"PANTONE 10397 C",#514D4A,33,1,2
"PANTONE 10398 C",#433F3D,27,1,2
"PANTONE 10399 C",#353533,22,0,1
"PANTONE 104 C",#B5960E,63,0,65
"PANTONE 10401 C",#D08A25,63,19,60
"PANTONE 10402 C",#C48E4F,63,14,41
"PANTONE 10403 C",#AD8856,59,8,32
"PANTONE 10404 C",#AF916C,62,6,24
"PANTONE 10405 C",#B09774,64,4,22
"PANTONE 10406 C",#B69C7D,66,5,20
"PANTONE 10407 C",#B5A083,67,3,18
"PANTONE 10408 C",#B49279,63,9,18
"PANTONE 10409 C",#A67661,54,16,19
"PANTONE 10410 C",#A06C68,51,20,11
"PANTONE 10411 C",#B78480,60,19,10
"PANTONE 10413 C",#C64B4D,49,49,25
"PANTONE 10414 C",#BD295B,43,60,8
"PANTONE 10415 C",#B34244,44,46,23
"PANTONE 10416 C",#AC2A2E,39,52,30
"PANTONE 10417 C",#B23034,41,52,29
"PANTONE 10418 C",#8D3634,35,37,20
"PANTONE 10419 C",#BD8185,60,24,7
"PANTONE 10420 C",#AE7B8A,57,22,0
"PANTONE 10421 C",#9F4872,43,41,-7
"PANTONE 10422 C",#853566,35,40,-12
"PANTONE 10423 C",#8B4E83,42,34,-19
"PANTONE 10424 C",#6D2969,29,39,-23
"PANTONE 10425 C",#255292,35,8,-40
"PANTONE 10426 C",#274777,30,5,-31
"PANTONE 10427 C",#003F7F,27,9,-41
"PANTONE 10428 C",#3A3C86,29,22,-42
"PANTONE 10429 C",#3A2F70,24,23,-36
"PANTONE 10430 C",#383061,23,17,-28
"PANTONE 10431 C",#7FA1AB,64,-9,-9
"PANTONE 10432 C",#587C8B,50,-9,-12
"PANTONE 10433 C",#007599,45,-19,-28
"PANTONE 10434 C",#006084,37,-15,-28
"PANTONE 10435 C",#6F7883,50,-1,-7
"PANTONE 10436 C",#666E73,46,-2,-4
"PANTONE 10437 C",#4D735E,45,-18,7
"PANTONE 10438 C",#53976A,57,-32,17
"PANTONE 10439 C",#42947D,56,-31,5
"PANTONE 10440 C",#008890,51,-30,-14
"PANTONE 10441 C",#006773,39,-23,-15
"PANTONE 10442 C",#375D62,37,-12,-7
"PANTONE 10443 C",#B7887D,61,16,13
"PANTONE 10444 C",#997A77,54,12,6
"PANTONE 10445 C",#997D7A,55,10,6
"PANTONE 10446 C",#9C8A87,59,6,4
"PANTONE 10447 C",#8B7E7E,54,5,2
"PANTONE 10448 C",#948F91,60,2,0
"PANTONE 10449 C",#B4BAB5,75,-3,2
"PANTONE 10450 C",#ACAEAE,71,-1,0
"PANTONE 10451 C",#737573,49,-1,1
"PANTONE 10452 C",#636667,43,-1,-1
"PANTONE 10453 C",#535B5E,38,-2,-3
"PANTONE 10454 C",#4B4B4B,32,0,0
"PANTONE 105 C",#907B2B,52,-1,45
"PANTONE 106 C",#FFE54D,91,-6,74
"PANTONE 107 C",#FFE12D,90,-4,83
"PANTONE 108 C",#FFDC1C,89,0,86
"PANTONE 109 C",#FFD013,86,5,85
"PANTONE 110 C",#E1AB11,73,8,74
"PANTONE 111 C",#AF890C,59,4,62
"PANTONE 112 C",#A28319,56,2,56
"PANTONE 113 C",#FFDE54,89,-3,69
"PANTONE 114 C",#FFDD45,89,-2,75
"PANTONE 115 C",#FFD92B,88,0,82
"PANTONE 116 C",#FFCC15,85,7,84
"PANTONE 117 C",#D0960A,66,12,69
"PANTONE 118 C",#B28408,58,8,62
"PANTONE 119 C",#8D7426,50,1,45
"PANTONE 120 C",#FFDC68,89,1,61
"PANTONE 1205 C",#FEE090,90,0,43
"PANTONE 121 C",#FFD85C,88,2,65
"PANTONE 1215 C",#FFD776,88,4,53
"PANTONE 122 C",#FFD045,86,6,72
"PANTONE 1225 C",#FFC748,84,11,69
"PANTONE 123 C",#FFC431,83,11,76
"PANTONE 1235 C",#FFB824,80,17,77
"PANTONE 124 C",#F0A80D,74,16,76
"PANTONE 1245 C",#CB901A,64,13,64
"PANTONE 125 C",#BA8409,59,12,63
"PANTONE 1255 C",#B28423,58,9,55
"PANTONE 126 C",#9F7517,52,8,53
"PANTONE 1265 C",#8B6A28,47,6,41
"PANTONE 127 C",#FCDE70,89,-3,57
"PANTONE 128 C",#FBD451,86,0,67
"PANTONE 129 C",#F9CD42,84,2,71
"PANTONE 130 C",#F8A90E,75,19,77
"PANTONE 131 C",#D1890A,63,19,67
"PANTONE 132 C",#A57208,52,12,57
"PANTONE 133 C",#6E561C,38,3,36
"PANTONE 134 C",#FFD374,87,7,53
"PANTONE 1345 C",#FFCF88,86,9,42
"PANTONE 135 C",#FFC75B,84,12,61
"PANTONE 1355 C",#FFC671,84,14,51
"PANTONE 136 C",#FFBF43,82,15,69
"PANTONE 1365 C",#FFB34C,79,20,62
"PANTONE 137 C",#FFA30B,75,27,78
"PANTONE 1375 C",#FF9D22,74,31,73
"PANTONE 138 C",#E27B06,62,34,68
"PANTONE 1385 C",#D97806,60,32,66
"PANTONE 139 C",#B26C07,52,22,58
"PANTONE 1395 C",#9B5F19,46,19,47
"PANTONE 140 C",#76531F,38,9,35
"PANTONE 1405 C",#714E20,36,10,32
"PANTONE 141 C",#F8C861,83,6,57
"PANTONE 142 C",#F7BD4C,80,10,63
"PANTONE 143 C",#F8B53A,78,14,68
"PANTONE 144 C",#F38C0D,68,32,72
"PANTONE 145 C",#D47F08,61,26,66
"PANTONE 146 C",#AC6E16,52,18,54
"PANTONE 147 C",#765D2D,41,4,31
"PANTONE 148 C",#FFCA8B,85,12,39
"PANTONE 1485 C",#FFAD64,78,25,50
"PANTONE 149 C",#FFC17E,83,17,43
"PANTONE 1495 C",#FF9020,71,37,71
"PANTONE 150 C",#FFB25C,79,22,55
"PANTONE 1505 C",#FF6800,63,55,72
"PANTONE 151 C",#FF8107,68,44,74
"PANTONE 152 C",#EA7105,61,42,68
"PANTONE 1525 C",#BB4802,46,44,56
"PANTONE 153 C",#C36A19,54,30,56
"PANTONE 1535 C",#95450D,39,31,45
"PANTONE 154 C",#9D5A1C,45,23,45
"PANTONE 1545 C",#663919,29,17,28
"PANTONE 155 C",#F2CFA0,85,6,28
"PANTONE 1555 C",#FFB992,81,22,30
"PANTONE 156 C",#F1BD7E,80,11,39
"PANTONE 1565 C",#FFA06B,75,32,43
"PANTONE 157 C",#F0A257,73,22,50
"PANTONE 1575 C",#FF8033,68,46,62
"PANTONE 158 C",#EE7724,63,41,62
"PANTONE 1585 C",#FF6B15,64,55,69
"PANTONE 159 C",#D06118,54,40,57
"PANTONE 1595 C",#DC6119,56,45,59
"PANTONE 160 C",#A3561D,45,28,45
"PANTONE 1605 C",#AA5624,46,31,43
"PANTONE 161 C",#633E22,30,13,24
"PANTONE 1615 C",#8F4823,39,27,35
"PANTONE 162 C",#FFBFA3,83,21,24
"PANTONE 1625 C",#FFA38B,76,32,27
"PANTONE 163 C",#FF9D6E,74,33,40
"PANTONE 1635 C",#FF8E6F,71,41,36
"PANTONE 164 C",#FF8043,68,46,55
"PANTONE 1645 C",#FF6B3E,64,55,53
"PANTONE 165 C",#FF6A22,64,56,65
"PANTONE 1655 C",#FF4E00,59,65,70
"PANTONE 166 C",#E65206,55,55,64
"PANTONE 1665 C",#E04505,52,58,62
"PANTONE 167 C",#C2521E,49,42,50
"PANTONE 1675 C",#AD441E,43,41,43
"PANTONE 168 C",#773B1E,32,24,29
"PANTONE 1685 C",#843A1E,34,30,32
"PANTONE 169 C",#FFB3AA,80,27,16
"PANTONE 170 C",#FF8775,70,45,31
"PANTONE 171 C",#FF5E3A,62,61,53
"PANTONE 172 C",#FF4817,58,67,64
"PANTONE 173 C",#D24720,50,53,51
"PANTONE 174 C",#983822,37,39,34
"PANTONE 175 C",#6C342A,29,24,18
"PANTONE 176 C",#FFB1BC,80,30,6
"PANTONE 1765 C",#FFA5B4,77,35,6
"PANTONE 1767 C",#FBAFBF,79,30,3
"PANTONE 177 C",#FF828C,69,49,17
"PANTONE 1775 C",#FF8EA2,72,45,9
"PANTONE 1777 C",#FD647D,63,60,17
"PANTONE 178 C",#FF5B5E,62,64,34
"PANTONE 1785 C",#FB485F,58,68,28
"PANTONE 1787 C",#F6384C,55,71,35
"PANTONE 1788 C",#EF2837,52,72,43
"PANTONE 179 C",#E43D32,52,63,45
"PANTONE 1795 C",#D62830,47,65,40
"PANTONE 1797 C",#CE363C,47,59,33
"PANTONE 180 C",#BF3C35,45,52,34
"PANTONE 1805 C",#B22A2F,40,54,31
"PANTONE 1807 C",#A7373B,40,46,23
"PANTONE 181 C",#81312E,32,34,20
"PANTONE 1815 C",#7D2529,29,38,19
"PANTONE 1817 C",#663337,28,23,8
"PANTONE 182 C",#FABBCD,82,25,0
"PANTONE 183 C",#FE9DB3,75,39,4
"PANTONE 184 C",#F65374,59,64,17
"PANTONE 185 C",#E80E2B,49,74,46
"PANTONE 186 C",#CD182F,44,66,37
"PANTONE 187 C",#A91D2F,37,55,27
"PANTONE 188 C",#782430,28,37,13
"PANTONE 189 C",#F7A4BB,76,34,1
"PANTONE 1895 C",#F6B8D0,81,26,-3
"PANTONE 190 C",#F7779A,66,52,5
"PANTONE 1905 C",#F59CBB,74,37,-2
"PANTONE 191 C",#F1436E,56,68,16
"PANTONE 1915 C",#F15080,58,65,8
"PANTONE 192 C",#E51147,49,74,30
"PANTONE 1925 C",#E10A4D,48,74,25
"PANTONE 193 C",#C2173E,42,64,25
"PANTONE 1935 C",#C6073D,42,67,26
"PANTONE 194 C",#9C2842,36,49,13
"PANTONE 1945 C",#A7113D,36,58,17
"PANTONE 195 C",#7A3041,31,34,6
"PANTONE 1955 C",#8D183A,31,49,11
"PANTONE 196 C",#EEC8CE,84,14,2
"PANTONE 197 C",#E69CAE,72,30,2
"PANTONE 198 C",#E24A62,54,60,20
"PANTONE 199 C",#D90A32,46,71,38
"PANTONE 200 C",#BC0F2E,40,63,32
"PANTONE 2001 C",#FCE49A,91,-2,39
"PANTONE 2002 C",#FEE17D,90,-2,52
"PANTONE 2003 C",#FFE16A,90,-3,61
"PANTONE 2004 C",#FFDC7D,89,1,51
"PANTONE 2005 C",#FFD783,88,5,47
"PANTONE 2006 C",#F0BC52,79,8,59
"PANTONE 2007 C",#E5A52B,72,14,67
"PANTONE 2008 C",#F4C171,81,9,47
"PANTONE 2009 C",#F4B563,78,14,50
"PANTONE 201 C",#9F2636,36,50,21
"PANTONE 2010 C",#FFAF14,78,22,79
"PANTONE 2011 C",#F29A35,71,25,63
"PANTONE 2012 C",#F49509,70,28,74
"PANTONE 2013 C",#FF9909,73,33,77
"PANTONE 2014 C",#BB6F01,54,24,61
"PANTONE 2015 C",#FCCFAA,86,11,24
"PANTONE 2016 C",#FFB575,80,22,44
"PANTONE 2017 C",#FCAC6F,77,23,43
"PANTONE 2018 C",#FF7705,66,49,73
"PANTONE 2019 C",#DC6C06,58,39,65
"PANTONE 202 C",#882934,32,41,16
"PANTONE 2020 C",#C05402,49,40,58
"PANTONE 2021 C",#A14A18,42,33,44
"PANTONE 2022 C",#FCAA8E,77,27,27
"PANTONE 2023 C",#FF9471,72,37,36
"PANTONE 2024 C",#FD7F58,67,45,43
"PANTONE 2025 C",#FF8A3E,70,41,59
"PANTONE 2026 C",#F8633D,61,55,50
"PANTONE 2027 C",#EF533F,57,59,44
"PANTONE 2028 C",#EE3800,53,67,65
"PANTONE 2029 C",#F38280,67,43,21
"PANTONE 203 C",#EBB5CC,79,23,-4
"PANTONE 2030 C",#DD7974,62,38,20
"PANTONE 2031 C",#D96A66,58,43,23
"PANTONE 2032 C",#D35B57,54,47,26
"PANTONE 2033 C",#C94845,49,51,30
"PANTONE 2034 C",#E83F3C,53,64,41
"PANTONE 2035 C",#DA0F1A,46,70,51
"PANTONE 2036 C",#F8BFD7,83,24,-4
"PANTONE 2037 C",#F198C8,73,40,-11
"PANTONE 2038 C",#ED61A1,61,60,-7
"PANTONE 2039 C",#E63D87,54,69,-2
"PANTONE 204 C",#E681A7,66,43,-3
"PANTONE 2040 C",#DD195B,48,72,16
"PANTONE 2041 C",#A22550,37,53,6
"PANTONE 2042 C",#702A3F,28,33,3
"PANTONE 2043 C",#E9C5D3,83,15,-2
"PANTONE 2044 C",#E493B5,70,35,-5
"PANTONE 2045 C",#DC75A0,62,45,-5
"PANTONE 2046 C",#CD598A,54,51,-4
"PANTONE 2047 C",#A74770,44,44,-4
"PANTONE 2048 C",#963C64,39,42,-4
"PANTONE 2049 C",#852E4D,33,40,1
"PANTONE 205 C",#E0497B,54,62,5
"PANTONE 2050 C",#ECD7E6,88,10,-5
"PANTONE 2051 C",#DBC3D1,81,11,-4
"PANTONE 2052 C",#C5A1B6,70,17,-6
"PANTONE 2053 C",#B0809D,59,23,-8
"PANTONE 2054 C",#9D728B,53,21,-7
"PANTONE 2055 C",#8F5E79,46,24,-7
"PANTONE 2056 C",#7D4965,38,26,-7
"PANTONE 2057 C",#CE95B8,68,27,-10
"PANTONE 2058 C",#B787AD,62,25,-13
"PANTONE 2059 C",#B67CA2,59,28,-11
"PANTONE 206 C",#D00838,44,69,32
"PANTONE 2060 C",#C76DA8,58,43,-16
"PANTONE 2061 C",#AB5489,48,42,-13
"PANTONE 2062 C",#B2488D,47,51,-17
"PANTONE 2063 C",#A4347C,41,53,-16
"PANTONE 2064 C",#DDA4D6,74,29,-17
"PANTONE 2065 C",#D9A9DC,75,26,-19
"PANTONE 2066 C",#CE91D3,68,34,-25
"PANTONE 2067 C",#B96CC1,57,44,-32
"PANTONE 2068 C",#AB54B7,50,50,-37
"PANTONE 2069 C",#9E40AA,44,54,-39
"PANTONE 207 C",#A70433,35,59,22
"PANTONE 2070 C",#882195,35,57,-41
"PANTONE 2071 C",#C3B5DE,76,13,-19
"PANTONE 2072 C",#B198D4,67,21,-27
"PANTONE 2073 C",#A997D4,66,19,-29
"PANTONE 2074 C",#8C6CBF,52,30,-39
"PANTONE 2075 C",#8069BD,50,28,-41
"PANTONE 2076 C",#7B5CB5,46,32,-43
"PANTONE 2077 C",#5F43A3,36,35,-48
"PANTONE 2078 C",#B29FBB,68,12,-12
"PANTONE 2079 C",#967DA4,56,17,-17
"PANTONE 208 C",#872141,31,45,6
"PANTONE 2080 C",#9375AB,54,22,-24
"PANTONE 2081 C",#80609A,46,25,-27
"PANTONE 2082 C",#724F91,40,28,-31
"PANTONE 2083 C",#8A63C8,50,37,-47
"PANTONE 2084 C",#743BB2,38,48,-54
"PANTONE 2085 C",#D9CDE6,84,9,-11
"PANTONE 2086 C",#998ECD,62,18,-31
"PANTONE 2087 C",#917FD5,58,26,-42
"PANTONE 2088 C",#745FC6,47,33,-51
"PANTONE 2089 C",#604CBB,40,37,-56
"PANTONE 209 C",#71293F,28,34,3
"PANTONE 2090 C",#533DB4,35,41,-60
"PANTONE 2091 C",#341CA0,24,48,-66
"PANTONE 2092 C",#B0ACD7,72,10,-21
"PANTONE 2093 C",#A39BC4,66,11,-20
"PANTONE 2094 C",#8781AE,56,12,-23
"PANTONE 2095 C",#6D66B1,47,21,-39
"PANTONE 2096 C",#5851A4,39,25,-44
"PANTONE 2097 C",#5049BC,38,36,-60
"PANTONE 2098 C",#2B2BA9,27,43,-67
"PANTONE 2099 C",#ADA3C9,69,11,-18
"PANTONE 210 C",#F7A2C9,76,37,-7
"PANTONE 2100 C",#9A92CA,63,15,-28
"PANTONE 2101 C",#7D77CF,54,24,-45
"PANTONE 2102 C",#565BAF,42,22,-46
"PANTONE 2103 C",#474DA8,37,25,-50
"PANTONE 2104 C",#363B9B,30,29,-53
"PANTONE 2105 C",#27257E,21,31,-50
"PANTONE 2106 C",#ABB6CE,74,1,-13
"PANTONE 2107 C",#8999BA,63,2,-19
"PANTONE 2108 C",#7181A8,54,4,-23
"PANTONE 2109 C",#5E6F99,47,5,-25
"PANTONE 211 C",#F380B6,68,50,-8
"PANTONE 2110 C",#53628E,42,6,-26
"PANTONE 2111 C",#394F7E,34,6,-29
"PANTONE 2112 C",#272167,18,25,-40
"PANTONE 2113 C",#9CB0E3,72,5,-28
"PANTONE 2114 C",#758DC6,59,6,-32
"PANTONE 2115 C",#617ABB,52,9,-37
"PANTONE 2116 C",#4E6BB2,46,11,-41
"PANTONE 2117 C",#2D4B9B,34,17,-47
"PANTONE 2118 C",#233778,25,16,-40
"PANTONE 2119 C",#1E2F63,21,12,-33
"PANTONE 212 C",#F05399,59,66,-5
"PANTONE 2120 C",#B8CAE9,81,0,-17
"PANTONE 2121 C",#82ACD9,69,-3,-27
"PANTONE 2122 C",#92AFE4,71,3,-30
"PANTONE 2123 C",#6794DB,61,5,-41
"PANTONE 2124 C",#5B7ED4,54,13,-48
"PANTONE 2125 C",#2F64C8,44,18,-57
"PANTONE 2126 C",#003EB2,30,29,-67
"PANTONE 2127 C",#B4C9E0,80,-2,-14
"PANTONE 2128 C",#8EB7E6,73,-2,-28
"PANTONE 2129 C",#418FDC,58,1,-46
"PANTONE 213 C",#E52479,51,74,2
"PANTONE 2130 C",#357AD3,51,9,-52
"PANTONE 2131 C",#005DBE,40,14,-58
"PANTONE 2132 C",#005AC1,38,12,-63
"PANTONE 2133 C",#005AA7,37,4,-49
"PANTONE 2134 C",#89A5CE,67,0,-24
"PANTONE 2135 C",#698DBF,58,1,-30
"PANTONE 2136 C",#7B95B8,61,-1,-21
"PANTONE 2137 C",#6281A9,53,0,-25
"PANTONE 2138 C",#5D7793,49,-2,-18
"PANTONE 2139 C",#3D6895,43,-1,-29
"PANTONE 214 C",#CF1D6B,46,69,3
"PANTONE 2140 C",#265582,35,0,-30
"PANTONE 2141 C",#7FBDE7,74,-9,-27
"PANTONE 2142 C",#71AEE4,69,-5,-33
"PANTONE 2143 C",#0688CB,54,-6,-43
"PANTONE 2144 C",#0069B8,42,-1,-51
"PANTONE 2145 C",#0052A8,34,8,-55
"PANTONE 2146 C",#003A90,25,15,-55
"PANTONE 2147 C",#002978,18,17,-51
"PANTONE 2148 C",#5493B3,58,-11,-23
"PANTONE 2149 C",#3C83AA,52,-10,-27
"PANTONE 215 C",#AB1A58,38,59,2
"PANTONE 2150 C",#19759D,46,-11,-29
"PANTONE 2151 C",#006CA2,43,-7,-37
"PANTONE 2152 C",#006690,40,-11,-31
"PANTONE 2153 C",#00587E,34,-12,-29
"PANTONE 2154 C",#004982,29,-1,-40
"PANTONE 2155 C",#98B8CC,73,-6,-14
"PANTONE 2156 C",#83A8C3,67,-6,-18
"PANTONE 2157 C",#6D95B3,60,-6,-20
"PANTONE 2158 C",#5181A5,52,-6,-24
"PANTONE 2159 C",#41779C,48,-7,-25
"PANTONE 216 C",#7B2346,29,41,0
"PANTONE 2160 C",#316B92,43,-6,-27
"PANTONE 2161 C",#0B5A81,36,-7,-28
"PANTONE 2162 C",#9CA7B4,68,-1,-8
"PANTONE 2163 C",#819CAF,63,-5,-13
"PANTONE 2164 C",#7894A9,60,-5,-14
"PANTONE 2165 C",#628398,53,-6,-15
"PANTONE 2166 C",#4F748D,47,-6,-18
"PANTONE 2167 C",#4A6F88,45,-6,-18
"PANTONE 2168 C",#164A5D,29,-10,-16
"PANTONE 2169 C",#76B0D1,69,-10,-23
"PANTONE 217 C",#E6BDD9,81,19,-8
"PANTONE 2170 C",#4F9BC6,61,-11,-29
"PANTONE 2171 C",#1AA2E1,63,-12,-41
"PANTONE 2172 C",#007ED1,50,-3,-53
"PANTONE 2173 C",#0085D3,52,-8,-51
"PANTONE 2174 C",#0078CD,48,-2,-54
"PANTONE 2175 C",#006DC6,44,2,-56
"PANTONE 2176 C",#A1B7C1,73,-5,-8
"PANTONE 2177 C",#7BA1AE,64,-10,-11
"PANTONE 2178 C",#658F9D,57,-11,-12
"PANTONE 2179 C",#4A7B8C,49,-12,-14
"PANTONE 218 C",#E471B3,63,52,-14
"PANTONE 2180 C",#356D7E,43,-13,-15
"PANTONE 2181 C",#205C6B,36,-14,-14
"PANTONE 2182 C",#024B5D,29,-13,-16
"PANTONE 2183 C",#0093BD,56,-22,-32
"PANTONE 2184 C",#0085D3,52,-8,-51
"PANTONE 2185 C",#0077A5,46,-16,-34
"PANTONE 2186 C",#004A87,30,0,-41
"PANTONE 2187 C",#004776,28,-4,-34
"PANTONE 2188 C",#004369,26,-7,-29
"PANTONE 2189 C",#003349,19,-9,-19
"PANTONE 219 C",#D92483,49,72,-7
"PANTONE 2190 C",#39B8E6,70,-19,-33
"PANTONE 2191 C",#00A4E1,62,-20,-43
"PANTONE 2192 C",#0091D9,56,-12,-48
"PANTONE 2193 C",#0091D9,56,-12,-48
"PANTONE 2194 C",#0088D6,53,-9,-51
"PANTONE 2195 C",#0079CD,48,-3,-54
"PANTONE 2196 C",#006AAF,42,-5,-46
"PANTONE 2197 C",#63D3E8,79,-26,-20
"PANTONE 2198 C",#24CAE4,75,-31,-24
"PANTONE 2199 C",#00BADC,69,-32,-29
"PANTONE 220 C",#A70B51,36,60,4
"PANTONE 2200 C",#00A9C6,63,-30,-26
"PANTONE 2201 C",#00AED6,65,-28,-32
"PANTONE 2202 C",#00A6DF,63,-21,-40
"PANTONE 2203 C",#0088AF,52,-21,-30
"PANTONE 2204 C",#A8CDD7,80,-10,-9
"PANTONE 2205 C",#81B3C4,70,-12,-14
"PANTONE 2206 C",#709FB3,63,-11,-15
"PANTONE 2207 C",#5D9CB2,61,-14,-18
"PANTONE 2208 C",#4989A3,54,-13,-20
"PANTONE 2209 C",#3F87A0,53,-15,-20
"PANTONE 221 C",#910A46,31,54,3
"PANTONE 2210 C",#005073,31,-11,-27
"PANTONE 2211 C",#699BA6,61,-14,-11
"PANTONE 2212 C",#488592,52,-16,-13
"PANTONE 2213 C",#29727B,44,-19,-12
"PANTONE 2214 C",#226F7A,43,-19,-13
"PANTONE 2215 C",#255664,34,-12,-13
"PANTONE 2216 C",#284E5A,31,-10,-11
"PANTONE 2217 C",#003C42,22,-17,-9
"PANTONE 2218 C",#6BB0BE,68,-18,-14
"PANTONE 2219 C",#4FA4B4,63,-21,-16
"PANTONE 222 C",#6A1E44,25,37,-5
"PANTONE 2220 C",#3997A8,58,-22,-17
"PANTONE 2221 C",#068B9E,53,-24,-19
"PANTONE 2222 C",#008398,50,-24,-20
"PANTONE 2223 C",#00768D,45,-23,-21
"PANTONE 2224 C",#006C82,41,-21,-21
"PANTONE 2225 C",#6CD6E3,80,-27,-16
"PANTONE 2226 C",#1DCBDA,75,-35,-19
"PANTONE 2227 C",#4BBDCA,71,-28,-16
"PANTONE 2228 C",#00A6BF,62,-31,-24
"PANTONE 2229 C",#009EB7,59,-29,-24
"PANTONE 223 C",#EC99D0,73,39,-15
"PANTONE 2230 C",#008DA2,53,-27,-21
"PANTONE 2231 C",#007C92,47,-24,-21
"PANTONE 2232 C",#6BB1B5,68,-21,-9
"PANTONE 2233 C",#50A8B0,64,-24,-12
"PANTONE 2234 C",#43A0A8,61,-25,-12
"PANTONE 2235 C",#08959E,56,-29,-14
"PANTONE 2236 C",#0A919E,55,-27,-16
"PANTONE 2237 C",#00858E,50,-29,-14
"PANTONE 2238 C",#006976,40,-23,-15
"PANTONE 2239 C",#00D0B7,75,-50,0
"PANTONE 224 C",#E971BC,64,55,-18
"PANTONE 2240 C",#00C1A2,70,-49,4
"PANTONE 2241 C",#57A395,62,-27,0
"PANTONE 2242 C",#01A578,60,-47,13
"PANTONE 2243 C",#00957C,55,-41,4
"PANTONE 2244 C",#12806F,48,-33,1
"PANTONE 2245 C",#0D8556,49,-42,17
"PANTONE 2246 C",#A8D6BE,82,-20,7
"PANTONE 2247 C",#77BF9A,72,-31,12
"PANTONE 2248 C",#73B790,69,-30,13
"PANTONE 2249 C",#5DAA83,64,-33,13
"PANTONE 225 C",#DF2695,51,75,-15
"PANTONE 2250 C",#0BB176,64,-52,20
"PANTONE 2251 C",#10AB6F,62,-51,21
"PANTONE 2252 C",#1FA64D,60,-54,36
"PANTONE 2253 C",#BFEACA,89,-20,11
"PANTONE 2254 C",#ADDDB3,84,-24,16
"PANTONE 2255 C",#8AD197,78,-34,22
"PANTONE 2256 C",#5CC273,71,-47,31
"PANTONE 2257 C",#22AC52,62,-55,36
"PANTONE 2258 C",#1B8425,48,-48,41
"PANTONE 2259 C",#147026,41,-42,33
"PANTONE 226 C",#CE0F6D,45,71,0
"PANTONE 2260 C",#B5CDAE,80,-14,13
"PANTONE 2261 C",#9CB993,72,-17,16
"PANTONE 2262 C",#8DAB89,67,-17,14
"PANTONE 2263 C",#769770,59,-19,17
"PANTONE 2264 C",#6E9662,58,-24,23
"PANTONE 2265 C",#5D7D52,49,-20,20
"PANTONE 2266 C",#375628,33,-21,23
"PANTONE 2267 C",#9EDF99,83,-34,28
"PANTONE 2268 C",#7ED87E,79,-45,36
"PANTONE 2269 C",#85CA6E,75,-39,39
"PANTONE 227 C",#A90B60,37,62,-4
"PANTONE 2270 C",#3FC650,71,-60,48
"PANTONE 2271 C",#2DB937,66,-61,53
"PANTONE 2272 C",#24981D,55,-54,51
"PANTONE 2273 C",#297129,42,-38,33
"PANTONE 2274 C",#D0DCB3,86,-11,19
"PANTONE 2275 C",#C9DC97,85,-18,32
"PANTONE 2276 C",#8FA750,65,-22,42
"PANTONE 2277 C",#5F9522,56,-36,51
"PANTONE 2278 C",#588025,49,-29,43
"PANTONE 2279 C",#627D2C,49,-23,40
"PANTONE 228 C",#8A1558,31,52,-9
"PANTONE 2280 C",#506921,41,-21,36
"PANTONE 2281 C",#DFE99F,90,-15,35
"PANTONE 2282 C",#CCE797,88,-22,36
"PANTONE 2283 C",#B0E164,84,-35,55
"PANTONE 2284 C",#BBD681,82,-23,39
"PANTONE 2285 C",#9DD84E,80,-40,60
"PANTONE 2286 C",#85C915,74,-45,71
"PANTONE 2287 C",#6AC315,71,-52,68
"PANTONE 2288 C",#D1E37C,87,-21,48
"PANTONE 2289 C",#CDD97D,84,-18,44
"PANTONE 229 C",#662345,25,34,-6
"PANTONE 2290 C",#B5DA28,82,-34,75
"PANTONE 2291 C",#B1D41B,80,-33,76
"PANTONE 2292 C",#9DC71D,75,-35,71
"PANTONE 2293 C",#95C212,73,-36,71
"PANTONE 2294 C",#80A90D,64,-33,64
"PANTONE 2295 C",#E7EB8B,91,-15,46
"PANTONE 2296 C",#DFE868,89,-20,60
"PANTONE 2297 C",#C9DD20,84,-27,79
"PANTONE 2298 C",#BDDB59,83,-28,59
"PANTONE 2299 C",#ADD139,79,-32,67
"PANTONE 230 C",#F3A7D7,77,35,-13
"PANTONE 2300 C",#B0C244,75,-23,59
"PANTONE 2301 C",#99AD21,67,-24,63
"PANTONE 2302 C",#B5B866,73,-13,41
"PANTONE 2303 C",#A5B258,70,-18,44
"PANTONE 2304 C",#A6AB4F,68,-15,46
"PANTONE 2305 C",#A5A611,66,-16,66
"PANTONE 2306 C",#868C27,56,-15,50
"PANTONE 2307 C",#6E6E17,45,-11,45
"PANTONE 2308 C",#61541F,36,-2,32
"PANTONE 2309 C",#E9CDB4,84,6,16
"PANTONE 231 C",#EF7BC8,67,54,-20
"PANTONE 2310 C",#DABFA8,79,6,15
"PANTONE 2311 C",#CEA686,71,10,22
"PANTONE 2312 C",#B89B82,66,7,17
"PANTONE 2313 C",#C69369,65,14,30
"PANTONE 2314 C",#AD7545,54,17,35
"PANTONE 2315 C",#954A12,40,28,44
"PANTONE 2316 C",#BD9A7B,66,9,21
"PANTONE 2317 C",#B8865E,60,14,29
"PANTONE 2318 C",#A6744A,53,15,31
"PANTONE 2319 C",#8F5D31,44,16,33
"PANTONE 232 C",#E743AB,56,71,-20
"PANTONE 2320 C",#744826,35,15,28
"PANTONE 2321 C",#705039,37,10,19
"PANTONE 2322 C",#4F3625,25,9,15
"PANTONE 2323 C",#B7B199,72,-2,13
"PANTONE 2324 C",#B6A386,68,2,18
"PANTONE 2325 C",#A29175,61,2,17
"PANTONE 2326 C",#8D7C60,53,2,18
"PANTONE 2327 C",#847959,51,-1,19
"PANTONE 2328 C",#7B684B,45,3,19
"PANTONE 2329 C",#69573B,38,3,19
"PANTONE 233 C",#C5147E,44,70,-12
"PANTONE 2330 C",#CECCC8,82,0,2
"PANTONE 2331 C",#ADA7A7,69,2,1
"PANTONE 2332 C",#8A8985,57,0,2
"PANTONE 2333 C",#736F6C,47,1,2
"PANTONE 2334 C",#6A6462,43,2,2
"PANTONE 2335 C",#5F4F47,35,5,7
"PANTONE 2336 C",#4E4B48,32,1,2
"PANTONE 2337 C",#FAC1B9,83,19,12
"PANTONE 2338 C",#E0A59E,73,21,12
"PANTONE 2339 C",#F09592,71,34,16
"PANTONE 234 C",#A20D68,36,61,-11
"PANTONE 2340 C",#CE6F76,58,38,13
"PANTONE 2341 C",#B56D6F,54,29,11
"PANTONE 2342 C",#B55C64,50,37,12
"PANTONE 2343 C",#A85767,47,35,6
"PANTONE 2344 C",#F37F6F,66,43,29
"PANTONE 2345 C",#FF6F6A,65,55,31
"PANTONE 2346 C",#FF5B6A,62,64,27
"PANTONE 2347 C",#E50900,48,73,63
"PANTONE 2348 C",#E7554D,56,56,35
"PANTONE 2349 C",#CE3803,47,57,58
"PANTONE 235 C",#831055,29,51,-10
"PANTONE 2350 C",#B12319,39,55,42
"PANTONE 2351 C",#B97DB3,60,32,-19
"PANTONE 2352 C",#B267A6,54,39,-21
"PANTONE 2353 C",#BB51A5,51,53,-25
"PANTONE 2354 C",#90528D,44,35,-22
"PANTONE 2355 C",#83107A,31,56,-31
"PANTONE 2356 C",#6E0A62,25,49,-25
"PANTONE 2357 C",#611644,22,38,-10
"PANTONE 2358 C",#A9A4AF,68,4,-5
"PANTONE 2359 C",#7C7486,50,7,-9
"PANTONE 236 C",#EFA8DC,77,34,-16
"PANTONE 2360 C",#777B90,52,3,-12
"PANTONE 2361 C",#6A718D,48,4,-16
"PANTONE 2362 C",#686C84,46,4,-14
"PANTONE 2363 C",#5E5F76,41,5,-13
"PANTONE 2364 C",#635B6D,40,7,-9
"PANTONE 2365 C",#E9BBE2,81,23,-13
"PANTONE 2366 C",#546FCD,49,19,-52
"PANTONE 2367 C",#364FB1,37,24,-55
"PANTONE 2368 C",#2B4DBE,37,29,-63
"PANTONE 2369 C",#0044B7,33,29,-65
"PANTONE 237 C",#E888CF,69,46,-21
"PANTONE 2370 C",#002E94,24,30,-59
"PANTONE 2371 C",#0C148E,18,44,-65
"PANTONE 2372 C",#022278,18,27,-51
"PANTONE 2373 C",#6A84A0,54,-2,-18
"PANTONE 2374 C",#456080,40,-1,-21
"PANTONE 2375 C",#DF7ACD,65,50,-26
"PANTONE 2376 C",#495B71,38,-1,-15
"PANTONE 2377 C",#22556F,34,-8,-20
"PANTONE 2378 C",#304B68,31,-1,-20
"PANTONE 2379 C",#364658,29,-1,-13
"PANTONE 238 C",#DF61C0,60,60,-26
"PANTONE 2380 C",#21344A,21,0,-16
"PANTONE 2381 C",#4296DE,60,-2,-44
"PANTONE 2382 C",#008BD7,54,-10,-50
"PANTONE 2383 C",#0077B1,47,-9,-39
"PANTONE 2384 C",#0063A0,39,-6,-42
"PANTONE 2385 C",#D03FB2,52,68,-31
"PANTONE 2386 C",#006BC4,44,5,-55
"PANTONE 2387 C",#0066C9,42,8,-61
"PANTONE 2388 C",#0053B4,35,11,-60
"PANTONE 2389 C",#37A1C8,62,-17,-29
"PANTONE 239 C",#D844B1,54,68,-27
"PANTONE 2390 C",#007CAB,48,-16,-34
"PANTONE 2391 C",#0080A7,49,-20,-30
"PANTONE 2392 C",#006885,40,-17,-24
"PANTONE 2393 C",#0092CB,56,-18,-40
"PANTONE 2394 C",#008CCD,54,-14,-44
"PANTONE 2395 C",#C215A0,45,73,-31
"PANTONE 2396 C",#009AB4,58,-28,-24
"PANTONE 2397 C",#00B6BF,67,-38,-16
"PANTONE 2398 C",#00BAB6,68,-41,-10
"PANTONE 2399 C",#00ACA0,63,-41,-5
"PANTONE 240 C",#C2319B,47,66,-25
"PANTONE 2400 C",#00AF96,64,-45,2
"PANTONE 2401 C",#2AA79A,62,-36,-3
"PANTONE 2402 C",#009E87,58,-41,2
"PANTONE 2403 C",#00897C,51,-36,-2
"PANTONE 2404 C",#A5B99D,73,-12,12
"PANTONE 2405 C",#AD128D,40,67,-28
"PANTONE 2406 C",#819D87,62,-14,8
"PANTONE 2407 C",#6C8E76,56,-17,9
"PANTONE 2408 C",#497A55,47,-25,15
"PANTONE 2409 C",#4E644A,40,-14,12
"PANTONE 241 C",#AB1E83,40,63,-22
"PANTONE 2410 C",#455A3F,36,-14,13
"PANTONE 2411 C",#1F4324,25,-21,15
"PANTONE 2412 C",#4CD599,77,-51,19
"PANTONE 2413 C",#34B792,67,-44,9
"PANTONE 2414 C",#17BD82,68,-53,19
"PANTONE 2415 C",#9D0F7E,36,62,-25
"PANTONE 2416 C",#13B177,64,-51,19
"PANTONE 2417 C",#289B6B,57,-43,16
"PANTONE 2418 C",#148640,49,-46,29
"PANTONE 2419 C",#017C5B,46,-38,10
"PANTONE 242 C",#7E2660,31,44,-14
"PANTONE 2420 C",#28C462,70,-60,38
"PANTONE 2421 C",#42B511,65,-58,63
"PANTONE 2422 C",#25A731,60,-57,49
"PANTONE 2423 C",#27AA1F,61,-59,56
"PANTONE 2424 C",#399D0C,57,-52,57
"PANTONE 2425 C",#800D66,29,53,-21
"PANTONE 2426 C",#208C1B,51,-51,48
"PANTONE 2427 C",#125F20,35,-37,29
"PANTONE 2428 C",#E2882F,65,28,59
"PANTONE 2429 C",#C65E1D,52,38,53
"PANTONE 243 C",#E5B9E3,80,23,-15
"PANTONE 2430 C",#DAA27A,71,16,29
"PANTONE 2431 C",#E49357,68,25,44
"PANTONE 2432 C",#E18B5A,66,28,40
"PANTONE 2433 C",#DF7B50,62,35,40
"PANTONE 2434 C",#E77960,63,40,33
"PANTONE 2435 C",#C3705B,56,31,26
"PANTONE 2436 C",#B8543E,48,39,32
"PANTONE 2437 C",#F8C0A2,82,16,23
"PANTONE 2438 C",#E5A184,72,22,25
"PANTONE 2439 C",#C68674,62,22,20
"PANTONE 244 C",#E29CDC,73,36,-22
"PANTONE 2440 C",#B6938C,64,12,9
"PANTONE 2441 C",#A76E5E,52,21,18
"PANTONE 2442 C",#A16157,48,25,17
"PANTONE 2443 C",#903A21,36,35,33
"PANTONE 2444 C",#DFA59C,73,20,13
"PANTONE 2445 C",#DE898E,66,33,11
"PANTONE 2446 C",#D0878E,64,29,8
"PANTONE 2447 C",#B06F78,54,27,6
"PANTONE 2448 C",#DD6354,57,47,32
"PANTONE 2449 C",#472428,19,17,5
"PANTONE 245 C",#D882D3,66,45,-28
"PANTONE 2450 C",#D84987,53,61,-4
"PANTONE 2451 C",#B64470,46,50,-1
"PANTONE 2452 C",#C43B70,47,58,1
"PANTONE 2453 C",#B699C5,67,19,-19
"PANTONE 2454 C",#007FA3,49,-17,-28
"PANTONE 2455 C",#92BFB5,74,-17,0
"PANTONE 2456 C",#259C8A,58,-36,0
"PANTONE 2457 C",#8BAA9A,67,-14,5
"PANTONE 2458 C",#689883,59,-21,6
"PANTONE 2459 C",#54AD94,65,-33,5
"PANTONE 246 C",#C32FB2,48,70,-37
"PANTONE 2460 C",#66B0AB,67,-24,-5
"PANTONE 2461 C",#149593,56,-32,-8
"PANTONE 2462 C",#588D85,55,-20,-1
"PANTONE 2463 C",#597571,47,-11,-1
"PANTONE 2464 C",#7EBD72,71,-35,32
"PANTONE 2465 C",#276E32,41,-36,27
"PANTONE 2466 C",#24504D,31,-16,-3
"PANTONE 2467 C",#B9916D,63,10,25
"PANTONE 2468 C",#9A694D,49,16,24
"PANTONE 2469 C",#91573C,43,21,26
"PANTONE 247 C",#B624A3,44,68,-35
"PANTONE 2470 C",#9C7E61,55,7,20
"PANTONE 2471 C",#A68878,59,9,13
"PANTONE 2472 C",#62422C,31,11,19
"PANTONE 2473 C",#C2B9BD,76,4,-1
"PANTONE 2474 C",#AFA098,67,4,6
"PANTONE 2475 C",#A38882,59,9,7
"PANTONE 2476 C",#826D6B,48,8,4
"PANTONE 2477 C",#715857,40,10,5
"PANTONE 2478 C",#4A363C,25,10,0
"PANTONE 2479 C",#403530,23,4,5
"PANTONE 248 C",#A02291,39,61,-32
"PANTONE 249 C",#802C6E,33,44,-20
"PANTONE 250 C",#E6BCE6,81,22,-15
"PANTONE 251 C",#D79CDF,72,33,-25
"PANTONE 252 C",#C467CF,58,52,-38
"PANTONE 253 C",#A627AB,42,65,-43
"PANTONE 254 C",#922495,37,58,-38
"PANTONE 255 C",#6E276C,29,41,-25
"PANTONE 256 C",#D2C0DF,80,12,-13
"PANTONE 2562 C",#D0ABE5,75,24,-24
"PANTONE 2563 C",#C5A5D7,72,21,-21
"PANTONE 2567 C",#BDA3DB,71,20,-25
"PANTONE 257 C",#C2A3D1,71,20,-19
"PANTONE 2572 C",#C08DDA,66,33,-32
"PANTONE 2573 C",#B487CE,63,30,-30
"PANTONE 2577 C",#A27ECC,59,29,-35
"PANTONE 258 C",#874B9A,42,39,-33
"PANTONE 2582 C",#A355C8,50,51,-47
"PANTONE 2583 C",#9960B3,50,38,-35
"PANTONE 2587 C",#774AAF,41,40,-47
"PANTONE 259 C",#672377,28,43,-34
"PANTONE 2592 C",#902EB5,40,60,-52
"PANTONE 2593 C",#7E379C,37,47,-42
"PANTONE 2597 C",#51148B,24,49,-53
"PANTONE 260 C",#612967,27,35,-25
"PANTONE 2602 C",#7D229E,34,56,-48
"PANTONE 2603 C",#6A2883,30,44,-38
"PANTONE 2607 C",#441078,20,44,-48
"PANTONE 261 C",#5A2B5F,26,30,-22
"PANTONE 2612 C",#702982,31,45,-36
"PANTONE 2613 C",#612476,27,41,-35
"PANTONE 2617 C",#3C1066,17,38,-41
"PANTONE 262 C",#4D2A4F,23,23,-16
"PANTONE 2622 C",#613365,29,29,-21
"PANTONE 2623 C",#5A2468,25,36,-29
"PANTONE 2627 C",#361454,15,30,-32
"PANTONE 263 C",#D2C7E8,82,10,-15
"PANTONE 2635 C",#BFB6E2,76,12,-21
"PANTONE 264 C",#B9A8E2,72,18,-27
"PANTONE 2645 C",#A298DC,66,18,-33
"PANTONE 265 C",#8468CE,51,34,-49
"PANTONE 2655 C",#8A79D3,56,27,-44
"PANTONE 266 C",#6341BC,38,44,-60
"PANTONE 2665 C",#6E59C6,45,35,-54
"PANTONE 267 C",#502B9D,29,44,-56
"PANTONE 268 C",#4D3185,28,33,-43
"PANTONE 2685 C",#1E0B72,14,40,-54
"PANTONE 269 C",#4A306F,26,26,-32
"PANTONE 2695 C",#271C48,14,18,-26
"PANTONE 270 C",#ACB4DE,74,6,-22
"PANTONE 2705 C",#9EA8E3,70,10,-31
"PANTONE 2706 C",#C8D5EB,85,0,-12
"PANTONE 2707 C",#BDD8EE,85,-4,-14
"PANTONE 2708 C",#B0CCEA,81,-3,-18
"PANTONE 271 C",#8C98D4,64,10,-32
"PANTONE 2715 C",#7B85D7,58,17,-43
"PANTONE 2716 C",#96AEE2,71,4,-29
"PANTONE 2717 C",#9FC8F0,79,-4,-24
"PANTONE 2718 C",#3B89DA,56,3,-48
"PANTONE 272 C",#6575C1,51,15,-42
"PANTONE 2725 C",#505EC6,44,26,-56
"PANTONE 2726 C",#0E60C7,42,18,-60
"PANTONE 2727 C",#0083E3,53,2,-58
"PANTONE 2728 C",#004BBA,33,19,-67
"PANTONE 273 C",#12175F,13,26,-43
"PANTONE 2735 C",#000E8A,16,45,-66
"PANTONE 2736 C",#002CAD,24,38,-74
"PANTONE 2738 C",#00128D,14,42,-71
"PANTONE 274 C",#131852,12,20,-36
"PANTONE 2745 C",#060970,12,39,-56
"PANTONE 2746 C",#00238F,19,33,-64
"PANTONE 2747 C",#001E72,14,23,-54
"PANTONE 2748 C",#001E73,14,24,-55
"PANTONE 275 C",#171A49,12,16,-30
"PANTONE 2755 C",#0D1262,12,30,-47
"PANTONE 2756 C",#00236E,16,20,-48
"PANTONE 2757 C",#002263,14,14,-44
"PANTONE 2758 C",#002263,14,14,-44
"PANTONE 276 C",#1E1D36,12,8,-16
"PANTONE 2765 C",#151847,11,16,-30
"PANTONE 2766 C",#001D4E,12,11,-33
"PANTONE 2767 C",#00294B,16,1,-25
"PANTONE 2768 C",#001F4B,12,7,-31
"PANTONE 277 C",#A2CCE9,80,-7,-19
"PANTONE 278 C",#7CBAE9,73,-7,-30
"PANTONE 279 C",#0093DF,58,-6,-48
"PANTONE 280 C",#002368,15,15,-46
"PANTONE 281 C",#00235D,14,11,-40
"PANTONE 282 C",#001F43,11,3,-27
"PANTONE 283 C",#87C2EB,76,-9,-26
"PANTONE 284 C",#58AEE4,68,-10,-35
"PANTONE 285 C",#0076CE,47,-1,-56
"PANTONE 286 C",#0036A0,25,24,-65
"PANTONE 287 C",#003387,22,16,-54
"PANTONE 288 C",#003073,20,10,-45
"PANTONE 289 C",#002340,13,0,-22
"PANTONE 290 C",#B2DBEE,85,-9,-14
"PANTONE 2905 C",#80C8E8,77,-14,-23
"PANTONE 291 C",#92CBEA,79,-11,-21
"PANTONE 2915 C",#4AB6E6,70,-16,-33
"PANTONE 292 C",#52B5EA,70,-13,-35
"PANTONE 2925 C",#009DDE,60,-17,-44
"PANTONE 293 C",#0042A6,29,19,-62
"PANTONE 2935 C",#0059B6,37,8,-58
"PANTONE 294 C",#00326D,20,6,-41
"PANTONE 2945 C",#004E96,32,3,-47
"PANTONE 295 C",#002A56,16,2,-32
"PANTONE 2955 C",#003864,22,-2,-32
"PANTONE 296 C",#001C2D,9,-4,-15
"PANTONE 2965 C",#00253D,13,-5,-20
"PANTONE 297 C",#5FC5E8,75,-20,-26
"PANTONE 2975 C",#90D7EB,82,-17,-17
"PANTONE 298 C",#00B7E7,69,-22,-35
"PANTONE 2985 C",#41C5E8,74,-24,-28
"PANTONE 299 C",#00A3E0,62,-20,-42
"PANTONE 2995 C",#00AAE0,64,-23,-39
"PANTONE 300 C",#0060B6,39,4,-55
"PANTONE 3005 C",#0079C8,48,-5,-51
"PANTONE 301 C",#004E88,31,-2,-40
"PANTONE 3015 C",#00639B,39,-8,-39
"PANTONE 302 C",#003C5C,23,-7,-25
"PANTONE 3025 C",#005073,31,-11,-27
"PANTONE 303 C",#002A39,15,-10,-14
"PANTONE 3035 C",#004054,24,-13,-18
"PANTONE 304 C",#92DAE8,83,-19,-14
"PANTONE 305 C",#3FCBEA,76,-27,-26
"PANTONE 306 C",#00B6E2,68,-28,-34
"PANTONE 307 C",#006DA8,43,-9,-40
"PANTONE 308 C",#00587C,34,-12,-28
"PANTONE 309 C",#003B49,22,-14,-14
"PANTONE 310 C",#55D1E3,78,-29,-19
"PANTONE 3105 C",#56D2DF,78,-30,-17
"PANTONE 311 C",#00C4DF,72,-35,-26
"PANTONE 3115 C",#00C1D5,71,-37,-22
"PANTONE 312 C",#00A8CD,63,-28,-30
"PANTONE 3125 C",#00ACC7,64,-32,-25
"PANTONE 313 C",#0093BD,56,-22,-32
"PANTONE 3135 C",#008FAA,54,-26,-24
"PANTONE 314 C",#0080A5,49,-20,-29
"PANTONE 3145 C",#00798C,46,-24,-19
"PANTONE 315 C",#006980,40,-20,-21
"PANTONE 3155 C",#006473,38,-22,-16
"PANTONE 316 C",#004852,27,-18,-12
"PANTONE 3165 C",#005059,30,-20,-12
"PANTONE 317 C",#AEE4E5,87,-17,-6
"PANTONE 318 C",#7FDBE0,82,-26,-11
"PANTONE 319 C",#00CDD5,75,-39,-16
"PANTONE 320 C",#009CA8,58,-33,-17
"PANTONE 321 C",#008E97,53,-31,-15
"PANTONE 322 C",#007579,44,-28,-11
"PANTONE 323 C",#005F62,36,-24,-9
"PANTONE 324 C",#97DBD7,83,-22,-5
"PANTONE 3242 C",#66DBD7,81,-34,-8
"PANTONE 3245 C",#76E1D3,83,-34,-3
"PANTONE 3248 C",#69CCB8,76,-34,1
"PANTONE 325 C",#5CCCCB,76,-32,-9
"PANTONE 3252 C",#00D1CB,76,-44,-9
"PANTONE 3255 C",#07D5C6,77,-46,-5
"PANTONE 3258 C",#41C4B3,72,-39,-2
"PANTONE 326 C",#00B1AB,65,-41,-8
"PANTONE 3262 C",#00C0B5,70,-44,-6
"PANTONE 3265 C",#00C7B3,72,-47,-2
"PANTONE 3268 C",#00A98F,62,-44,3
"PANTONE 327 C",#008778,50,-36,-1
"PANTONE 3272 C",#00A39A,60,-39,-6
"PANTONE 3275 C",#00B29B,65,-45,1
"PANTONE 3278 C",#009C78,57,-44,9
"PANTONE 328 C",#007368,43,-31,-2
"PANTONE 3282 C",#008679,50,-35,-2
"PANTONE 3285 C",#009581,55,-39,1
"PANTONE 3288 C",#008265,48,-38,7
"PANTONE 329 C",#006860,39,-29,-3
"PANTONE 3292 C",#005B52,34,-27,-2
"PANTONE 3295 C",#007664,44,-34,2
"PANTONE 3298 C",#006C54,40,-33,6
"PANTONE 330 C",#00534B,31,-25,-2
"PANTONE 3302 C",#004B46,28,-23,-3
"PANTONE 3305 C",#004E42,29,-25,1
"PANTONE 3308 C",#00473A,26,-24,2
"PANTONE 331 C",#A2E7DB,87,-24,-1
"PANTONE 332 C",#88E2D0,84,-31,0
"PANTONE 333 C",#31DAC2,79,-47,0
"PANTONE 334 C",#009977,56,-43,8
"PANTONE 335 C",#00795F,45,-36,6
"PANTONE 336 C",#006650,38,-32,5
"PANTONE 337 C",#8CD5BC,80,-28,5
"PANTONE 3375 C",#7AE2C0,83,-38,7
"PANTONE 338 C",#6BCDB3,76,-35,4
"PANTONE 3385 C",#46D7AF,78,-48,9
"PANTONE 339 C",#00B38A,65,-49,10
"PANTONE 3395 C",#12C389,70,-54,18
"PANTONE 340 C",#119661,55,-46,19
"PANTONE 3405 C",#18AE68,63,-53,26
"PANTONE 341 C",#007A55,45,-39,12
"PANTONE 3415 C",#0E774A,44,-39,17
"PANTONE 342 C",#006748,38,-34,10
"PANTONE 3425 C",#026142,36,-33,11
"PANTONE 343 C",#135842,33,-27,7
"PANTONE 3435 C",#124634,26,-22,6
"PANTONE 344 C",#A3DCB5,83,-26,13
"PANTONE 345 C",#93D5AD,80,-29,13
"PANTONE 346 C",#73CA9A,75,-37,16
"PANTONE 347 C",#1D9A48,56,-51,34
"PANTONE 348 C",#17833E,48,-45,29
"PANTONE 349 C",#106A3A,39,-37,20
"PANTONE 350 C",#2E5335,32,-21,14
"PANTONE 3500 C",#136D33,40,-39,25
"PANTONE 3501 C",#57AC14,63,-49,61
"PANTONE 3506 C",#0063AD,40,0,-48
"PANTONE 3507 C",#BACF18,79,-27,76
"PANTONE 3508 C",#617732,47,-20,35
"PANTONE 351 C",#A4E6BC,86,-29,14
"PANTONE 3514 C",#FEB70F,79,14,80
"PANTONE 3515 C",#580D7C,23,49,-45
"PANTONE 3516 C",#DF3610,50,63,58
"PANTONE 3517 C",#C30816,41,65,47
"PANTONE 3519 C",#E2A7AE,74,23,5
"PANTONE 352 C",#92E3B2,84,-35,16
"PANTONE 3520 C",#AB7CC3,59,31,-30
"PANTONE 3522 C",#1B8935,50,-48,36
"PANTONE 3523 C",#732E33,29,31,12
"PANTONE 3524 C",#292A53,19,12,-25
"PANTONE 3526 C",#79959E,60,-8,-8
"PANTONE 3527 C",#D1459C,52,63,-18
"PANTONE 3529 C",#33A629,60,-55,52
"PANTONE 353 C",#82DFA7,82,-40,19
"PANTONE 3533 C",#62DAC7,80,-38,-1
"PANTONE 3534 C",#00B2A2,65,-43,-3
"PANTONE 3535 C",#2B0F84,18,45,-59
"PANTONE 3536 C",#137534,43,-42,28
"PANTONE 3537 C",#05481F,26,-30,19
"PANTONE 3538 C",#0098D6,58,-17,-43
"PANTONE 3539 C",#489B31,57,-45,46
"PANTONE 354 C",#28B247,64,-58,44
"PANTONE 3541 C",#00939E,55,-31,-16
"PANTONE 3542 C",#18187B,17,36,-55
"PANTONE 3543 C",#9B90D1,63,18,-32
"PANTONE 3544 C",#E2B8A9,78,13,13
"PANTONE 3545 C",#00BDE2,70,-31,-31
"PANTONE 3546 C",#D10C1B,44,68,48
"PANTONE 3547 C",#CB901A,64,13,64
"PANTONE 355 C",#21973D,55,-51,38
"PANTONE 3551 C",#00A6C6,62,-29,-28
"PANTONE 3553 C",#006FB4,44,-6,-46
"PANTONE 3555 C",#48257B,24,36,-43
"PANTONE 3556 C",#F03C32,54,67,48
"PANTONE 3557 C",#007D81,47,-29,-11
"PANTONE 3558 C",#869DD3,65,5,-30
"PANTONE 3559 C",#8855A9,45,37,-37
"PANTONE 356 C",#177B37,45,-43,29
"PANTONE 3560 C",#00A398,60,-40,-5
"PANTONE 3561 C",#83C217,72,-43,69
"PANTONE 3564 C",#F36A03,61,49,69
"PANTONE 3566 C",#3D2D73,24,26,-38
"PANTONE 3568 C",#F0CADC,85,16,-4
"PANTONE 357 C",#245835,33,-26,15
"PANTONE 3570 C",#BCD516,81,-29,78
"PANTONE 3572 C",#FF9EA2,75,37,13
"PANTONE 3574 C",#544880,34,19,-30
"PANTONE 3575 C",#8B74C3,54,26,-38
"PANTONE 3577 C",#82BADE,73,-9,-24
"PANTONE 358 C",#B2DB93,83,-26,31
"PANTONE 3581 C",#00336E,22,10,-38
"PANTONE 3582 C",#D176A8,61,42,-11
"PANTONE 3583 C",#442483,24,38,-48
"PANTONE 3584 C",#134180,28,10,-40
"PANTONE 3588 C",#FF942A,72,36,69
"PANTONE 359 C",#A7D786,81,-30,35
"PANTONE 3590 C",#1F59A1,38,8,-44
"PANTONE 3591 C",#00287C,18,20,-54
"PANTONE 3593 C",#936FB6,53,28,-32
"PANTONE 3595 C",#EFBFD6,82,21,-5
"PANTONE 3596 C",#E1BA8D,78,8,28
"PANTONE 3597 C",#003976,24,8,-40
"PANTONE 3599 C",#DDC086,79,2,33
"PANTONE 360 C",#77C04D,71,-43,50
"PANTONE 361 C",#50B02F,64,-51,54
"PANTONE 362 C",#5C9E34,59,-40,47
"PANTONE 363 C",#538D2E,53,-36,43
"PANTONE 364 C",#4F752A,45,-27,36
"PANTONE 365 C",#C8E18C,86,-22,39
"PANTONE 366 C",#BDDD7C,84,-26,44
"PANTONE 367 C",#ACD461,80,-31,52
"PANTONE 368 C",#82BC28,70,-40,63
"PANTONE 369 C",#6FA517,62,-38,60
"PANTONE 370 C",#6A8C20,54,-28,50
"PANTONE 371 C",#566123,39,-14,33
"PANTONE 372 C",#D9EB90,90,-20,42
"PANTONE 373 C",#D5E984,89,-22,47
"PANTONE 374 C",#CDE56F,87,-25,54
"PANTONE 375 C",#A0D513,79,-40,76
"PANTONE 376 C",#8FBD14,71,-36,69
"PANTONE 377 C",#80980D,59,-25,60
"PANTONE 378 C",#5D6220,40,-12,36
"PANTONE 379 C",#E9E56B,89,-14,59
"PANTONE 380 C",#E5E348,88,-17,72
"PANTONE 381 C",#D8DC1C,85,-21,81
"PANTONE 382 C",#CCD518,82,-22,79
"PANTONE 383 C",#ADAB11,68,-15,68
"PANTONE 384 C",#99910C,59,-10,61
"PANTONE 385 C",#7C7024,47,-5,42
"PANTONE 386 C",#F1EA6E,91,-13,60
"PANTONE 387 C",#EDE83C,90,-17,78
"PANTONE 388 C",#E9E62E,89,-18,81
"PANTONE 389 C",#DBDF1C,86,-21,82
"PANTONE 390 C",#BEBC13,74,-16,73
"PANTONE 391 C",#A29511,61,-8,62
"PANTONE 392 C",#887A0C,51,-6,54
"PANTONE 393 C",#F8EB77,92,-10,57
"PANTONE 3935 C",#FCEB63,92,-10,66
"PANTONE 394 C",#F7E940,91,-13,78
"PANTONE 3945 C",#FBE417,90,-10,87
"PANTONE 395 C",#F4E726,90,-14,84
"PANTONE 3955 C",#F8DE19,88,-8,85
"PANTONE 396 C",#E9DF17,87,-15,84
"PANTONE 3965 C",#F6DA1A,87,-7,84
"PANTONE 397 C",#C8B815,74,-10,73
"PANTONE 3975 C",#C0A40F,68,-3,69
"PANTONE 398 C",#B4A10F,66,-7,67
"PANTONE 3985 C",#A0870B,57,-2,60
"PANTONE 399 C",#A6900E,60,-4,62
"PANTONE 3995 C",#6A5B22,39,-1,34
"PANTONE 400 C",#C5C0B8,78,0,5
"PANTONE 4001 C",#EFDCA0,88,-2,32
"PANTONE 4002 C",#E3C684,81,1,37
"PANTONE 4003 C",#D7C99A,81,-2,25
"PANTONE 4004 C",#CEB77A,75,0,34
"PANTONE 4005 C",#C5AE7D,72,1,28
"PANTONE 4006 C",#BDA272,68,3,29
"PANTONE 4007 C",#B0955F,63,3,32
"PANTONE 4008 C",#FBB028,77,17,73
"PANTONE 4009 C",#F49C4A,72,26,55
"PANTONE 401 C",#AFABA2,70,0,5
"PANTONE 4010 C",#EB6A12,60,46,65
"PANTONE 4011 C",#E4774F,62,39,41
"PANTONE 4012 C",#ED723E,62,44,50
"PANTONE 4013 C",#CF6B29,56,35,52
"PANTONE 4014 C",#BB6949,53,30,32
"PANTONE 4015 C",#D9C767,80,-6,50
"PANTONE 4016 C",#DDBF40,78,-3,65
"PANTONE 4017 C",#E6B843,77,5,63
"PANTONE 4018 C",#D7B24B,74,2,56
"PANTONE 4019 C",#C7A850,70,1,49
"PANTONE 402 C",#9E9890,63,1,5
"PANTONE 4020 C",#C59F12,67,2,68
"PANTONE 4021 C",#B49237,62,3,51
"PANTONE 4022 C",#D4B480,75,4,31
"PANTONE 4023 C",#D8B46B,75,4,42
"PANTONE 4024 C",#D7AD68,73,7,41
"PANTONE 4025 C",#DBA04A,70,13,52
"PANTONE 4026 C",#C28B3F,62,13,48
"PANTONE 4027 C",#936322,46,13,43
"PANTONE 4028 C",#835F2A,43,9,35
"PANTONE 4029 C",#ECCDA5,84,5,24
"PANTONE 403 C",#8C857C,56,1,6
"PANTONE 4030 C",#F3C9AE,84,11,19
"PANTONE 4031 C",#EBCBBB,84,9,12
"PANTONE 4032 C",#F7CBC0,85,14,11
"PANTONE 4033 C",#F8BBAA,81,20,17
"PANTONE 4034 C",#CC9474,66,17,25
"PANTONE 4035 C",#C99674,66,15,25
"PANTONE 4036 C",#C19A97,67,14,7
"PANTONE 4037 C",#B57D77,58,21,12
"PANTONE 4038 C",#B37369,55,24,16
"PANTONE 4039 C",#AF6960,52,27,17
"PANTONE 404 C",#786E64,47,2,7
"PANTONE 4040 C",#986C67,50,17,10
"PANTONE 4041 C",#805D57,43,13,9
"PANTONE 4042 C",#795D53,42,10,10
"PANTONE 4043 C",#E1C4AE,81,7,15
"PANTONE 4044 C",#C5A18A,69,10,17
"PANTONE 4045 C",#BB9684,65,11,15
"PANTONE 4046 C",#B29681,64,7,15
"PANTONE 4047 C",#AE8D76,61,9,17
"PANTONE 4048 C",#A5826A,57,10,18
"PANTONE 4049 C",#988370,56,5,13
"PANTONE 405 C",#696259,42,1,6
"PANTONE 4050 C",#DBAC96,74,14,18
"PANTONE 4051 C",#E18979,66,32,23
"PANTONE 4052 C",#DB8878,65,30,22
"PANTONE 4053 C",#D17D6B,61,31,24
"PANTONE 4054 C",#AB543E,46,34,29
"PANTONE 4055 C",#A85547,46,33,24
"PANTONE 4056 C",#875047,40,22,15
"PANTONE 4057 C",#E4675C,59,48,30
"PANTONE 4058 C",#E74D55,55,60,29
"PANTONE 4059 C",#C53241,45,58,27
"PANTONE 406 C",#C4BDB9,77,2,3
"PANTONE 4060 C",#C03942,45,54,26
"PANTONE 4061 C",#BF6460,53,36,19
"PANTONE 4062 C",#A94545,43,41,21
"PANTONE 4063 C",#9D4234,40,37,27
"PANTONE 4064 C",#EAB3BA,78,21,4
"PANTONE 4065 C",#E4AEB1,76,20,6
"PANTONE 4066 C",#EBA09B,73,27,14
"PANTONE 4067 C",#EAA09F,73,27,12
"PANTONE 4068 C",#E79194,69,33,12
"PANTONE 4069 C",#C95161,51,49,16
"PANTONE 407 C",#B1A6A1,69,3,4
"PANTONE 4070 C",#B63D50,44,50,16
"PANTONE 4071 C",#CF8A9F,65,29,0
"PANTONE 4072 C",#E07C9B,64,42,1
"PANTONE 4073 C",#C94972,50,54,4
"PANTONE 4074 C",#7D1E4A,29,44,-3
"PANTONE 4075 C",#813751,34,35,0
"PANTONE 4076 C",#81445A,37,29,-1
"PANTONE 4077 C",#834856,38,27,3
"PANTONE 4078 C",#E4C3D6,82,15,-5
"PANTONE 4079 C",#CBA9C4,73,17,-9
"PANTONE 408 C",#968C87,59,3,4
"PANTONE 4080 C",#CCB0CB,75,15,-10
"PANTONE 4081 C",#AC90A9,63,15,-9
"PANTONE 4082 C",#A4668F,51,31,-12
"PANTONE 4083 C",#825C93,45,26,-24
"PANTONE 4084 C",#6D3E61,33,26,-12
"PANTONE 4085 C",#C8B8AF,76,4,7
"PANTONE 4086 C",#BBA6A8,70,8,2
"PANTONE 4087 C",#B79E97,67,8,7
"PANTONE 4088 C",#A88A81,60,10,9
"PANTONE 4089 C",#A28C88,60,8,5
"PANTONE 409 C",#867975,52,4,4
"PANTONE 4090 C",#917369,51,10,10
"PANTONE 4091 C",#7B5F5E,43,11,5
"PANTONE 4092 C",#C9A8B5,72,14,-2
"PANTONE 4093 C",#AF9195,63,12,2
"PANTONE 4094 C",#916A77,49,18,-1
"PANTONE 4095 C",#895B6A,44,21,-1
"PANTONE 4096 C",#784B4E,37,20,6
"PANTONE 4097 C",#734D51,37,17,4
"PANTONE 4098 C",#66463E,33,13,10
"PANTONE 4099 C",#AC8484,59,15,6
"PANTONE 410 C",#766764,45,5,4
"PANTONE 4100 C",#7E4F50,39,20,8
"PANTONE 4101 C",#632428,24,29,12
"PANTONE 4102 C",#561D24,20,27,9
"PANTONE 4103 C",#51252F,21,22,3
"PANTONE 4104 C",#543C3E,28,11,3
"PANTONE 4105 C",#673F34,31,16,14
"PANTONE 4106 C",#C4AAB3,72,11,-1
"PANTONE 4107 C",#A992A3,63,12,-6
"PANTONE 4108 C",#A38697,59,14,-5
"PANTONE 4109 C",#9E7A8B,55,17,-4
"PANTONE 411 C",#5E524D,36,4,5
"PANTONE 4110 C",#8A6F81,50,14,-6
"PANTONE 4111 C",#7D596C,42,18,-5
"PANTONE 4112 C",#8B6D73,49,13,1
"PANTONE 4113 C",#A28E92,61,8,1
"PANTONE 4114 C",#9B8D92,60,6,-1
"PANTONE 4115 C",#927F82,55,8,1
"PANTONE 4116 C",#998484,57,8,3
"PANTONE 4117 C",#6F6475,44,8,-8
"PANTONE 4118 C",#423A4E,26,8,-11
"PANTONE 4119 C",#3D3A44,25,4,-6
"PANTONE 412 C",#383130,21,3,2
"PANTONE 4120 C",#B3ACD1,72,10,-18
"PANTONE 4121 C",#958EB6,61,11,-20
"PANTONE 4122 C",#6E6EB1,49,17,-36
"PANTONE 4123 C",#A2A8BC,69,2,-11
"PANTONE 4124 C",#8B92B1,61,4,-17
"PANTONE 4125 C",#5A5D77,40,5,-15
"PANTONE 4126 C",#4C4164,30,13,-19
"PANTONE 4127 C",#7A8196,54,2,-12
"PANTONE 4128 C",#6A7284,48,1,-11
"PANTONE 4129 C",#647180,47,-1,-10
"PANTONE 413 C",#B9BDB4,76,-3,4
"PANTONE 4130 C",#4E5A6D,38,0,-12
"PANTONE 4131 C",#434C5C,32,1,-11
"PANTONE 4132 C",#383B4A,25,3,-10
"PANTONE 4133 C",#383B47,25,2,-8
"PANTONE 4134 C",#9FA3B0,67,1,-7
"PANTONE 4135 C",#74859C,55,-1,-14
"PANTONE 4136 C",#5E6F81,46,-2,-12
"PANTONE 4137 C",#415F77,39,-4,-17
"PANTONE 4138 C",#476273,40,-5,-13
"PANTONE 4139 C",#4A5B6D,38,-2,-12
"PANTONE 414 C",#A7AA9F,69,-3,5
"PANTONE 4140 C",#353C47,25,0,-8
"PANTONE 4141 C",#3364A2,42,4,-38
"PANTONE 4142 C",#2F5181,34,4,-31
"PANTONE 4143 C",#3B556F,35,-2,-18
"PANTONE 4144 C",#343C5C,26,6,-20
"PANTONE 4145 C",#2A344F,22,4,-18
"PANTONE 4146 C",#151F37,12,4,-17
"PANTONE 4147 C",#212342,15,9,-20
"PANTONE 4148 C",#5796B0,59,-13,-20
"PANTONE 4149 C",#83ABC6,68,-7,-18
"PANTONE 415 C",#929489,61,-3,6
"PANTONE 4150 C",#3B7EB8,51,-2,-37
"PANTONE 4151 C",#006AAF,42,-5,-46
"PANTONE 4152 C",#005494,34,0,-43
"PANTONE 4153 C",#004F89,32,0,-39
"PANTONE 4154 C",#004375,27,-1,-35
"PANTONE 4155 C",#B8CACE,80,-5,-4
"PANTONE 4156 C",#93C0CC,75,-12,-11
"PANTONE 4157 C",#5AAFC3,67,-20,-18
"PANTONE 4158 C",#247E96,49,-18,-20
"PANTONE 4159 C",#005782,34,-10,-32
"PANTONE 416 C",#7E8074,53,-3,6
"PANTONE 4160 C",#004960,28,-13,-20
"PANTONE 4161 C",#294B59,30,-8,-12
"PANTONE 4162 C",#A7D2C5,81,-17,2
"PANTONE 4163 C",#8DCABA,77,-23,2
"PANTONE 4164 C",#0A8074,48,-32,-2
"PANTONE 4165 C",#166A61,40,-26,-2
"PANTONE 4166 C",#3C7673,46,-20,-4
"PANTONE 4167 C",#2D655F,39,-20,-2
"PANTONE 4168 C",#1E4646,27,-14,-4
"PANTONE 4169 C",#B4C8C1,79,-8,1
"PANTONE 417 C",#64675D,43,-3,5
"PANTONE 4170 C",#A2BEBC,75,-10,-2
"PANTONE 4171 C",#99B9B8,73,-11,-3
"PANTONE 4172 C",#80B2AB,69,-18,-2
"PANTONE 4173 C",#7EC5C1,75,-23,-5
"PANTONE 4174 C",#7EC1C2,74,-21,-7
"PANTONE 4175 C",#8EBBC3,73,-13,-9
"PANTONE 4176 C",#C6CEC2,82,-5,5
"PANTONE 4177 C",#B9BDAE,76,-4,7
"PANTONE 4178 C",#A8AE99,70,-6,10
"PANTONE 4179 C",#98A582,66,-11,17
"PANTONE 418 C",#52534A,35,-2,5
"PANTONE 4180 C",#909980,62,-8,12
"PANTONE 4181 C",#748671,54,-11,9
"PANTONE 4182 C",#6A7867,49,-9,8
"PANTONE 4183 C",#B8C1B7,77,-5,4
"PANTONE 4184 C",#99AA9E,68,-8,4
"PANTONE 4185 C",#86A49C,65,-12,1
"PANTONE 4186 C",#658E89,56,-15,-2
"PANTONE 4187 C",#647C7A,50,-9,-2
"PANTONE 4188 C",#3F5C5C,37,-11,-3
"PANTONE 4189 C",#124B53,29,-15,-10
"PANTONE 419 C",#1F2221,13,-2,0
"PANTONE 4190 C",#A8B4A5,72,-7,6
"PANTONE 4191 C",#92A59D,66,-8,2
"PANTONE 4192 C",#839588,60,-9,5
"PANTONE 4193 C",#61685C,43,-5,6
"PANTONE 4194 C",#556462,41,-6,-1
"PANTONE 4195 C",#636667,43,-1,-1
"PANTONE 4196 C",#43555A,35,-6,-5
"PANTONE 4197 C",#8A9D91,63,-9,4
"PANTONE 4198 C",#6A7E72,51,-10,4
"PANTONE 4199 C",#586A5F,43,-9,4
"PANTONE 420 C",#C6CAC7,81,-2,1
"PANTONE 4200 C",#5A6C63,44,-9,3
"PANTONE 4201 C",#4F695E,42,-12,3
"PANTONE 4202 C",#384D47,31,-10,1
"PANTONE 4203 C",#2A4840,28,-13,1
"PANTONE 4204 C",#C3D2AA,82,-12,18
"PANTONE 4205 C",#ABC088,75,-17,26
"PANTONE 4206 C",#91AE83,68,-18,19
"PANTONE 4207 C",#7FA27A,63,-20,17
"PANTONE 4208 C",#3D7054,43,-24,10
"PANTONE 4209 C",#38594D,35,-15,3
"PANTONE 421 C",#B0B4B1,73,-2,1
"PANTONE 4210 C",#2F4F44,31,-15,3
"PANTONE 4211 C",#D4D997,85,-12,32
"PANTONE 4212 C",#8EAB43,66,-26,49
"PANTONE 4213 C",#6F8E36,55,-25,42
"PANTONE 4214 C",#5E7956,48,-17,16
"PANTONE 4215 C",#557041,44,-19,23
"PANTONE 4216 C",#405725,34,-18,26
"PANTONE 4217 C",#4D5D24,37,-16,30
"PANTONE 4218 C",#B0B69F,73,-6,11
"PANTONE 4219 C",#A6AB98,69,-5,9
"PANTONE 422 C",#9BA2A4,66,-2,-2
"PANTONE 4220 C",#888A79,57,-4,9
"PANTONE 4221 C",#7E7E62,52,-5,15
"PANTONE 4222 C",#757663,49,-4,10
"PANTONE 4223 C",#636853,43,-6,11
"PANTONE 4224 C",#3F4A38,30,-8,9
"PANTONE 4225 C",#8D8271,55,1,11
"PANTONE 4226 C",#868267,54,-3,15
"PANTONE 4227 C",#6C6952,44,-3,13
"PANTONE 4228 C",#5A553E,36,-2,14
"PANTONE 4229 C",#5E5D4C,39,-3,10
"PANTONE 423 C",#868D8F,58,-2,-2
"PANTONE 4230 C",#5A544D,36,1,5
"PANTONE 4231 C",#645E50,40,0,9
"PANTONE 4232 C",#DBCD16,81,-12,79
"PANTONE 4233 C",#C7BC13,75,-12,74
"PANTONE 4234 C",#C1C05E,76,-13,49
"PANTONE 4235 C",#B3B07E,71,-7,26
"PANTONE 4236 C",#C7BE6E,76,-8,41
"PANTONE 4237 C",#B0A463,67,-5,35
"PANTONE 4238 C",#918A54,57,-6,30
"PANTONE 4239 C",#C9C4B3,79,-1,9
"PANTONE 424 C",#707272,48,-1,0
"PANTONE 4240 C",#CBBDA4,77,1,14
"PANTONE 4241 C",#BEAC8A,71,1,20
"PANTONE 4242 C",#8B7751,51,2,24
"PANTONE 4243 C",#866A50,47,7,19
"PANTONE 4244 C",#7F6951,46,5,17
"PANTONE 4245 C",#5C5141,35,2,11
"PANTONE 4246 C",#CCC3AA,79,-1,14
"PANTONE 4247 C",#D4C1AA,79,3,14
"PANTONE 4248 C",#D8C3A9,80,3,16
"PANTONE 4249 C",#C5AD8C,72,4,20
"PANTONE 425 C",#515959,37,-3,-1
"PANTONE 4250 C",#BEA889,70,3,19
"PANTONE 4251 C",#BBA27B,68,3,24
"PANTONE 4252 C",#B9A286,68,4,18
"PANTONE 4253 C",#BCA48E,69,5,15
"PANTONE 4254 C",#C19972,66,10,26
"PANTONE 4255 C",#AF9878,64,4,20
"PANTONE 4256 C",#AD9173,62,6,20
"PANTONE 4257 C",#947C6F,54,7,11
"PANTONE 4258 C",#6E5D59,41,6,5
"PANTONE 4259 C",#302923,17,2,5
"PANTONE 426 C",#25282B,16,-1,-2
"PANTONE 4260 C",#D0A992,72,11,17
"PANTONE 4261 C",#A26E47,51,16,30
"PANTONE 4262 C",#AB714F,53,19,28
"PANTONE 4263 C",#B06F4C,53,22,30
"PANTONE 4264 C",#B07255,54,21,26
"PANTONE 4265 C",#9D644A,48,20,24
"PANTONE 4266 C",#9F603C,47,22,31
"PANTONE 4267 C",#C1B0A3,73,4,9
"PANTONE 4268 C",#B59F8E,67,5,12
"PANTONE 4269 C",#AC9178,62,6,17
"PANTONE 427 C",#CED2D5,84,-1,-2
"PANTONE 4270 C",#978671,57,3,14
"PANTONE 4271 C",#907A6C,53,6,11
"PANTONE 4272 C",#816B61,47,7,9
"PANTONE 4273 C",#4F4746,31,3,2
"PANTONE 4274 C",#AFB7BB,74,-2,-3
"PANTONE 4275 C",#ABAFAC,71,-2,1
"PANTONE 4276 C",#9C9EA1,65,0,-2
"PANTONE 4277 C",#8D8A91,58,2,-3
"PANTONE 4278 C",#7E7E84,53,1,-3
"PANTONE 4279 C",#5A5358,36,4,-2
"PANTONE 428 C",#C0C8CC,80,-2,-3
"PANTONE 4280 C",#222A37,17,0,-9
"PANTONE 4281 C",#B0B0B0,72,0,0
"PANTONE 4282 C",#ADAAAB,70,1,0
"PANTONE 4283 C",#A7A2A3,67,2,0
"PANTONE 4284 C",#706B75,46,4,-5
"PANTONE 4285 C",#67616A,42,4,-4
"PANTONE 4286 C",#5C555E,37,5,-4
"PANTONE 4287 C",#454142,28,2,0
"PANTONE 4288 C",#B6BDB6,76,-4,3
"PANTONE 4289 C",#989898,63,0,0
"PANTONE 429 C",#A0AAAE,69,-3,-3
"PANTONE 4290 C",#8F8A8B,58,2,0
"PANTONE 4291 C",#746E6E,47,2,1
"PANTONE 4292 C",#726E71,47,2,-1
"PANTONE 4293 C",#625C65,40,4,-4
"PANTONE 4294 C",#545155,35,2,-2
"PANTONE 430 C",#7B8890,56,-3,-6
"PANTONE 431 C",#586871,43,-4,-7
"PANTONE 432 C",#2F4049,26,-4,-8
"PANTONE 433 C",#19252F,14,-2,-8
"PANTONE 434 C",#CEC4C6,80,4,0
"PANTONE 435 C",#BFB3B6,74,5,0
"PANTONE 436 C",#AB9A9E,65,7,0
"PANTONE 437 C",#7B656B,45,10,0
"PANTONE 438 C",#584446,31,9,2
"PANTONE 439 C",#453536,24,7,2
"PANTONE 440 C",#392E2E,20,5,2
"PANTONE 441 C",#BCC6C3,79,-4,0
"PANTONE 442 C",#A2ADAD,70,-4,-1
"PANTONE 443 C",#929D9E,64,-4,-2
"PANTONE 444 C",#6D7C7E,51,-5,-3
"PANTONE 445 C",#4D5659,36,-3,-3
"PANTONE 446 C",#3D4342,28,-3,0
"PANTONE 447 C",#373A38,24,-2,1
"PANTONE 448 C",#4C412B,28,1,15
"PANTONE 4485 C",#624D26,34,4,26
"PANTONE 449 C",#534529,30,2,19
"PANTONE 4495 C",#8F7733,51,1,40
"PANTONE 450 C",#5D4B26,33,2,25
"PANTONE 4505 C",#9C8445,56,1,37
"PANTONE 451 C",#9F9361,61,-3,28
"PANTONE 4515 C",#B8A46C,68,-1,32
"PANTONE 452 C",#B3A97F,69,-3,23
"PANTONE 4525 C",#CBB785,75,0,28
"PANTONE 453 C",#BFBA98,75,-4,18
"PANTONE 4535 C",#D2C395,79,-2,25
"PANTONE 454 C",#CCC7AA,80,-3,15
"PANTONE 4545 C",#D9CCA1,82,-2,23
"PANTONE 455 C",#6B5A26,39,0,32
"PANTONE 456 C",#A58C2C,59,-1,52
"PANTONE 457 C",#BF9D22,66,1,63
"PANTONE 458 C",#E0C55A,80,-3,56
"PANTONE 459 C",#E4CB66,82,-4,53
"PANTONE 460 C",#EAD781,86,-5,45
"PANTONE 461 C",#ECDD98,88,-5,36
"PANTONE 462 C",#60462E,32,8,19
"PANTONE 4625 C",#512B1C,22,16,17
"PANTONE 463 C",#754F28,37,12,29
"PANTONE 4635 C",#986038,46,19,32
"PANTONE 464 C",#8E5A2B,43,17,35
"PANTONE 4645 C",#AE7B5C,56,16,25
"PANTONE 465 C",#BE985D,65,7,36
"PANTONE 4655 C",#C19477,65,13,22
"PANTONE 466 C",#C9A977,71,5,30
"PANTONE 4665 C",#CFA688,71,11,21
"PANTONE 467 C",#D6BB8C,77,3,27
"PANTONE 4675 C",#DDBEA8,79,8,15
"PANTONE 468 C",#DECAA3,82,1,22
"PANTONE 4685 C",#E3C7AE,82,6,16
"PANTONE 469 C",#6A3E22,31,16,25
"PANTONE 4695 C",#5B3329,26,17,14
"PANTONE 470 C",#A85B2C,47,28,40
"PANTONE 4705 C",#7F4D3C,38,19,19
"PANTONE 471 C",#B96228,51,31,47
"PANTONE 4715 C",#986A57,49,16,18
"PANTONE 472 C",#E89D6D,71,23,36
"PANTONE 4725 C",#B18B79,61,12,15
"PANTONE 473 C",#F3BF9B,81,14,25
"PANTONE 4735 C",#C1A293,69,9,12
"PANTONE 474 C",#F3C6A8,83,12,21
"PANTONE 4745 C",#CBB4A7,75,6,10
"PANTONE 475 C",#F6D0B4,86,9,19
"PANTONE 4755 C",#D7C3B6,80,5,9
"PANTONE 476 C",#4F352A,25,10,12
"PANTONE 477 C",#613B2B,29,15,17
"PANTONE 478 C",#72412A,33,19,23
"PANTONE 479 C",#AC7F65,57,14,21
"PANTONE 480 C",#C5A993,71,7,15
"PANTONE 481 C",#D5BCAB,78,6,12
"PANTONE 482 C",#DEC8B8,82,5,11
"PANTONE 483 C",#663025,27,23,18
"PANTONE 484 C",#9C3324,37,43,33
"PANTONE 485 C",#DC2819,48,66,53
"PANTONE 486 C",#EA927B,69,31,26
"PANTONE 487 C",#EEA897,75,24,19
"PANTONE 488 C",#EEBBAB,80,16,15
"PANTONE 489 C",#ECC3B2,82,12,14
"PANTONE 490 C",#5C2A2B,24,23,10
"PANTONE 491 C",#803235,32,34,15
"PANTONE 492 C",#903236,35,40,19
"PANTONE 493 C",#DF879B,66,36,4
"PANTONE 494 C",#E9A3B1,74,28,3
"PANTONE 495 C",#F2BFCB,82,20,1
"PANTONE 496 C",#F1C7CE,84,16,2
"PANTONE 497 C",#52302E,24,15,8
"PANTONE 4975 C",#402123,17,15,5
"PANTONE 498 C",#6A3935,30,21,12
"PANTONE 4985 C",#894D52,40,26,8
"PANTONE 499 C",#7B3E39,34,26,15
"PANTONE 4995 C",#9B626A,48,24,5
"PANTONE 500 C",#C78792,63,26,4
"PANTONE 5005 C",#B07E83,58,20,5
"PANTONE 501 C",#DBA5AE,73,21,3
"PANTONE 5015 C",#CDA4A9,71,16,3
"PANTONE 502 C",#E7BBC3,80,17,2
"PANTONE 5025 C",#DDB8BC,78,14,3
"PANTONE 503 C",#EAC6C8,83,13,4
"PANTONE 5035 C",#DEC3C4,81,10,3
"PANTONE 504 C",#592B34,24,22,4
"PANTONE 505 C",#702F41,29,31,3
"PANTONE 506 C",#833650,34,36,1
"PANTONE 507 C",#D493AC,68,28,-3
"PANTONE 508 C",#E3A9BB,75,24,-1
"PANTONE 509 C",#E6B3C3,78,21,-1
"PANTONE 510 C",#EABECC,81,18,-1
"PANTONE 511 C",#612E51,27,28,-11
"PANTONE 5115 C",#4E2C45,23,20,-9
"PANTONE 512 C",#803579,35,42,-24
"PANTONE 5125 C",#663E5E,32,23,-12
"PANTONE 513 C",#90378F,39,49,-31
"PANTONE 5135 C",#7B5573,41,21,-11
"PANTONE 514 C",#D18DC8,67,35,-20
"PANTONE 5145 C",#987793,54,18,-10
"PANTONE 515 C",#E1AFD8,77,25,-14
"PANTONE 5155 C",#BCA4B6,70,12,-6
"PANTONE 516 C",#E4BEDE,81,19,-11
"PANTONE 5165 C",#D2C2D0,80,8,-5
"PANTONE 517 C",#E9C8E1,84,16,-8
"PANTONE 5175 C",#D7C8D2,82,7,-3
"PANTONE 518 C",#49314A,24,16,-11
"PANTONE 5185 C",#483242,24,13,-6
"PANTONE 519 C",#55335F,27,24,-20
"PANTONE 5195 C",#64445B,33,18,-8
"PANTONE 520 C",#5F326D,29,31,-26
"PANTONE 5205 C",#83637B,46,17,-8
"PANTONE 521 C",#A07FB2,58,22,-22
"PANTONE 5215 C",#AA95A6,64,11,-6
"PANTONE 522 C",#B69DC6,68,17,-18
"PANTONE 5225 C",#C4B1BD,74,9,-4
"PANTONE 523 C",#C4B2D1,75,12,-13
"PANTONE 5235 C",#CFBFC7,79,7,-2
"PANTONE 524 C",#D5C4DA,81,10,-9
"PANTONE 5245 C",#D9CBD3,83,6,-2
"PANTONE 525 C",#532F61,26,26,-23
"PANTONE 5255 C",#191B35,11,7,-17
"PANTONE 526 C",#683289,32,40,-39
"PANTONE 5265 C",#3A3A5F,26,10,-22
"PANTONE 527 C",#7837A7,37,48,-49
"PANTONE 5275 C",#525477,37,8,-20
"PANTONE 528 C",#AD81D1,61,32,-35
"PANTONE 5285 C",#8989A5,58,6,-15
"PANTONE 529 C",#C3A5DE,72,22,-25
"PANTONE 5295 C",#B0B2C5,73,3,-10
"PANTONE 530 C",#D2BBE5,79,16,-18
"PANTONE 5305 C",#C4C6D3,80,2,-7
"PANTONE 531 C",#DDC7E5,83,13,-12
"PANTONE 5315 C",#D5D7DF,86,1,-4
"PANTONE 532 C",#19202A,12,0,-8
"PANTONE 533 C",#1A2A44,17,2,-18
"PANTONE 534 C",#02375D,22,0,-27
"PANTONE 535 C",#88A0BC,65,-2,-17
"PANTONE 536 C",#9EB3CA,72,-2,-14
"PANTONE 537 C",#B7C9D7,80,-3,-9
"PANTONE 538 C",#C2D1DC,83,-3,-7
"PANTONE 539 C",#00283D,14,-7,-18
"PANTONE 5395 C",#021E2B,10,-5,-12
"PANTONE 540 C",#003257,19,-3,-28
"PANTONE 5405 C",#48758C,47,-9,-17
"PANTONE 541 C",#003D6F,24,-1,-36
"PANTONE 5415 C",#537F96,51,-9,-17
"PANTONE 542 C",#6FB0D5,69,-11,-25
"PANTONE 5425 C",#7498AB,61,-8,-14
"PANTONE 543 C",#9CCAE4,79,-9,-18
"PANTONE 5435 C",#A4BCCB,75,-5,-10
"PANTONE 544 C",#B8D6E8,84,-6,-12
"PANTONE 5445 C",#B2CAD5,80,-6,-8
"PANTONE 545 C",#C1DBE8,86,-6,-9
"PANTONE 5455 C",#BDCFD9,82,-4,-7
"PANTONE 546 C",#002A32,15,-11,-9
"PANTONE 5463 C",#02282D,14,-11,-7
"PANTONE 5467 C",#16332F,19,-12,-1
"PANTONE 547 C",#00323D,18,-13,-12
"PANTONE 5473 C",#005F66,36,-22,-11
"PANTONE 5477 C",#3D5D58,37,-13,-1
"PANTONE 548 C",#003E4E,23,-14,-16
"PANTONE 5483 C",#45858E,52,-18,-11
"PANTONE 5487 C",#5D7A77,49,-11,-2
"PANTONE 549 C",#61A5B9,64,-16,-17
"PANTONE 5493 C",#7BA8AC,66,-14,-7
"PANTONE 5497 C",#7F9896,61,-9,-2
"PANTONE 550 C",#87B8C9,72,-12,-14
"PANTONE 5503 C",#92B7BD,72,-11,-7
"PANTONE 5507 C",#9AB0AD,70,-8,-1
"PANTONE 551 C",#9FC8D3,78,-11,-10
"PANTONE 5513 C",#A7C7CA,78,-10,-5
"PANTONE 5517 C",#B2C1BE,77,-6,0
"PANTONE 552 C",#B6D4DD,83,-8,-8
"PANTONE 5523 C",#B6D1D1,82,-9,-3
"PANTONE 5527 C",#BACAC6,80,-6,0
"PANTONE 553 C",#294633,27,-16,8
"PANTONE 5535 C",#183129,18,-12,2
"PANTONE 554 C",#1E5D43,35,-27,9
"PANTONE 5545 C",#40685D,41,-17,2
"PANTONE 555 C",#287252,43,-31,11
"PANTONE 5555 C",#5C7E71,50,-15,3
"PANTONE 556 C",#6DA187,62,-23,8
"PANTONE 5565 C",#7B9D92,62,-14,2
"PANTONE 557 C",#85AF9C,68,-18,5
"PANTONE 5575 C",#91ACA2,68,-11,2
"PANTONE 558 C",#99BEAC,74,-16,5
"PANTONE 5585 C",#A7BEB3,75,-10,3
"PANTONE 559 C",#ABC8B7,78,-13,5
"PANTONE 5595 C",#BFCDC1,81,-7,4
"PANTONE 560 C",#1D3D35,23,-14,1
"PANTONE 5605 C",#22372C,21,-11,4
"PANTONE 561 C",#00594E,33,-27,-1
"PANTONE 5615 C",#5F7563,47,-12,7
"PANTONE 562 C",#007064,42,-31,-1
"PANTONE 5625 C",#6F8472,53,-11,7
"PANTONE 563 C",#6ABCB1,71,-28,-2
"PANTONE 5635 C",#93A597,66,-9,5
"PANTONE 564 C",#81C9BC,76,-25,-1
"PANTONE 5645 C",#A2B2A4,71,-8,5
"PANTONE 565 C",#9FD4CA,81,-19,-1
"PANTONE 5655 C",#B2BFB2,76,-7,5
"PANTONE 566 C",#B6DCD4,85,-14,0
"PANTONE 5665 C",#B9C4B7,78,-6,5
"PANTONE 567 C",#154036,24,-18,2
"PANTONE 568 C",#006B5D,40,-31,0
"PANTONE 569 C",#00816F,48,-36,1
"PANTONE 570 C",#66C9B9,75,-33,-1
"PANTONE 571 C",#97DCD0,83,-24,-1
"PANTONE 572 C",#A2E0D5,85,-22,-1
"PANTONE 573 C",#B3E4D9,87,-18,0
"PANTONE 574 C",#515C31,37,-12,23
"PANTONE 5743 C",#404828,29,-9,18
"PANTONE 5747 C",#41451F,28,-8,22
"PANTONE 575 C",#6B813B,51,-20,35
"PANTONE 5753 C",#5F673B,42,-11,24
"PANTONE 5757 C",#747230,47,-9,36
"PANTONE 576 C",#7F9D4D,61,-24,38
"PANTONE 5763 C",#777A4E,50,-9,24
"PANTONE 5767 C",#8F8F4D,58,-10,35
"PANTONE 577 C",#ACC483,76,-19,30
"PANTONE 5773 C",#8A8F66,58,-9,21
"PANTONE 5777 C",#A4A46A,66,-9,30
"PANTONE 578 C",#BBCD99,80,-15,24
"PANTONE 5783 C",#A4A985,68,-8,18
"PANTONE 5787 C",#BBBC8C,75,-8,24
"PANTONE 579 C",#BFD09E,81,-14,23
"PANTONE 5793 C",#B6B997,74,-7,17
"PANTONE 5797 C",#C9C99F,80,-7,21
"PANTONE 5803 C",#C4C6A8,79,-6,15
"PANTONE 5807 C",#D1D1AD,83,-6,18
"PANTONE 581 C",#665C22,39,-4,34
"PANTONE 5815 C",#575124,34,-4,27
"PANTONE 582 C",#948B1A,57,-9,56
"PANTONE 5825 C",#8A7F3D,53,-5,37
"PANTONE 583 C",#C0BE1D,75,-16,72
"PANTONE 5835 C",#A69959,63,-4,35
"PANTONE 584 C",#DBD65B,84,-14,60
"PANTONE 5845 C",#B3A970,69,-5,31
"PANTONE 585 C",#E4DE75,87,-12,52
"PANTONE 5855 C",#C2BA87,75,-5,27
"PANTONE 586 C",#E6E17B,88,-12,50
"PANTONE 5865 C",#CFC898,80,-5,25
"PANTONE 587 C",#E9E38E,89,-10,42
"PANTONE 5875 C",#D4CD9F,82,-5,24
"PANTONE 600 C",#F5EA9F,92,-7,38
"PANTONE 6001 C",#ECD388,85,-1,40
"PANTONE 6002 C",#F0CA77,83,3,46
"PANTONE 6003 C",#E6B851,77,6,57
"PANTONE 6004 C",#E5AD39,74,10,64
"PANTONE 6005 C",#E3A624,72,12,69
"PANTONE 6006 C",#D49821,67,13,65
"PANTONE 6007 C",#BE7A2C,57,20,51
"PANTONE 6008 C",#BF9D7C,67,8,22
"PANTONE 6009 C",#B28C66,61,9,26
"PANTONE 601 C",#F3E792,91,-8,43
"PANTONE 6010 C",#A67F56,56,10,28
"PANTONE 6011 C",#A07649,53,11,31
"PANTONE 6012 C",#895F33,44,12,32
"PANTONE 6013 C",#7B5029,38,14,30
"PANTONE 6014 C",#69502E,36,6,24
"PANTONE 6015 C",#F3B38A,78,18,30
"PANTONE 6016 C",#FB9C64,73,30,44
"PANTONE 6017 C",#FF914B,71,36,54
"PANTONE 6018 C",#FA8234,67,41,60
"PANTONE 6019 C",#F16B0E,61,48,67
"PANTONE 602 C",#F6E87D,91,-9,53
"PANTONE 6020 C",#E65904,56,52,65
"PANTONE 6021 C",#DD5B1A,55,48,58
"PANTONE 6022 C",#F4C0B6,82,17,12
"PANTONE 6023 C",#EEB3A2,78,19,17
"PANTONE 6024 C",#E79785,70,28,22
"PANTONE 6025 C",#DE836D,64,33,27
"PANTONE 6026 C",#D8755C,60,36,31
"PANTONE 6027 C",#C6623F,53,37,38
"PANTONE 6028 C",#BA5B3F,50,36,34
"PANTONE 6029 C",#D2B1B2,75,12,4
"PANTONE 603 C",#F4DE51,88,-8,69
"PANTONE 6030 C",#C79F9B,69,14,8
"PANTONE 6031 C",#B98F87,63,15,10
"PANTONE 6032 C",#B2837A,59,17,12
"PANTONE 6033 C",#AA786B,55,18,15
"PANTONE 6034 C",#A36C5C,51,20,18
"PANTONE 6035 C",#975F4E,46,21,19
"PANTONE 6036 C",#BD8F9A,64,19,1
"PANTONE 6037 C",#AD7880,56,22,4
"PANTONE 6038 C",#A2676F,50,25,5
"PANTONE 6039 C",#95565E,44,27,7
"PANTONE 604 C",#F2D82D,86,-7,79
"PANTONE 6040 C",#884649,38,28,11
"PANTONE 6041 C",#7D3D3E,34,28,12
"PANTONE 6042 C",#622E2F,26,24,10
"PANTONE 6043 C",#F491A1,71,39,8
"PANTONE 6044 C",#F18692,68,42,12
"PANTONE 6045 C",#ED7B87,65,45,14
"PANTONE 6046 C",#E86D72,61,48,20
"PANTONE 6047 C",#D44F48,52,52,32
"PANTONE 6048 C",#D34F4F,52,52,28
"PANTONE 6049 C",#C14632,47,48,38
"PANTONE 605 C",#EBCB12,82,-4,81
"PANTONE 6050 C",#F9A9D1,78,35,-8
"PANTONE 6051 C",#FC86AF,70,49,-1
"PANTONE 6052 C",#E97297,63,50,2
"PANTONE 6053 C",#F8618A,62,61,8
"PANTONE 6054 C",#DD5782,56,56,4
"PANTONE 6055 C",#D44568,51,58,12
"PANTONE 6056 C",#CC3C5A,48,58,16
"PANTONE 6057 C",#D261A4,57,52,-15
"PANTONE 6058 C",#C85094,52,55,-13
"PANTONE 6059 C",#C24689,49,56,-11
"PANTONE 606 C",#D5B412,74,-2,74
"PANTONE 6060 C",#BD4080,47,56,-9
"PANTONE 6061 C",#B53777,44,56,-8
"PANTONE 6062 C",#B33370,43,56,-5
"PANTONE 6063 C",#A32F5F,39,51,-1
"PANTONE 6064 C",#CDB0C9,75,15,-9
"PANTONE 6065 C",#C89CB4,69,20,-6
"PANTONE 6066 C",#C090A9,65,22,-6
"PANTONE 6067 C",#B3829D,60,23,-7
"PANTONE 6068 C",#AA7791,56,24,-6
"PANTONE 6069 C",#9A657E,49,25,-5
"PANTONE 607 C",#F0E49D,90,-6,36
"PANTONE 6070 C",#9A657E,49,25,-5
"PANTONE 6071 C",#91799B,54,16,-15
"PANTONE 6072 C",#725477,40,19,-15
"PANTONE 6073 C",#634668,34,19,-15
"PANTONE 6074 C",#5F4160,32,19,-13
"PANTONE 6075 C",#553855,28,18,-12
"PANTONE 6076 C",#472C44,22,17,-10
"PANTONE 6077 C",#392936,19,10,-5
"PANTONE 6078 C",#B996D0,67,24,-25
"PANTONE 6079 C",#AE7FC2,60,30,-28
"PANTONE 608 C",#EEDE88,88,-6,44
"PANTONE 6080 C",#9C6CB2,53,32,-30
"PANTONE 6081 C",#9762AE,50,35,-32
"PANTONE 6082 C",#8A529C,44,36,-31
"PANTONE 6083 C",#7C428E,38,38,-32
"PANTONE 6084 C",#703A80,34,36,-30
"PANTONE 6085 C",#C3CFEC,83,2,-16
"PANTONE 6086 C",#A5B6DA,74,2,-20
"PANTONE 6087 C",#98A8D0,69,3,-22
"PANTONE 6088 C",#8498C6,63,4,-26
"PANTONE 6089 C",#708BC3,58,5,-32
"PANTONE 609 C",#EFDE7C,88,-7,50
"PANTONE 6090 C",#6076AD,50,7,-32
"PANTONE 6091 C",#45629D,42,7,-35
"PANTONE 6092 C",#8391C8,61,8,-30
"PANTONE 6093 C",#788AC3,58,8,-32
"PANTONE 6094 C",#6C7CB9,53,10,-34
"PANTONE 6095 C",#6174B6,50,11,-37
"PANTONE 6096 C",#5062A6,43,13,-39
"PANTONE 6097 C",#3B539B,37,14,-42
"PANTONE 6098 C",#2F478E,32,15,-42
"PANTONE 6099 C",#81A8DF,68,1,-32
"PANTONE 610 C",#ECD55A,85,-6,62
"PANTONE 6100 C",#6C92CA,60,2,-33
"PANTONE 6101 C",#5582C4,54,4,-39
"PANTONE 6102 C",#4B78B7,50,4,-38
"PANTONE 6103 C",#255497,36,8,-41
"PANTONE 6104 C",#003E8A,27,13,-48
"PANTONE 6105 C",#003B83,26,13,-45
"PANTONE 6106 C",#AFC0D6,77,-1,-13
"PANTONE 6107 C",#A1B5D0,73,-1,-16
"PANTONE 6108 C",#87A3C0,66,-3,-18
"PANTONE 6109 C",#6E8FB0,58,-3,-21
"PANTONE 611 C",#DEC72E,80,-7,73
"PANTONE 6110 C",#6989AA,56,-3,-21
"PANTONE 6111 C",#587A9C,50,-3,-22
"PANTONE 6112 C",#2E5E80,38,-5,-24
"PANTONE 6113 C",#65899A,55,-8,-13
"PANTONE 6114 C",#608192,52,-7,-13
"PANTONE 6115 C",#537483,47,-8,-12
"PANTONE 6116 C",#456878,42,-8,-13
"PANTONE 6117 C",#3F616F,39,-8,-12
"PANTONE 6118 C",#2E464D,28,-7,-7
"PANTONE 6119 C",#2B3E44,25,-6,-6
"PANTONE 612 C",#CBB012,72,-4,72
"PANTONE 6120 C",#00A5D6,63,-19,-35
"PANTONE 6121 C",#009ED1,60,-21,-37
"PANTONE 6122 C",#008CC6,54,-16,-40
"PANTONE 6123 C",#0087C2,52,-15,-41
"PANTONE 6124 C",#007EBA,49,-13,-41
"PANTONE 6125 C",#0076AC,46,-13,-38
"PANTONE 6126 C",#00609D,38,-5,-42
"PANTONE 6127 C",#4FB2CD,68,-21,-22
"PANTONE 6128 C",#0AA4BE,62,-26,-23
"PANTONE 6129 C",#0095B1,56,-27,-25
"PANTONE 613 C",#BA9B12,65,-1,66
"PANTONE 6130 C",#0087A0,51,-25,-23
"PANTONE 6131 C",#00738C,44,-21,-22
"PANTONE 6132 C",#007B9A,47,-21,-26
"PANTONE 6133 C",#006682,39,-18,-24
"PANTONE 6134 C",#77CBD5,77,-23,-13
"PANTONE 6135 C",#6BBAC3,71,-22,-12
"PANTONE 6136 C",#3CA7AD,63,-28,-12
"PANTONE 6137 C",#259DA0,59,-30,-11
"PANTONE 6138 C",#009195,54,-33,-12
"PANTONE 6139 C",#008689,50,-31,-11
"PANTONE 614 C",#E0D59B,85,-5,30
"PANTONE 6140 C",#007D7F,47,-30,-10
"PANTONE 6141 C",#80CFC7,78,-26,-4
"PANTONE 6142 C",#5FC1AF,72,-33,0
"PANTONE 6143 C",#13AF94,64,-43,3
"PANTONE 6144 C",#00A483,60,-45,7
"PANTONE 6145 C",#009671,55,-43,10
"PANTONE 6146 C",#048B62,51,-42,13
"PANTONE 6147 C",#0D7F55,47,-40,15
"PANTONE 6148 C",#CFE2EE,89,-4,-8
"PANTONE 6149 C",#BAD7DE,84,-8,-7
"PANTONE 615 C",#DCD090,83,-5,33
"PANTONE 6150 C",#9EC9CA,78,-14,-5
"PANTONE 6151 C",#7AB9B8,71,-20,-6
"PANTONE 6152 C",#5DA295,62,-25,0
"PANTONE 6153 C",#448B79,53,-27,3
"PANTONE 6154 C",#24785C,45,-32,8
"PANTONE 6155 C",#6DA697,64,-22,2
"PANTONE 6156 C",#5A9782,58,-25,5
"PANTONE 6157 C",#478B72,53,-28,7
"PANTONE 6158 C",#337F62,48,-31,9
"PANTONE 6159 C",#107157,42,-33,7
"PANTONE 616 C",#D4C787,80,-5,34
"PANTONE 6160 C",#115E41,35,-30,10
"PANTONE 6161 C",#144B38,28,-23,6
"PANTONE 6162 C",#3FAB7C,63,-42,15
"PANTONE 6163 C",#0FA26D,59,-48,18
"PANTONE 6164 C",#0E9F68,58,-48,19
"PANTONE 6165 C",#129457,54,-47,23
"PANTONE 6166 C",#168B4B,51,-46,26
"PANTONE 6167 C",#10753C,43,-41,24
"PANTONE 6168 C",#137743,44,-40,21
"PANTONE 6169 C",#76BB80,70,-34,23
"PANTONE 617 C",#C7B664,74,-5,44
"PANTONE 6170 C",#6BB076,66,-34,23
"PANTONE 6171 C",#5FA564,62,-36,27
"PANTONE 6172 C",#55945B,56,-33,24
"PANTONE 6173 C",#358743,50,-40,29
"PANTONE 6174 C",#317E40,47,-38,27
"PANTONE 6175 C",#377240,43,-31,22
"PANTONE 6176 C",#9BC2A8,75,-18,9
"PANTONE 6177 C",#86AF91,68,-20,11
"PANTONE 6178 C",#72A47D,63,-25,15
"PANTONE 6179 C",#5D956A,57,-28,17
"PANTONE 618 C",#B19E40,65,-4,50
"PANTONE 6180 C",#4C895C,52,-30,18
"PANTONE 6181 C",#448151,49,-31,20
"PANTONE 6182 C",#387444,44,-31,21
"PANTONE 6183 C",#7A8874,55,-9,9
"PANTONE 6184 C",#6F816B,52,-11,10
"PANTONE 6185 C",#64745B,47,-11,12
"PANTONE 6186 C",#56654D,41,-11,12
"PANTONE 6187 C",#505E46,38,-10,12
"PANTONE 6188 C",#45523A,33,-10,12
"PANTONE 6189 C",#2D3D31,24,-9,5
"PANTONE 619 C",#A5902F,60,-3,52
"PANTONE 6190 C",#E8ECBE,92,-9,22
"PANTONE 6191 C",#E9E9A9,91,-10,31
"PANTONE 6192 C",#D9E17C,87,-17,48
"PANTONE 6193 C",#CFD746,83,-20,67
"PANTONE 6194 C",#BECA1A,78,-23,75
"PANTONE 6195 C",#A0B213,69,-24,68
"PANTONE 6196 C",#9DAF13,68,-24,67
"PANTONE 6197 C",#D8DBD6,87,-2,2
"PANTONE 6198 C",#C7CBC2,81,-3,4
"PANTONE 6199 C",#BABDAD,76,-4,8
"PANTONE 620 C",#907B1E,52,-2,50
"PANTONE 6200 C",#B6B7A4,74,-4,10
"PANTONE 6201 C",#A1A289,66,-5,13
"PANTONE 6202 C",#96987B,62,-6,15
"PANTONE 6203 C",#919070,59,-5,17
"PANTONE 6204 C",#A8A393,67,-1,9
"PANTONE 6205 C",#98907A,60,-1,13
"PANTONE 6206 C",#918871,57,-1,14
"PANTONE 6207 C",#898169,54,-1,14
"PANTONE 6208 C",#7A6F55,47,0,16
"PANTONE 6209 C",#6B6349,42,-1,16
"PANTONE 621 C",#CEE1D9,88,-8,2
"PANTONE 6210 C",#605A3E,38,-2,17
"PANTONE 6211 C",#89959C,61,-3,-5
"PANTONE 6212 C",#79868C,55,-3,-5
"PANTONE 6213 C",#70787E,50,-2,-4
"PANTONE 6214 C",#697174,47,-2,-3
"PANTONE 6215 C",#5E676A,43,-3,-3
"PANTONE 6216 C",#505354,35,-1,-1
"PANTONE 6217 C",#464A47,31,-2,1
"PANTONE 6218 C",#919FAE,65,-2,-9
"PANTONE 6219 C",#7E919D,59,-4,-9
"PANTONE 622 C",#B5CBC4,80,-9,1
"PANTONE 6220 C",#74838F,54,-3,-8
"PANTONE 6221 C",#687A84,50,-4,-8
"PANTONE 6222 C",#5E707A,46,-4,-8
"PANTONE 6223 C",#4C5E6A,39,-4,-9
"PANTONE 6224 C",#42555F,35,-5,-8
"PANTONE 623 C",#9ABAAF,73,-13,2
"PANTONE 624 C",#769E90,62,-17,3
"PANTONE 625 C",#4F8073,50,-20,2
"PANTONE 626 C",#255C4D,35,-22,3
"PANTONE 627 C",#11312D,18,-13,-1
"PANTONE 628 C",#B5DEE6,86,-12,-8
"PANTONE 629 C",#95D3DF,81,-17,-12
"PANTONE 630 C",#6FC5D5,75,-22,-16
"PANTONE 631 C",#21B3CA,67,-28,-22
"PANTONE 632 C",#0094B2,56,-26,-26
"PANTONE 633 C",#007597,45,-19,-27
"PANTONE 634 C",#006084,37,-14,-28
"PANTONE 635 C",#9EDBE9,84,-16,-13
"PANTONE 636 C",#81D6E8,81,-21,-17
"PANTONE 637 C",#2FC3E0,73,-28,-25
"PANTONE 638 C",#00B1D9,66,-28,-32
"PANTONE 639 C",#0096C7,57,-21,-36
"PANTONE 640 C",#0084BC,51,-15,-39
"PANTONE 641 C",#0068A0,41,-9,-39
"PANTONE 642 C",#CDDCE7,87,-3,-7
"PANTONE 643 C",#C3D7E5,85,-4,-9
"PANTONE 644 C",#96B7D2,73,-5,-17
"PANTONE 645 C",#73A3C6,65,-7,-23
"PANTONE 646 C",#4E8AB4,55,-7,-28
"PANTONE 647 C",#006293,39,-7,-34
"PANTONE 648 C",#003060,19,2,-34
"PANTONE 649 C",#D7E1E9,89,-2,-5
"PANTONE 650 C",#C9D9E6,86,-3,-8
"PANTONE 651 C",#A2BCD6,75,-3,-16
"PANTONE 652 C",#759DBF,63,-5,-22
"PANTONE 653 C",#116396,40,-4,-34
"PANTONE 654 C",#003C6F,24,0,-36
"PANTONE 655 C",#002755,15,3,-33
"PANTONE 656 C",#DDE7ED,91,-2,-4
"PANTONE 657 C",#C2D7EB,85,-3,-12
"PANTONE 658 C",#ABCAE7,80,-4,-18
"PANTONE 659 C",#6CA5DB,66,-4,-33
"PANTONE 660 C",#0082CB,52,-3,-46
"PANTONE 661 C",#003995,25,18,-58
"PANTONE 662 C",#001E70,14,23,-53
"PANTONE 663 C",#E4E1E8,90,2,-3
"PANTONE 664 C",#DFDBE4,88,3,-4
"PANTONE 665 C",#C5BED2,78,6,-9
"PANTONE 666 C",#9E94B3,63,10,-15
"PANTONE 667 C",#756A91,47,13,-20
"PANTONE 668 C",#5B4D7A,36,16,-23
"PANTONE 669 C",#382B56,21,17,-24
"PANTONE 670 C",#E8D5E2,87,9,-4
"PANTONE 671 C",#E6BDD9,81,19,-8
"PANTONE 672 C",#DEA1CA,73,29,-12
"PANTONE 673 C",#D688B9,66,37,-13
"PANTONE 674 C",#C35999,53,50,-15
"PANTONE 675 C",#AD2A74,41,58,-11
"PANTONE 676 C",#940850,32,56,-2
"PANTONE 677 C",#E3CFDA,85,9,-3
"PANTONE 678 C",#E2C8D8,83,12,-5
"PANTONE 679 C",#DCBED2,80,14,-6
"PANTONE 680 C",#C898B6,68,23,-9
"PANTONE 681 C",#AC6D95,54,31,-11
"PANTONE 682 C",#964976,42,38,-11
"PANTONE 683 C",#7C2A56,31,40,-8
"PANTONE 684 C",#E3C7D5,83,12,-3
"PANTONE 685 C",#DDB6CB,78,17,-5
"PANTONE 686 C",#CDA1B9,71,20,-6
"PANTONE 687 C",#BB86A5,62,25,-8
"PANTONE 688 C",#A6658B,51,32,-10
"PANTONE 689 C",#873D68,37,37,-10
"PANTONE 690 C",#612243,24,32,-6
"PANTONE 691 C",#E7CED1,85,9,2
"PANTONE 692 C",#E2BDC3,80,14,2
"PANTONE 693 C",#D6A3AC,72,20,3
"PANTONE 694 C",#C48590,62,26,4
"PANTONE 695 C",#B56C7B,54,31,4
"PANTONE 696 C",#9A4A59,42,35,7
"PANTONE 697 C",#893C46,36,34,10
"PANTONE 698 C",#F4D6D9,88,11,2
"PANTONE 699 C",#F3C2CD,83,19,1
"PANTONE 700 C",#F1ACB8,77,27,4
"PANTONE 701 C",#E7879A,67,39,6
"PANTONE 702 C",#D25E75,55,48,10
"PANTONE 703 C",#B83B4B,44,51,19
"PANTONE 704 C",#A02D30,37,47,26
"PANTONE 705 C",#F5DDE1,90,9,1
"PANTONE 706 C",#F4CDD6,86,15,1
"PANTONE 707 C",#F6B5C5,80,26,1
"PANTONE 708 C",#F992A7,72,41,6
"PANTONE 709 C",#F2637C,61,57,15
"PANTONE 710 C",#E44254,53,63,27
"PANTONE 711 C",#CE2E2F,46,61,39
"PANTONE 712 C",#FFC99E,85,14,29
"PANTONE 713 C",#FFBD89,82,19,36
"PANTONE 714 C",#FFAB64,77,25,49
"PANTONE 715 C",#FB8C31,69,36,63
"PANTONE 716 C",#EF7709,63,41,69
"PANTONE 717 C",#DA5E06,55,45,63
"PANTONE 718 C",#C14E00,48,43,58
"PANTONE 719 C",#F1C7A4,83,10,23
"PANTONE 720 C",#EAB78C,78,13,29
"PANTONE 721 C",#E2A46F,72,17,36
"PANTONE 722 C",#CB8343,61,22,45
"PANTONE 723 C",#B66927,52,26,48
"PANTONE 724 C",#964D12,41,27,45
"PANTONE 725 C",#81411A,35,25,35
"PANTONE 726 C",#E3C0A2,80,8,20
"PANTONE 727 C",#DBB490,76,9,24
"PANTONE 728 C",#D1A279,70,12,28
"PANTONE 729 C",#B78050,58,16,34
"PANTONE 730 C",#A0642D,48,19,40
"PANTONE 731 C",#7A4113,34,21,37
"PANTONE 732 C",#623411,27,18,30
"PANTONE 7401 C",#FAE4A8,91,-1,32
"PANTONE 7402 C",#F0D89B,87,0,33
"PANTONE 7403 C",#F4D487,86,1,42
"PANTONE 7404 C",#FEDB44,88,-3,74
"PANTONE 7405 C",#FBCD19,84,2,82
"PANTONE 7406 C",#F8C210,81,6,81
"PANTONE 7407 C",#CEA154,69,8,46
"PANTONE 7408 C",#FCBC0C,80,11,81
"PANTONE 7409 C",#F6B228,77,14,73
"PANTONE 7410 C",#FFAE78,78,25,40
"PANTONE 7411 C",#EDA85F,74,18,47
"PANTONE 7412 C",#D78135,62,27,53
"PANTONE 7413 C",#E08534,64,29,56
"PANTONE 7414 C",#C66D1C,55,30,56
"PANTONE 7415 C",#E7BAAA,79,14,14
"PANTONE 7416 C",#E86A54,60,47,36
"PANTONE 7417 C",#E24F38,54,56,44
"PANTONE 7418 C",#CD555B,52,48,21
"PANTONE 7419 C",#B24B5B,46,43,12
"PANTONE 7420 C",#9E2442,36,51,13
"PANTONE 7421 C",#671F33,24,34,5
"PANTONE 7422 C",#F5CDD4,86,15,2
"PANTONE 7423 C",#E16487,59,52,5
"PANTONE 7424 C",#E34986,55,64,0
"PANTONE 7425 C",#B52755,41,58,9
"PANTONE 7426 C",#A5183E,36,56,16
"PANTONE 7427 C",#9A1F2F,34,50,23
"PANTONE 7428 C",#6C2D40,28,30,2
"PANTONE 7429 C",#E2BCCC,80,16,-3
"PANTONE 7430 C",#DBA8BE,74,22,-4
"PANTONE 7431 C",#C881A0,62,32,-5
"PANTONE 7432 C",#B55E7E,51,39,-2
"PANTONE 7433 C",#A73D65,42,47,0
"PANTONE 7434 C",#9A3558,38,45,2
"PANTONE 7435 C",#892A54,33,44,-3
"PANTONE 7436 C",#EBDBE9,89,8,-5
"PANTONE 7437 C",#CAB0D1,75,15,-13
"PANTONE 7438 C",#D0A0D7,72,27,-21
"PANTONE 7439 C",#AD89B8,62,22,-19
"PANTONE 7440 C",#9F79A7,56,23,-19
"PANTONE 7441 C",#955FBF,50,40,-42
"PANTONE 7442 C",#8B43BD,43,52,-52
"PANTONE 7443 C",#DADCEA,88,2,-7
"PANTONE 7444 C",#B3BADE,76,5,-19
"PANTONE 7445 C",#A3A3C4,68,7,-17
"PANTONE 7446 C",#7F87C9,58,13,-35
"PANTONE 7447 C",#564878,34,17,-25
"PANTONE 7448 C",#48384B,26,11,-9
"PANTONE 7449 C",#41293C,20,15,-8
"PANTONE 7450 C",#B8C4DA,79,0,-12
"PANTONE 7451 C",#7AACE4,69,-2,-33
"PANTONE 7452 C",#6F96DC,62,6,-40
"PANTONE 7453 C",#6CA8E0,67,-4,-34
"PANTONE 7454 C",#5090B4,57,-10,-25
"PANTONE 7455 C",#005FAF,40,8,-49
"PANTONE 7456 C",#5071B4,48,8,-39
"PANTONE 7457 C",#B6DEE8,86,-11,-9
"PANTONE 7458 C",#68B3CA,69,-17,-19
"PANTONE 7459 C",#2897B3,58,-21,-23
"PANTONE 7460 C",#0087BE,52,-16,-39
"PANTONE 7461 C",#007EBA,49,-13,-41
"PANTONE 7462 C",#00568C,34,-5,-38
"PANTONE 7463 C",#002B4A,16,-4,-24
"PANTONE 7464 C",#9DD0C9,80,-18,-2
"PANTONE 7465 C",#3BC1AE,71,-40,-1
"PANTONE 7466 C",#00B0B9,65,-37,-16
"PANTONE 7467 C",#00A4AE,61,-34,-16
"PANTONE 7468 C",#00759A,45,-18,-29
"PANTONE 7469 C",#005F85,37,-13,-29
"PANTONE 7470 C",#005C72,35,-18,-20
"PANTONE 7471 C",#76DDD4,82,-32,-5
"PANTONE 7472 C",#56B8B2,69,-30,-6
"PANTONE 7473 C",#16998B,57,-36,-2
"PANTONE 7474 C",#007781,45,-26,-14
"PANTONE 7475 C",#427B7D,48,-18,-7
"PANTONE 7476 C",#005258,31,-20,-10
"PANTONE 7477 C",#1A4D5A,30,-12,-13
"PANTONE 7478 C",#9DE3C0,85,-29,10
"PANTONE 7479 C",#31CF7E,74,-58,29
"PANTONE 7480 C",#20BD71,68,-56,28
"PANTONE 7481 C",#21B554,65,-58,39
"PANTONE 7482 C",#1A9D50,57,-51,31
"PANTONE 7483 C",#295C39,35,-26,15
"PANTONE 7484 C",#00573E,32,-30,8
"PANTONE 7485 C",#D2DFBD,87,-10,15
"PANTONE 7486 C",#C0E297,86,-24,33
"PANTONE 7487 C",#97DB69,81,-41,49
"PANTONE 7488 C",#85D551,78,-47,56
"PANTONE 7489 C",#7AA851,64,-31,40
"PANTONE 7490 C",#75994C,59,-26,36
"PANTONE 7491 C",#808641,54,-13,36
"PANTONE 7492 C",#C5CC82,80,-14,36
"PANTONE 7493 C",#BEC694,78,-11,24
"PANTONE 7494 C",#9EAE89,69,-12,17
"PANTONE 7495 C",#949840,61,-14,45
"PANTONE 7496 C",#7E8722,54,-17,50
"PANTONE 7497 C",#7A7259,48,-1,15
"PANTONE 7498 C",#5D6238,40,-9,23
"PANTONE 7499 C",#F3E5B2,91,-3,27
"PANTONE 7500 C",#E2D0A8,84,0,22
"PANTONE 7501 C",#DBC79E,81,1,23
"PANTONE 7502 C",#D2B88C,76,3,26
"PANTONE 7503 C",#AB9A69,64,-1,28
"PANTONE 7504 C",#96795E,53,7,19
"PANTONE 7505 C",#856042,44,11,23
"PANTONE 7506 C",#F1DAB3,88,2,22
"PANTONE 7507 C",#FFD19C,87,10,33
"PANTONE 7508 C",#E6B982,78,9,34
"PANTONE 7509 C",#DAA363,71,13,41
"PANTONE 7510 C",#C9883F,62,18,48
"PANTONE 7511 C",#BB772A,56,20,51
"PANTONE 7512 C",#A9641D,49,23,49
"PANTONE 7513 C",#E4B7A9,78,14,13
"PANTONE 7514 C",#D7A287,71,16,22
"PANTONE 7515 C",#C78B69,63,19,27
"PANTONE 7516 C",#9C552C,44,26,36
"PANTONE 7517 C",#894420,37,27,34
"PANTONE 7518 C",#6F5048,37,12,10
"PANTONE 7519 C",#604C3F,34,6,11
"PANTONE 7520 C",#ECBFB2,81,14,13
"PANTONE 7521 C",#C29B83,67,11,18
"PANTONE 7522 C",#B66A55,53,28,25
"PANTONE 7523 C",#AE5E59,49,32,17
"PANTONE 7524 C",#A8554A,46,33,22
"PANTONE 7525 C",#9B694E,49,17,23
"PANTONE 7526 C",#8C381B,35,34,35
"PANTONE 7527 C",#D5D2C4,84,-1,7
"PANTONE 7528 C",#C5BAAF,76,2,7
"PANTONE 7529 C",#B5A99D,70,2,8
"PANTONE 7530 C",#A39383,62,3,11
"PANTONE 7531 C",#796855,45,4,13
"PANTONE 7532 C",#645140,36,5,13
"PANTONE 7533 C",#493829,25,5,12
"PANTONE 7534 C",#D0CCBF,82,-1,7
"PANTONE 7535 C",#B7B09D,72,-1,11
"PANTONE 7536 C",#A7A08B,66,-1,12
"PANTONE 7537 C",#A9ACA4,70,-3,4
"PANTONE 7538 C",#939B8F,63,-5,5
"PANTONE 7539 C",#8F918B,60,-2,3
"PANTONE 7540 C",#494E54,33,-1,-4
"PANTONE 7541 C",#D7E1E3,89,-3,-2
"PANTONE 7542 C",#A2BEC3,75,-8,-6
"PANTONE 7543 C",#97A5AF,67,-3,-7
"PANTONE 7544 C",#728695,55,-4,-10
"PANTONE 7545 C",#3D5665,35,-5,-12
"PANTONE 7546 C",#1E3846,22,-5,-12
"PANTONE 7547 C",#0E1F2B,11,-3,-10
"PANTONE 7548 C",#FFC511,83,10,83
"PANTONE 7549 C",#FFB409,79,19,81
"PANTONE 7550 C",#D68F07,65,18,69
"PANTONE 7551 C",#B87D06,57,15,62
"PANTONE 7552 C",#76531F,38,9,35
"PANTONE 7553 C",#5B4523,31,5,24
"PANTONE 7554 C",#4D3D2B,27,4,14
"PANTONE 7555 C",#D89F1D,69,11,68
"PANTONE 7556 C",#BD8B24,61,10,58
"PANTONE 7557 C",#A27B25,54,7,50
"PANTONE 7558 C",#997027,50,9,45
"PANTONE 7559 C",#936A2C,48,10,40
"PANTONE 7560 C",#806430,44,5,33
"PANTONE 7561 C",#705F37,41,1,25
"PANTONE 7562 C",#C09A62,66,7,35
"PANTONE 7563 C",#DB9931,68,16,61
"PANTONE 7564 C",#E1890C,65,26,69
"PANTONE 7565 C",#D17827,59,29,56
"PANTONE 7566 C",#B06335,50,27,39
"PANTONE 7567 C",#8A5430,41,19,30
"PANTONE 7568 C",#795035,38,14,23
"PANTONE 7569 C",#DD872A,64,26,60
"PANTONE 7570 C",#D9842F,63,26,57
"PANTONE 7571 C",#CC7E34,60,24,51
"PANTONE 7572 C",#BA7335,55,23,45
"PANTONE 7573 C",#AB662D,50,23,43
"PANTONE 7574 C",#A06837,49,18,36
"PANTONE 7575 C",#865D32,43,12,31
"PANTONE 7576 C",#E08852,65,29,43
"PANTONE 7577 C",#E47D3D,63,35,51
"PANTONE 7578 C",#E16C32,59,42,52
"PANTONE 7579 C",#DF5929,55,50,52
"PANTONE 7580 C",#C25230,49,43,41
"PANTONE 7581 C",#894B34,39,24,25
"PANTONE 7582 C",#684939,34,11,15
"PANTONE 7583 C",#C7622D,53,37,47
"PANTONE 7584 C",#BE5A28,50,37,46
"PANTONE 7585 C",#B25D37,49,31,37
"PANTONE 7586 C",#A05330,44,29,34
"PANTONE 7587 C",#954C2F,41,28,31
"PANTONE 7588 C",#7D4E35,38,17,23
"PANTONE 7589 C",#5C4739,32,7,12
"PANTONE 7590 C",#D5B59E,76,8,16
"PANTONE 7591 C",#C37D59,59,23,31
"PANTONE 7592 C",#B55633,48,36,38
"PANTONE 7593 C",#9E412C,40,37,32
"PANTONE 7594 C",#803C2E,34,28,22
"PANTONE 7595 C",#6B3D2F,31,19,17
"PANTONE 7596 C",#5D3C31,29,13,13
"PANTONE 7597 C",#D64325,50,56,49
"PANTONE 7598 C",#C0482A,47,47,42
"PANTONE 7599 C",#B43D25,43,47,40
"PANTONE 7600 C",#8F3E2C,37,33,28
"PANTONE 7601 C",#85422C,36,27,26
"PANTONE 7602 C",#7D4A33,37,19,23
"PANTONE 7603 C",#694231,32,15,17
"PANTONE 7604 C",#E5D7D6,87,5,2
"PANTONE 7605 C",#E2BBB3,79,13,9
"PANTONE 7606 C",#D8958C,68,24,15
"PANTONE 7607 C",#C56E62,56,33,22
"PANTONE 7608 C",#A5493D,43,37,26
"PANTONE 7609 C",#843D34,35,30,20
"PANTONE 7610 C",#6A3533,29,23,12
"PANTONE 7611 C",#DFBCB2,79,11,10
"PANTONE 7612 C",#CC9A8F,68,17,13
"PANTONE 7613 C",#BD8A7E,62,18,14
"PANTONE 7614 C",#A78076,57,14,11
"PANTONE 7615 C",#886864,47,12,7
"PANTONE 7616 C",#6A4E4D,36,12,5
"PANTONE 7617 C",#583D3F,29,12,4
"PANTONE 7618 C",#C86E4F,56,33,33
"PANTONE 7619 C",#C04D36,48,45,37
"PANTONE 7620 C",#BA342D,43,53,36
"PANTONE 7621 C",#AF262A,39,54,33
"PANTONE 7622 C",#94282D,34,45,24
"PANTONE 7623 C",#8C2B2C,33,41,23
"PANTONE 7624 C",#82302E,32,35,20
"PANTONE 7625 C",#E3533E,55,55,42
"PANTONE 7626 C",#CA3626,46,57,44
"PANTONE 7627 C",#AA2E2B,39,50,32
"PANTONE 7628 C",#A02D2B,37,47,29
"PANTONE 7629 C",#703535,30,26,12
"PANTONE 7630 C",#633130,27,22,11
"PANTONE 7631 C",#582C2E,24,20,8
"PANTONE 7632 C",#D6C9CC,82,5,0
"PANTONE 7633 C",#C2A4A8,70,12,2
"PANTONE 7634 C",#C06983,55,38,1
"PANTONE 7635 C",#C73A63,47,58,9
"PANTONE 7636 C",#BD224B,42,61,17
"PANTONE 7637 C",#943248,36,43,9
"PANTONE 7638 C",#7D2E40,31,36,7
"PANTONE 7639 C",#936D74,50,16,2
"PANTONE 7640 C",#944155,39,37,5
"PANTONE 7641 C",#8D2D48,34,43,6
"PANTONE 7642 C",#732F4B,30,33,-2
"PANTONE 7643 C",#673046,28,27,-2
"PANTONE 7644 C",#582E42,25,22,-4
"PANTONE 7645 C",#502C3A,23,19,-2
"PANTONE 7646 C",#A37088,53,24,-5
"PANTONE 7647 C",#A83F71,43,48,-6
"PANTONE 7648 C",#992466,36,53,-10
"PANTONE 7649 C",#891E61,32,50,-13
"PANTONE 7650 C",#712358,28,40,-14
"PANTONE 7651 C",#672C5B,28,33,-16
"PANTONE 7652 C",#5B2951,25,29,-14
"PANTONE 7653 C",#938896,58,7,-6
"PANTONE 7654 C",#9D789C,55,21,-14
"PANTONE 7655 C",#9D5C93,48,35,-19
"PANTONE 7656 C",#8A3C7E,38,42,-22
"PANTONE 7657 C",#6B2D61,29,35,-18
"PANTONE 7658 C",#693764,31,29,-17
"PANTONE 7659 C",#5D3854,29,21,-10
"PANTONE 7660 C",#9794A6,62,5,-9
"PANTONE 7661 C",#8B7097,51,18,-17
"PANTONE 7662 C",#754481,37,32,-26
"PANTONE 7663 C",#66347A,31,35,-31
"PANTONE 7664 C",#60377A,31,31,-31
"PANTONE 7665 C",#5C386F,30,27,-26
"PANTONE 7666 C",#594E62,35,9,-10
"PANTONE 7667 C",#647EA1,52,0,-22
"PANTONE 7668 C",#5D71A3,48,6,-29
"PANTONE 7669 C",#58629C,43,12,-33
"PANTONE 7670 C",#4A5594,38,14,-36
"PANTONE 7671 C",#454A8B,34,17,-37
"PANTONE 7672 C",#424283,31,19,-37
"PANTONE 7673 C",#485586,37,9,-29
"PANTONE 7674 C",#7F8DB4,59,4,-22
"PANTONE 7675 C",#7782AD,55,6,-24
"PANTONE 7676 C",#6C669F,46,16,-30
"PANTONE 7677 C",#685393,40,23,-32
"PANTONE 7678 C",#5E498D,36,25,-35
"PANTONE 7679 C",#4C3F82,31,23,-36
"PANTONE 7680 C",#493377,27,27,-36
"PANTONE 7681 C",#88A9CB,68,-3,-21
"PANTONE 7682 C",#5987B7,55,-2,-30
"PANTONE 7683 C",#276EAA,45,-1,-38
"PANTONE 7684 C",#125F9B,39,1,-39
"PANTONE 7685 C",#005798,36,3,-42
"PANTONE 7686 C",#005190,33,1,-42
"PANTONE 7687 C",#00458E,29,9,-47
"PANTONE 7688 C",#1B98C9,59,-15,-34
"PANTONE 7689 C",#0092C2,56,-17,-35
"PANTONE 7690 C",#0077A9,46,-14,-36
"PANTONE 7691 C",#006398,39,-9,-37
"PANTONE 7692 C",#005787,34,-8,-35
"PANTONE 7693 C",#004A77,29,-6,-33
"PANTONE 7694 C",#004369,26,-6,-29
"PANTONE 7695 C",#74A8BC,66,-12,-16
"PANTONE 7696 C",#5C99AE,60,-14,-17
"PANTONE 7697 C",#4387A0,53,-14,-20
"PANTONE 7698 C",#36748E,46,-12,-20
"PANTONE 7699 C",#236883,41,-12,-21
"PANTONE 7700 C",#005C7C,36,-13,-25
"PANTONE 7701 C",#005877,34,-14,-25
"PANTONE 7702 C",#30A8C5,64,-23,-24
"PANTONE 7703 C",#009DBC,59,-27,-27
"PANTONE 7704 C",#0086AC,51,-21,-30
"PANTONE 7705 C",#007095,43,-17,-29
"PANTONE 7706 C",#006A90,41,-16,-29
"PANTONE 7707 C",#00637E,38,-17,-23
"PANTONE 7708 C",#00566E,33,-16,-21
"PANTONE 7709 C",#5AB3BC,68,-24,-13
"PANTONE 7710 C",#00A7B6,62,-34,-19
"PANTONE 7711 C",#0098A9,57,-30,-19
"PANTONE 7712 C",#00849C,50,-25,-22
"PANTONE 7713 C",#007F8C,48,-27,-16
"PANTONE 7714 C",#007781,45,-26,-14
"PANTONE 7715 C",#00646C,38,-24,-12
"PANTONE 7716 C",#009790,56,-37,-6
"PANTONE 7717 C",#00867E,50,-34,-5
"PANTONE 7718 C",#007875,45,-30,-7
"PANTONE 7719 C",#006D6A,41,-29,-6
"PANTONE 7720 C",#00635B,37,-28,-3
"PANTONE 7721 C",#005D5E,35,-24,-8
"PANTONE 7722 C",#005352,31,-23,-6
"PANTONE 7723 C",#51A587,62,-33,8
"PANTONE 7724 C",#00966E,55,-44,12
"PANTONE 7725 C",#068554,49,-43,18
"PANTONE 7726 C",#0A7A4D,45,-40,17
"PANTONE 7727 C",#086F47,41,-37,15
"PANTONE 7728 C",#006745,38,-35,12
"PANTONE 7729 C",#005945,33,-29,5
"PANTONE 7730 C",#4E9562,56,-34,20
"PANTONE 7731 C",#2C874A,50,-41,25
"PANTONE 7732 C",#0E7B42,45,-42,23
"PANTONE 7733 C",#0B6F42,41,-38,18
"PANTONE 7734 C",#286243,37,-27,12
"PANTONE 7735 C",#38573C,34,-18,12
"PANTONE 7736 C",#375442,33,-15,7
"PANTONE 7737 C",#72A43D,62,-34,47
"PANTONE 7738 C",#53A244,60,-43,41
"PANTONE 7739 C",#3C9B46,57,-46,36
"PANTONE 7740 C",#428F41,53,-40,34
"PANTONE 7741 C",#488842,51,-35,31
"PANTONE 7742 C",#4E7740,46,-26,26
"PANTONE 7743 C",#48693F,41,-21,20
"PANTONE 7744 C",#C0BB1E,74,-14,71
"PANTONE 7745 C",#B3AC29,69,-12,63
"PANTONE 7746 C",#9E9933,62,-11,52
"PANTONE 7747 C",#8D8D34,57,-12,46
"PANTONE 7748 C",#807F36,52,-10,39
"PANTONE 7749 C",#757138,47,-7,32
"PANTONE 7750 C",#666538,42,-7,26
"PANTONE 7751 C",#D0B44D,74,-2,55
"PANTONE 7752 C",#D5B029,73,1,68
"PANTONE 7753 C",#C59E22,67,3,64
"PANTONE 7754 C",#A4852C,57,2,50
"PANTONE 7755 C",#8B7530,50,0,40
"PANTONE 7756 C",#736535,43,-1,29
"PANTONE 7757 C",#6A5E35,40,-1,25
"PANTONE 7758 C",#DBC114,78,-6,77
"PANTONE 7759 C",#CBB00B,72,-4,73
"PANTONE 7760 C",#96832D,55,-3,47
"PANTONE 7761 C",#78713A,47,-5,31
"PANTONE 7762 C",#5F643A,41,-9,23
"PANTONE 7763 C",#5B5B3C,38,-6,18
"PANTONE 7764 C",#555435,35,-5,18
"PANTONE 7765 C",#C3B22A,72,-8,66
"PANTONE 7766 C",#BCA924,69,-7,65
"PANTONE 7767 C",#B09B2F,64,-4,56
"PANTONE 7768 C",#937D36,53,0,41
"PANTONE 7769 C",#736136,42,1,27
"PANTONE 7770 C",#655839,38,0,20
"PANTONE 7771 C",#4F4935,31,-1,13
"PANTONE 8001 C",#8B8B8B,58,0,0
"PANTONE 8002 C",#8B827B,55,2,5
"PANTONE 8003 C",#8B7F75,54,3,7
"PANTONE 8004 C",#897A68,52,3,12
"PANTONE 8005 C",#89735E,50,5,15
"PANTONE 8006 C",#897056,49,6,18
"PANTONE 801 C",#009CCC,59,-22,-36
"PANTONE 802 C",#58D535,76,-62,64
"PANTONE 8020 C",#9B887A,58,5,10
"PANTONE 8021 C",#A28273,57,10,13
"PANTONE 8022 C",#AB7559,54,18,24
"PANTONE 8023 C",#AD6443,50,26,31
"PANTONE 8024 C",#AF5B2F,48,31,40
"PANTONE 8025 C",#A95124,45,33,42
"PANTONE 803 C",#FFE817,92,-6,89
"PANTONE 804 C",#FFAA51,77,26,58
"PANTONE 8040 C",#94908D,60,1,2
"PANTONE 8041 C",#9C847D,57,8,7
"PANTONE 8042 C",#9F7C71,55,12,11
"PANTONE 8043 C",#A56F62,52,20,16
"PANTONE 8044 C",#A75F49,48,27,25
"PANTONE 8045 C",#A3593F,46,28,28
"PANTONE 805 C",#FF7477,66,54,25
"PANTONE 806 C",#FC44B4,60,77,-19
"PANTONE 8060 C",#978791,58,8,-3
"PANTONE 8061 C",#9C7B84,55,14,0
"PANTONE 8062 C",#9F6F7B,52,21,1
"PANTONE 8063 C",#A5616D,49,29,5
"PANTONE 8064 C",#A05C63,47,29,8
"PANTONE 8065 C",#9E5656,45,30,13
"PANTONE 807 C",#E631C0,55,79,-34
"PANTONE 808 C",#00B698,66,-47,4
"PANTONE 8080 C",#938896,58,7,-6
"PANTONE 8081 C",#997390,53,20,-10
"PANTONE 8082 C",#9A6389,49,28,-12
"PANTONE 8083 C",#9D5084,45,39,-15
"PANTONE 8084 C",#A43D75,42,48,-10
"PANTONE 8085 C",#A23064,39,51,-4
"PANTONE 809 C",#ECE532,89,-16,80
"PANTONE 810 C",#FFD43A,87,4,77
"PANTONE 8100 C",#907D97,55,12,-11
"PANTONE 8101 C",#906E93,51,20,-15
"PANTONE 8102 C",#906292,48,27,-19
"PANTONE 8103 C",#8D4F8E,43,36,-24
"PANTONE 8104 C",#923A7C,39,45,-19
"PANTONE 8105 C",#8F306B,36,46,-13
"PANTONE 811 C",#FF8F6D,71,40,37
"PANTONE 812 C",#FF63A3,64,65,-3
"PANTONE 8120 C",#8E8999,58,5,-8
"PANTONE 8121 C",#8C7F98,55,10,-12
"PANTONE 8122 C",#866E94,50,17,-17
"PANTONE 8123 C",#845B93,45,27,-24
"PANTONE 8124 C",#894F85,42,33,-20
"PANTONE 8125 C",#844776,39,33,-16
"PANTONE 813 C",#F84DC3,61,75,-26
"PANTONE 814 C",#7C6DD6,52,31,-52
"PANTONE 8140 C",#847D97,54,8,-13
"PANTONE 8141 C",#7B7295,50,11,-18
"PANTONE 8142 C",#746199,45,20,-28
"PANTONE 8143 C",#6B5196,40,26,-34
"PANTONE 8144 C",#6F5081,39,23,-23
"PANTONE 8145 C",#6B4877,36,24,-21
"PANTONE 8160 C",#888B99,58,2,-8
"PANTONE 8161 C",#7A8099,54,3,-14
"PANTONE 8162 C",#5F649A,44,12,-30
"PANTONE 8163 C",#53589D,40,17,-38
"PANTONE 8164 C",#4F4D92,36,20,-38
"PANTONE 8165 C",#4B4588,33,21,-37
"PANTONE 8180 C",#82909A,59,-3,-7
"PANTONE 8181 C",#61829F,53,-4,-19
"PANTONE 8182 C",#44739E,47,-3,-28
"PANTONE 8183 C",#1D64A1,41,1,-39
"PANTONE 8184 C",#005B94,37,-2,-38
"PANTONE 8185 C",#004E82,32,0,-35
"PANTONE 8200 C",#73909C,58,-7,-10
"PANTONE 8201 C",#62899B,55,-9,-14
"PANTONE 8202 C",#48839F,52,-11,-21
"PANTONE 8203 C",#027BA2,48,-14,-29
"PANTONE 8204 C",#2C758C,46,-15,-19
"PANTONE 8205 C",#296E81,43,-15,-17
"PANTONE 8220 C",#6E8E9A,57,-8,-10
"PANTONE 8221 C",#5B8A9D,55,-11,-15
"PANTONE 8222 C",#3B88A0,53,-16,-20
"PANTONE 8223 C",#0082A1,50,-20,-25
"PANTONE 8224 C",#00768E,45,-23,-22
"PANTONE 8225 C",#006C7D,41,-22,-18
"PANTONE 8240 C",#839497,60,-5,-4
"PANTONE 8241 C",#608E97,56,-13,-10
"PANTONE 8242 C",#488D9B,55,-18,-14
"PANTONE 8243 C",#0E889C,52,-23,-19
"PANTONE 8244 C",#317F85,49,-22,-10
"PANTONE 8245 C",#2E7A7A,47,-23,-7
"PANTONE 8260 C",#779094,58,-8,-5
"PANTONE 8261 C",#648D92,56,-13,-7
"PANTONE 8262 C",#4A888C,53,-19,-8
"PANTONE 8263 C",#238385,50,-26,-9
"PANTONE 8264 C",#1F7976,46,-26,-6
"PANTONE 8265 C",#0B6D63,41,-28,-2
"PANTONE 8280 C",#7C9696,60,-9,-3
"PANTONE 8281 C",#6E9593,59,-14,-3
"PANTONE 8282 C",#589692,58,-21,-4
"PANTONE 8283 C",#38978D,57,-30,-3
"PANTONE 8284 C",#528F7E,55,-24,3
"PANTONE 8285 C",#4A8B72,53,-27,7
"PANTONE 8300 C",#82988E,61,-10,3
"PANTONE 8301 C",#749585,59,-15,5
"PANTONE 8302 C",#67957D,58,-21,8
"PANTONE 8303 C",#569671,57,-29,13
"PANTONE 8304 C",#628E69,55,-23,15
"PANTONE 8305 C",#5B835A,51,-23,18
"PANTONE 8320 C",#8B9690,61,-5,2
"PANTONE 8321 C",#839678,60,-13,14
"PANTONE 8322 C",#7D996D,60,-18,20
"PANTONE 8323 C",#71995D,59,-25,27
"PANTONE 8324 C",#7A9457,58,-20,29
"PANTONE 8325 C",#768B4B,55,-19,32
"PANTONE 8340 C",#91967E,61,-6,12
"PANTONE 8341 C",#8E9771,61,-10,19
"PANTONE 8342 C",#919B62,62,-13,29
"PANTONE 8343 C",#8B9A50,61,-17,37
"PANTONE 8344 C",#8B9439,59,-16,46
"PANTONE 8345 C",#8B8E28,57,-14,51
"PANTONE 8360 C",#96987B,62,-6,15
"PANTONE 8361 C",#9A9869,62,-7,25
"PANTONE 8362 C",#A19A59,63,-7,35
"PANTONE 8363 C",#AA9C44,64,-6,47
"PANTONE 8364 C",#A69343,61,-3,44
"PANTONE 8365 C",#A48C36,59,-1,48
"PANTONE 8380 C",#959487,61,-2,7
"PANTONE 8381 C",#979178,60,-2,14
"PANTONE 8382 C",#9F8F6A,60,0,22
"PANTONE 8383 C",#A78D5E,60,3,29
"PANTONE 8384 C",#AA8240,57,8,41
"PANTONE 8385 C",#A87C35,55,10,44
"PANTONE 8400 C",#868686,56,0,0
"PANTONE 8401 C",#7D7F7D,53,-1,1
"PANTONE 8402 C",#6F6F6F,47,0,0
"PANTONE 8403 C",#5F5E5D,40,0,1
"PANTONE 8404 C",#544F4B,34,1,3
"PANTONE 8405 C",#4C4541,30,2,4
"PANTONE 8420 C",#8F8D90,59,1,-1
"PANTONE 8421 C",#828183,54,1,-1
"PANTONE 8422 C",#747170,48,1,1
"PANTONE 8423 C",#65605F,41,2,1
"PANTONE 8424 C",#635451,37,6,4
"PANTONE 8425 C",#5D4C47,34,6,6
"PANTONE 8440 C",#988486,57,8,2
"PANTONE 8441 C",#9F7B7A,55,14,6
"PANTONE 8442 C",#A46E6F,52,22,8
"PANTONE 8443 C",#AB6361,50,29,14
"PANTONE 8444 C",#AF544B,47,36,23
"PANTONE 8445 C",#AE4C41,45,39,26
"PANTONE 8460 C",#8D8A91,58,2,-3
"PANTONE 8461 C",#847C85,53,5,-4
"PANTONE 8462 C",#80737E,50,7,-4
"PANTONE 8463 C",#786573,45,10,-5
"PANTONE 8464 C",#714D5C,37,18,-3
"PANTONE 8465 C",#704A55,36,18,0
"PANTONE 8480 C",#3B6677,41,-10,-14
"PANTONE 8481 C",#496176,40,-3,-15
"PANTONE 8482 C",#22556F,34,-8,-20
"PANTONE 8483 C",#004569,27,-6,-27
"PANTONE 8484 C",#00537D,33,-6,-30
"PANTONE 8485 C",#005F8D,38,-6,-32
"PANTONE 8500 C",#728280,53,-6,-1
"PANTONE 8501 C",#58796B,48,-15,4
"PANTONE 8502 C",#406168,39,-10,-8
"PANTONE 8503 C",#283C43,24,-6,-7
"PANTONE 8504 C",#274E5D,31,-9,-13
"PANTONE 8505 C",#305865,35,-10,-12
"PANTONE 8520 C",#79755B,49,-3,15
"PANTONE 8521 C",#505444,35,-5,9
"PANTONE 8522 C",#3E4A40,30,-7,4
"PANTONE 8523 C",#2D3C36,24,-8,2
"PANTONE 8524 C",#2F4949,29,-10,-3
"PANTONE 8525 C",#355053,32,-9,-5
"PANTONE 8540 C",#854B52,39,25,7
"PANTONE 8541 C",#6E4146,33,20,5
"PANTONE 8542 C",#643038,27,24,6
"PANTONE 8543 C",#5B3043,26,22,-3
"PANTONE 8544 C",#613B53,30,21,-8
"PANTONE 8545 C",#603E57,31,19,-9
"PANTONE 8560 C",#7A4B3B,37,18,18
"PANTONE 8561 C",#774443,35,22,10
"PANTONE 8562 C",#723B43,32,25,6
"PANTONE 8563 C",#73433E,34,20,12
"PANTONE 8564 C",#774C49,37,18,9
"PANTONE 8565 C",#764F52,38,17,5
"PANTONE 8580 C",#986B3E,49,13,32
"PANTONE 8581 C",#865932,42,14,30
"PANTONE 8582 C",#7E522B,39,14,30
"PANTONE 8583 C",#6F441E,33,15,30
"PANTONE 8584 C",#6E4729,34,13,25
"PANTONE 8585 C",#714D32,36,12,22
"PANTONE 8600 C",#5A5654,37,1,2
"PANTONE 8601 C",#4C4542,30,2,3
"PANTONE 8602 C",#3B3B3E,25,1,-2
"PANTONE 8603 C",#2B303C,20,1,-8
"PANTONE 8604 C",#2F3A49,24,0,-11
"PANTONE 8605 C",#334454,28,-2,-12
"PANTONE 8620 C",#765C40,41,7,20
"PANTONE 8621 C",#634B39,34,7,15
"PANTONE 8622 C",#514232,29,4,12
"PANTONE 8623 C",#423A32,25,2,6
"PANTONE 8624 C",#423D36,26,1,5
"PANTONE 8625 C",#46413C,28,1,4
"PANTONE 8640 C",#A17B30,54,7,45
"PANTONE 8641 C",#AD8525,58,6,54
"PANTONE 8642 C",#B08811,59,5,61
"PANTONE 8643 C",#B28806,59,6,63
"PANTONE 8644 C",#B0901C,61,1,60
"PANTONE 8645 C",#AA922D,61,-2,54
"PANTONE 8660 C",#937933,52,2,41
"PANTONE 8661 C",#8C7C21,52,-4,49
"PANTONE 8662 C",#8B801D,53,-7,51
"PANTONE 8663 C",#858616,54,-13,54
"PANTONE 8664 C",#8B8E28,57,-14,51
"PANTONE 8665 C",#8A913A,58,-15,44
"PANTONE 8680 C",#7C723D,48,-4,31
"PANTONE 8681 C",#7C7A34,50,-9,38
"PANTONE 8682 C",#71802F,51,-18,41
"PANTONE 8683 C",#678628,52,-26,45
"PANTONE 8684 C",#648635,52,-26,39
"PANTONE 8685 C",#658C42,54,-27,35
"PANTONE 8700 C",#73744E,48,-7,21
"PANTONE 8701 C",#697841,48,-15,28
"PANTONE 8702 C",#5D7E42,49,-23,29
"PANTONE 8703 C",#477F3F,48,-32,29
"PANTONE 8704 C",#4A874F,51,-32,24
"PANTONE 8705 C",#4E8C5B,53,-31,20
"PANTONE 871 C",#867550,50,1,23
"PANTONE 872 C",#87724E,49,3,23
"PANTONE 8720 C",#4E6D56,43,-16,9
"PANTONE 8721 C",#557557,46,-18,13
"PANTONE 8722 C",#3B7355,44,-26,11
"PANTONE 8723 C",#1E8160,48,-36,10
"PANTONE 8724 C",#29886E,51,-34,6
"PANTONE 8725 C",#2D8D78,53,-33,3
"PANTONE 873 C",#896D4B,48,6,23
"PANTONE 874 C",#8D6F4E,49,7,23
"PANTONE 8740 C",#42685F,41,-16,1
"PANTONE 8741 C",#2B6955,40,-25,5
"PANTONE 8742 C",#2C6B60,41,-23,0
"PANTONE 8743 C",#006B69,40,-28,-7
"PANTONE 8744 C",#007277,43,-27,-11
"PANTONE 8745 C",#007781,45,-26,-14
"PANTONE 875 C",#89664F,46,11,18
"PANTONE 876 C",#8D644E,46,14,19
"PANTONE 8760 C",#196362,38,-22,-6
"PANTONE 8761 C",#005F69,36,-22,-13
"PANTONE 8762 C",#1D5D67,36,-16,-12
"PANTONE 8763 C",#00546C,32,-16,-21
"PANTONE 8764 C",#00607D,37,-16,-24
"PANTONE 8765 C",#006787,40,-15,-25
"PANTONE 877 C",#8A8F91,59,-1,-2
"PANTONE 8780 C",#363B5F,26,8,-22
"PANTONE 8781 C",#31435E,28,1,-18
"PANTONE 8782 C",#213872,25,12,-36
"PANTONE 8783 C",#00376D,23,6,-36
"PANTONE 8784 C",#07467C,29,4,-36
"PANTONE 8785 C",#0F4F88,33,3,-37
"PANTONE 8800 C",#563759,28,20,-15
"PANTONE 8801 C",#4E3961,28,18,-20
"PANTONE 8802 C",#3E2D64,23,22,-30
"PANTONE 8803 C",#492C62,24,25,-27
"PANTONE 8804 C",#4D376F,28,23,-29
"PANTONE 8805 C",#4F3F7A,31,21,-31
"PANTONE 8820 C",#873F5D,37,34,-3
"PANTONE 8821 C",#81305D,33,40,-9
"PANTONE 8822 C",#693766,31,30,-18
"PANTONE 8823 C",#5D2864,26,34,-25
"PANTONE 8824 C",#623777,31,31,-29
"PANTONE 8825 C",#603A80,32,31,-33
"PANTONE 8840 C",#903E56,38,37,3
"PANTONE 8841 C",#8E3055,35,43,-1
"PANTONE 8842 C",#8D225A,33,49,-7
"PANTONE 8843 C",#7F1E5F,30,47,-15
"PANTONE 8844 C",#802C6E,33,44,-20
"PANTONE 8845 C",#7B3A76,35,37,-22
"PANTONE 8860 C",#974541,40,34,19
"PANTONE 8861 C",#933E48,38,37,12
"PANTONE 8862 C",#962F48,36,45,9
"PANTONE 8863 C",#97203F,34,50,12
"PANTONE 8864 C",#922B51,35,46,2
"PANTONE 8865 C",#8F385F,37,41,-4
"PANTONE 8880 C",#954F4E,42,29,14
"PANTONE 8881 C",#9C4454,41,38,9
"PANTONE 8882 C",#A8375E,41,49,3
"PANTONE 8883 C",#AC3741,41,48,21
"PANTONE 8884 C",#A43E4C,41,43,14
"PANTONE 8885 C",#A14556,42,40,9
"PANTONE 8900 C",#A6533A,45,32,30
"PANTONE 8901 C",#BA513E,48,41,32
"PANTONE 8902 C",#B8524F,48,41,22
"PANTONE 8903 C",#BE474A,47,48,24
"PANTONE 8904 C",#BC4E58,48,45,17
"PANTONE 8905 C",#B6535C,48,41,14
"PANTONE 8920 C",#A35D42,47,26,28
"PANTONE 8921 C",#B45329,47,37,42
"PANTONE 8922 C",#B94F0F,47,40,53
"PANTONE 8923 C",#BC4C22,47,43,46
"PANTONE 8924 C",#B8502D,47,40,40
"PANTONE 8925 C",#B15438,47,36,34
"PANTONE 8940 C",#A8642E,49,23,41
"PANTONE 8941 C",#AC5E1D,48,27,48
"PANTONE 8942 C",#B3590C,48,32,54
"PANTONE 8943 C",#BF5A05,50,37,58
"PANTONE 8944 C",#BA5E16,50,33,53
"PANTONE 8945 C",#B3612D,50,29,43
"PANTONE 8960 C",#A17030,51,13,42
"PANTONE 8961 C",#AA671F,50,21,49
"PANTONE 8962 C",#B16C06,52,21,58
"PANTONE 8963 C",#B86305,51,29,58
"PANTONE 8964 C",#B26720,51,25,50
"PANTONE 8965 C",#AD6D31,52,20,43
"PANTONE 901 C",#00AAD9,64,-25,-35
"PANTONE 902 C",#98E975,85,-45,48
"PANTONE 9020 C",#EFEDC8,93,-5,18
"PANTONE 9021 C",#F1E9E7,93,2,2
"PANTONE 9022 C",#EDE6EA,92,3,-1
"PANTONE 9023 C",#E9E4EB,91,3,-3
"PANTONE 903 C",#FFF270,95,-8,64
"PANTONE 904 C",#FFCD8C,86,12,40
"PANTONE 9040 C",#DAEBEF,92,-5,-4
"PANTONE 9041 C",#DFEBE6,92,-5,1
"PANTONE 9042 C",#E3EAE6,92,-3,1
"PANTONE 9043 C",#E6E6DF,91,-1,3
"PANTONE 9044 C",#C5E3E2,88,-10,-3
"PANTONE 9045 C",#C7DFDD,87,-8,-2
"PANTONE 905 C",#FE9EA8,75,37,10
"PANTONE 906 C",#FC7FD6,70,58,-23
"PANTONE 9060 C",#F1EFD9,94,-3,11
"PANTONE 9061 C",#F1E9EB,93,3,0
"PANTONE 9062 C",#E3EDEB,93,-4,0
"PANTONE 9063 C",#E7F0EA,94,-4,2
"PANTONE 9064 C",#F1F2E1,95,-3,8
"PANTONE 907 C",#EE6DDA,65,63,-33
"PANTONE 908 C",#00B0DC,66,-27,-34
"PANTONE 9080 C",#E3E3DD,90,-1,3
"PANTONE 9081 C",#E0DCD5,88,0,4
"PANTONE 9082 C",#D0CCC3,82,0,5
"PANTONE 9083 C",#CBC9C0,81,-1,5
"PANTONE 9084 C",#ACA89F,69,0,5
"PANTONE 909 C",#B0ED8E,88,-36,40
"PANTONE 910 C",#FFF28E,95,-7,50
"PANTONE 9100 C",#E7E9E2,92,-2,3
"PANTONE 9101 C",#E1E3DD,90,-2,3
"PANTONE 9102 C",#D8DBD6,87,-2,2
"PANTONE 9103 C",#D5D8D3,86,-2,2
"PANTONE 911 C",#FFD9A5,89,7,31
"PANTONE 912 C",#FFADB8,79,32,7
"PANTONE 9120 C",#F6F0BA,94,-6,27
"PANTONE 9121 C",#F7F0B2,94,-7,31
"PANTONE 9122 C",#E9E4BA,90,-5,21
"PANTONE 9123 C",#DED8B9,86,-3,16
"PANTONE 913 C",#FA94DC,74,48,-20
"PANTONE 914 C",#F184E1,70,54,-29
"PANTONE 9140 C",#F5EECD,94,-3,17
"PANTONE 9141 C",#F6EFC5,94,-4,21
"PANTONE 9142 C",#E8E3C6,90,-3,15
"PANTONE 9143 C",#E7E0C5,89,-2,14
"PANTONE 915 C",#00BDE4,70,-31,-32
"PANTONE 916 C",#BEEDA5,89,-28,30
"PANTONE 9160 C",#F5E4BF,91,0,20
"PANTONE 9161 C",#EBDBBB,88,0,18
"PANTONE 9162 C",#E4D9C3,87,0,12
"PANTONE 9163 C",#D8CEB8,83,0,12
"PANTONE 917 C",#FDF3A5,95,-8,39
"PANTONE 918 C",#FFE0B6,91,6,25
"PANTONE 9180 C",#F6E6CF,92,2,13
"PANTONE 9181 C",#F5E3C9,91,2,15
"PANTONE 9182 C",#ECDECB,89,2,11
"PANTONE 9183 C",#E6D8C7,87,2,10
"PANTONE 9184 C",#EEE4D0,91,0,11
"PANTONE 9185 C",#EDE1CF,90,1,10
"PANTONE 9186 C",#DFD2C3,85,2,9
"PANTONE 919 C",#FFC1C9,84,24,5
"PANTONE 920 C",#FCAEE3,80,36,-15
"PANTONE 9200 C",#F7E2CF,91,4,12
"PANTONE 9201 C",#F5E2CD,91,3,13
"PANTONE 9202 C",#EDDDCD,89,3,10
"PANTONE 9203 C",#E5D5C4,86,3,10
"PANTONE 921 C",#F3A4E6,77,39,-21
"PANTONE 922 C",#00C1A6,70,-47,2
"PANTONE 9220 C",#F3DFCE,90,4,11
"PANTONE 9221 C",#ECD6C5,87,5,11
"PANTONE 9222 C",#E7D3C8,86,5,8
"PANTONE 9223 C",#E0D2C7,85,3,7
"PANTONE 9224 C",#F3EADE,93,1,7
"PANTONE 9225 C",#F1E7D9,92,1,8
"PANTONE 9226 C",#ECE4DA,91,1,6
"PANTONE 923 C",#F5F06C,93,-15,63
"PANTONE 924 C",#FFE676,92,-2,58
"PANTONE 9240 C",#F3E5E1,92,4,4
"PANTONE 9241 C",#EDDCD8,89,5,4
"PANTONE 9242 C",#E9D6CF,87,5,6
"PANTONE 9243 C",#DFCEC8,84,5,5
"PANTONE 9244 C",#F2E9E3,93,2,4
"PANTONE 925 C",#FFAC94,78,28,25
"PANTONE 926 C",#FE87BC,71,51,-7
"PANTONE 9260 C",#F3DEDB,90,7,4
"PANTONE 9261 C",#EFD7D5,88,8,4
"PANTONE 9262 C",#E8D6D4,87,6,3
"PANTONE 9263 C",#E4D0CB,85,6,5
"PANTONE 927 C",#F97BDA,69,60,-27
"PANTONE 928 C",#8B7CDB,57,28,-47
"PANTONE 9280 C",#F3E1E2,91,6,2
"PANTONE 9281 C",#F2DEDF,90,7,2
"PANTONE 9282 C",#EFDBDC,89,7,2
"PANTONE 9283 C",#E8D9D9,88,5,2
"PANTONE 9284 C",#F8C8CF,85,18,3
"PANTONE 9285 C",#EFEAE5,93,1,3
"PANTONE 9286 C",#F7E0E0,91,8,3
"PANTONE 929 C",#1FC9B0,73,-46,1
"PANTONE 930 C",#F6F289,94,-13,51
"PANTONE 9300 C",#F4DDE3,90,9,0
"PANTONE 9301 C",#ECDBE2,89,7,-1
"PANTONE 9302 C",#E8CED5,85,10,0
"PANTONE 9303 C",#E7D2D7,86,8,0
"PANTONE 931 C",#FFE987,93,-2,51
"PANTONE 932 C",#FFBBA6,82,23,21
"PANTONE 9320 C",#F0DEE8,90,8,-3
"PANTONE 9321 C",#E9D4E0,87,9,-3
"PANTONE 9322 C",#E7D1DF,86,10,-4
"PANTONE 9323 C",#E0CCD7,84,9,-3
"PANTONE 9324 C",#EFC9E6,85,18,-9
"PANTONE 933 C",#FF9ECB,76,42,-8
"PANTONE 934 C",#F890E0,73,50,-24
"PANTONE 9340 C",#E5DDE9,89,5,-5
"PANTONE 9341 C",#DED7E5,87,5,-6
"PANTONE 9342 C",#DCD4E2,86,5,-6
"PANTONE 9343 C",#DCD0E2,85,7,-7
"PANTONE 9344 C",#CDB8E6,78,16,-20
"PANTONE 9345 C",#EDEAEB,93,1,0
"PANTONE 935 C",#A094E0,65,21,-37
"PANTONE 936 C",#69D6C6,79,-35,-2
"PANTONE 9360 C",#DAD8EB,87,4,-9
"PANTONE 9361 C",#DBD4E8,86,6,-9
"PANTONE 9362 C",#D9D5E4,86,4,-7
"PANTONE 9363 C",#D0C9DD,82,6,-9
"PANTONE 937 C",#F6F5A8,95,-11,37
"PANTONE 938 C",#FFEDA8,94,-3,36
"PANTONE 9380 C",#DDE3EE,90,0,-6
"PANTONE 9381 C",#CFDBEB,87,-1,-9
"PANTONE 9382 C",#C6D2E8,84,0,-12
"PANTONE 9383 C",#CDD5E3,85,0,-8
"PANTONE 9384 C",#D7E1ED,89,-1,-7
"PANTONE 9385 C",#CCD5E1,85,-1,-7
"PANTONE 939 C",#FFCFBE,87,15,15
"PANTONE 940 C",#FEB7DE,82,31,-9
"PANTONE 9400 C",#D3E2ED,89,-3,-7
"PANTONE 9401 C",#D1E2EF,89,-3,-8
"PANTONE 9402 C",#D2E2E9,89,-4,-5
"PANTONE 9403 C",#C9D9E6,86,-3,-8
"PANTONE 941 C",#F7ABE8,79,37,-19
"PANTONE 942 C",#B9AFE7,74,15,-27
"PANTONE 9420 C",#CFE2EE,89,-4,-8
"PANTONE 9421 C",#CBE0EA,88,-5,-7
"PANTONE 9422 C",#C7DAE6,86,-4,-8
"PANTONE 9423 C",#BCD2DD,83,-5,-8
"PANTONE 9424 C",#BFE3E8,88,-11,-6
"PANTONE 9440 C",#BBE0EA,87,-10,-9
"PANTONE 9441 C",#BAE0EC,87,-10,-10
"PANTONE 9442 C",#B8DDE8,86,-10,-9
"PANTONE 9443 C",#B6D7E0,84,-9,-8
"PANTONE 9460 C",#D2EDF1,92,-8,-5
"PANTONE 9461 C",#B9E1E7,87,-12,-7
"PANTONE 9462 C",#B3DCE1,85,-12,-7
"PANTONE 9463 C",#B9DADF,85,-10,-6
"PANTONE 9464 C",#96DDED,84,-18,-15
"PANTONE 9480 C",#C4EAEA,90,-12,-4
"PANTONE 9481 C",#C3EAEB,90,-12,-5
"PANTONE 9482 C",#BFE3E8,88,-11,-6
"PANTONE 9483 C",#C2DCDA,86,-9,-2
"PANTONE 9500 C",#B9E8E8,89,-15,-5
"PANTONE 9501 C",#B6DFDC,86,-14,-3
"PANTONE 9502 C",#C8E2E0,88,-9,-2
"PANTONE 9503 C",#C8DFDB,87,-8,-1
"PANTONE 9504 C",#C2D9D8,85,-8,-2
"PANTONE 9520 C",#D7F1E9,93,-10,1
"PANTONE 9521 C",#D2E7E2,90,-8,0
"PANTONE 9522 C",#D5E6E0,90,-7,1
"PANTONE 9523 C",#D4E3DD,89,-6,1
"PANTONE 9524 C",#AEECDF,89,-22,0
"PANTONE 9525 C",#E7F0E6,94,-5,4
"PANTONE 9540 C",#DDEFE5,93,-8,3
"PANTONE 9541 C",#DDEBE4,92,-6,2
"PANTONE 9542 C",#CDDBCD,86,-7,5
"PANTONE 9543 C",#C6D6C8,84,-8,5
"PANTONE 9544 C",#E7F1DC,94,-7,9
"PANTONE 9560 C",#E1EFDD,93,-8,7
"PANTONE 9561 C",#D7E7D3,90,-9,8
"PANTONE 9562 C",#D8E3D0,89,-7,8
"PANTONE 9563 C",#D4DDCC,87,-6,7
"PANTONE 9580 C",#E5EFCE,93,-9,15
"PANTONE 9581 C",#E2E8D0,91,-6,11
"PANTONE 9582 C",#D9DCC9,87,-4,9
"PANTONE 9583 C",#CFD4BD,84,-6,11
"PANTONE 9584 C",#DCE2CC,89,-6,10
"PANTONE 9585 C",#D8DCC7,87,-5,10
"PANTONE 9600 C",#E7EBC9,92,-7,16
"PANTONE 9601 C",#E6E7CC,91,-5,13
"PANTONE 9602 C",#DBDCBF,87,-5,14
"PANTONE 9603 C",#DAD8C2,86,-3,11
"PANTONE Black 2 C",#322E20,19,-1,10
"PANTONE Black 3 C",#202821,15,-5,3
"PANTONE Black 4 C",#32281F,17,3,8
"PANTONE Black 5 C",#3E2C2E,20,9,2
"PANTONE Black 6 C",#0D191F,8,-3,-6
"PANTONE Black 7 C",#3E3B35,25,0,4
"PANTONE Black C",#2D2927,17,1,2
"PANTONE Blue 072 C",#00159E,17,46,-77
"PANTONE Bright Red C",#FB3C22,56,70,58
"PANTONE Cool Gray 1 C",#D8DADA,87,-1,0
"PANTONE Cool Gray 10 C",#5F676A,43,-2,-3
"PANTONE Cool Gray 11 C",#51585C,37,-2,-3
"PANTONE Cool Gray 2 C",#D0D2D0,84,-1,1
"PANTONE Cool Gray 3 C",#C8CAC7,81,-1,1
"PANTONE Cool Gray 4 C",#BBBBBB,76,0,0
"PANTONE Cool Gray 5 C",#B1B4B3,73,-1,0
"PANTONE Cool Gray 6 C",#A5A9AC,69,-1,-2
"PANTONE Cool Gray 7 C",#95999C,63,-1,-2
"PANTONE Cool Gray 8 C",#888C8F,58,-1,-2
"PANTONE Cool Gray 9 C",#73787C,50,-1,-3
"PANTONE Dark Blue C",#002A9C,21,31,-69
"PANTONE Green C",#00AA84,62,-47,9
"PANTONE Medium Purple C",#3E0E8C,21,49,-59
"PANTONE Orange 021 C",#FF5302,60,64,70
"PANTONE Pink C",#D52E97,50,71,-18
"PANTONE Process Blue C",#0086C9,52,-12,-45
"PANTONE Purple C",#B331B8,46,67,-44
"PANTONE Red 032 C",#F33641,54,70,40
"PANTONE Reflex Blue C",#001D8A,16,34,-66
"PANTONE Rhodamine Red C",#DF1598,50,78,-18
"PANTONE Rubine Red C",#D01058,45,70,13
"PANTONE Violet C",#281399,21,49,-67
"PANTONE Warm Gray 1 C",#DAD3CD,85,1,4
"PANTONE Warm Gray 10 C",#786E64,47,2,7
"PANTONE Warm Gray 11 C",#6D6158,42,3,7
"PANTONE Warm Gray 2 C",#CAC3BA,79,1,5
"PANTONE Warm Gray 3 C",#BFB8B0,75,1,5
"PANTONE Warm Gray 4 C",#B4ADA5,71,1,5
"PANTONE Warm Gray 5 C",#ACA59D,68,1,5
"PANTONE Warm Gray 6 C",#A59C95,65,2,5
"PANTONE Warm Gray 7 C",#968C84,59,2,6
"PANTONE Warm Gray 8 C",#8D8279,55,3,6
"PANTONE Warm Gray 9 C",#82786E,51,2,7
"PANTONE Warm Red C",#FB4439,57,68,48
"PANTONE Yellow 012 C",#FFD510,87,2,86
"PANTONE Yellow C",#FFDC15,89,-1,87
